-16.56676483154297	-14.272055625915527	-2.4448506832122803	3.6105549335479736	-11.960460662841797	-9.812870979309082	-32.53689193725586	16.86859703063965	-10.906060218811035	-1.0761089324951172
-1.1205098628997803	-3.248180866241455	15.085989952087402	-13.13491153717041	-15.254337310791016	-19.539274215698242	-6.7971296310424805	-18.197574615478516	-7.761502742767334	-12.503878593444824
-12.047958374023438	10.939767837524414	-5.200582027435303	-9.595203399658203	-5.096676349639893	-9.939549446105957	-12.09569263458252	-0.6162283420562744	-5.8053483963012695	-8.602293968200684
14.08629035949707	-19.059843063354492	-7.624349594116211	-13.679835319519043	-12.770794868469238	-8.352997779846191	-1.3461370468139648	-13.347452163696289	-6.741274833679199	-5.620604038238525
-20.441179275512695	-9.490640640258789	-10.21347713470459	-15.505392074584961	11.16091251373291	-18.880285263061523	-13.313776016235352	-11.980528831481934	-2.698127031326294	2.951272964477539
-11.394026756286621	12.346806526184082	-4.627762317657471	-12.523643493652344	-5.084823131561279	-16.74549102783203	-13.710436820983887	0.47563591599464417	-5.254835605621338	-10.219353675842285
-33.101043701171875	-12.127195358276367	-13.238344192504883	-16.901968002319336	13.644755363464355	-12.073405265808105	-24.562150955200195	-9.113584518432617	3.4631786346435547	1.616253137588501
-21.47351837158203	-17.27928352355957	-8.222577095031738	-1.9269393682479858	-2.3458194732666016	-8.185623168945312	-26.558685302734375	-18.173486709594727	-2.2599129676818848	11.117884635925293
-15.23949909210205	-18.338769912719727	-20.41547203063965	-23.03825569152832	-23.737089157104492	11.836859703063965	4.376641750335693	-14.020092010498047	-5.985151767730713	-4.804371356964111
-24.055673599243164	-27.1461124420166	-20.88121795654297	-8.986015319824219	2.2973976135253906	-11.457915306091309	-26.899860382080078	0.6471126079559326	-1.3911761045455933	15.16335391998291
15.570940017700195	-14.867544174194336	-5.458267688751221	-12.076559066772461	-22.73796272277832	-6.434961318969727	-9.394597053527832	-4.837447643280029	-8.878860473632812	-4.250711441040039
-5.584967136383057	-23.861196517944336	-11.018791198730469	-13.110837936401367	-15.7507963180542	-1.9323325157165527	20.621124267578125	-24.122264862060547	0.9073117971420288	-13.045527458190918
-21.364227294921875	-18.902814865112305	-21.35015106201172	-2.9407498836517334	2.1433346271514893	-10.747909545898438	-26.164052963256836	-5.022914409637451	-2.1161282062530518	15.233489036560059
18.101016998291016	-17.179595947265625	-16.089256286621094	-13.148421287536621	-15.807641983032227	-5.73368501663208	-8.911441802978516	-4.549999713897705	-6.624032974243164	-2.8608005046844482
-16.681194305419922	12.696427345275879	-11.716058731079102	-5.41019344329834	-6.691086292266846	-10.8844633102417	-13.828755378723145	-5.8784356117248535	-5.994518756866455	-8.283029556274414
-17.113418579101562	-10.035629272460938	-10.331395149230957	-1.8055670261383057	-22.924474716186523	15.442038536071777	-15.888218879699707	-8.997095108032227	-12.634373664855957	-10.12787914276123
-16.024513244628906	-21.992599487304688	-16.56476402282715	-8.11034107208252	-2.74690318107605	-14.001769065856934	-23.663908004760742	-3.710310935974121	-1.841664433479309	17.437694549560547
-17.47402572631836	-21.414335250854492	1.1380958557128906	7.197409629821777	-18.322690963745117	-12.175812721252441	-30.257919311523438	19.512901306152344	-13.264710426330566	-3.7506027221679688
-16.241165161132812	-21.1722469329834	-6.06864595413208	3.9637436866760254	-21.1136531829834	0.19983622431755066	-30.217857360839844	-13.609813690185547	-7.402878284454346	-9.286534309387207
-26.285343170166016	-9.718940734863281	-11.278468132019043	-6.2382307052612305	14.19908332824707	-10.155914306640625	-23.70616912841797	-0.25048503279685974	-5.714943885803223	-4.561577796936035
-20.794784545898438	-14.359641075134277	-18.984310150146484	-5.00333309173584	1.8307678699493408	-7.4131269454956055	-32.3559684753418	0.8521143198013306	-7.999053478240967	12.416388511657715
-7.062896251678467	-20.40153694152832	-13.868952751159668	-13.726068496704102	-11.299283027648926	9.317900657653809	16.561389923095703	-21.48391342163086	-5.173555850982666	-9.634198188781738
-12.340801239013672	-16.41804313659668	-10.523127555847168	-15.673688888549805	-9.178897857666016	-5.649789333343506	15.800313949584961	-15.409812927246094	-4.8117475509643555	-7.717294692993164
-17.971445083618164	-15.763322830200195	-21.619781494140625	-0.39059340953826904	-17.512784957885742	19.969846725463867	-5.508005619049072	-19.41830062866211	-11.039255142211914	-1.9528812170028687
-19.317066192626953	-9.476067543029785	-8.112701416015625	-11.630046844482422	8.804116249084473	-11.966082572937012	-14.94187068939209	-6.4704270362854	-3.9326562881469727	1.638507604598999
12.79925537109375	-22.429426193237305	-5.776155471801758	-16.315034866333008	-11.351075172424316	-9.3556489944458	-4.462234973907471	-13.758133888244629	-4.559359073638916	-9.184141159057617
-11.907999038696289	-10.45376968383789	-4.246347427368164	3.28934907913208	-9.457985877990723	-10.324131965637207	-33.957298278808594	16.495899200439453	-14.392277717590332	-2.0635879039764404
-27.638166427612305	-9.976341247558594	-14.271754264831543	-13.029643058776855	22.477779388427734	-17.38730812072754	-23.511932373046875	-13.61904525756836	-2.0411314964294434	-1.0601500272750854
16.33523941040039	-16.80098533630371	-10.991161346435547	-8.65890884399414	-14.778267860412598	-5.41110897064209	-15.02582836151123	-6.962673664093018	-7.663516044616699	-7.4750237464904785
-20.754499435424805	6.53087854385376	-7.002912521362305	-4.743247032165527	-6.418325901031494	-13.578156471252441	-17.381572723388672	-3.2953832149505615	-5.3199028968811035	-4.039448261260986
-22.557889938354492	-18.26185417175293	-8.080674171447754	28.125043869018555	-19.282913208007812	-10.792353630065918	-32.01847839355469	-4.940484523773193	-10.567036628723145	-1.8482544422149658
-21.462574005126953	8.081636428833008	-8.782044410705566	-8.203595161437988	-4.98126745223999	-12.136969566345215	-19.604930877685547	-0.5925736427307129	-6.676296710968018	-1.6611006259918213
-28.854724884033203	-13.694450378417969	-5.629147529602051	19.88405418395996	-15.63739013671875	-4.772394180297852	-23.854177474975586	-11.56044864654541	-10.104382514953613	-5.99515438079834
0.2716037333011627	-3.454864501953125	-0.5805382132530212	-21.859100341796875	14.585136413574219	-16.217790603637695	-6.479077339172363	-16.547929763793945	-16.907161712646484	-11.880213737487793
-17.90904426574707	-8.094738960266113	-0.666301429271698	1.843966007232666	-12.353477478027344	-16.834800720214844	-31.749460220336914	19.730030059814453	-6.833968639373779	-8.418639183044434
-21.67783546447754	-1.9710993766784668	18.903228759765625	-3.0089709758758545	-18.858308792114258	-24.331327438354492	-20.577970504760742	-5.170562267303467	-1.679625153541565	-10.370230674743652
-14.00137710571289	-6.721658229827881	9.890606880187988	2.2620859146118164	-14.605422973632812	-19.35112762451172	-32.65385055541992	16.253843307495117	-9.026039123535156	-10.386151313781738
-19.066858291625977	10.594452857971191	-10.375483512878418	-10.156305313110352	-5.923096179962158	-16.139568328857422	-17.46670150756836	0.7285463809967041	-6.792956829071045	-4.305354595184326
-2.646235227584839	1.0956950187683105	14.348701477050781	-4.263055801391602	-18.468862533569336	-21.268077850341797	-14.359673500061035	-9.089754104614258	-3.113269805908203	-16.868038177490234
-13.02192211151123	9.474238395690918	-10.408522605895996	-9.06134033203125	-3.8209421634674072	-17.12401008605957	-10.708080291748047	-4.11685037612915	-5.530128479003906	-9.062625885009766
-15.151150703430176	9.382511138916016	-6.2353901863098145	-9.493217468261719	-5.60384464263916	-11.739798545837402	-13.871880531311035	-1.0875375270843506	-5.277849197387695	-4.953754901885986
-16.451570510864258	-6.240915775299072	7.0260329246521	6.894040107727051	-10.021990776062012	-18.891338348388672	-33.24814224243164	13.739133834838867	-12.423996925354004	-8.167291641235352
-30.341720581054688	-6.345938682556152	-19.400306701660156	-11.514986991882324	11.325969696044922	-14.408028602600098	-18.283437728881836	-2.8073434829711914	-4.823859691619873	0.467948317527771
-14.26141357421875	1.2078936100006104	11.150176048278809	-2.6896181106567383	-1.6492547988891602	-16.734739303588867	-3.737706422805786	-10.675681114196777	-9.929274559020996	-17.23275375366211
-22.296409606933594	-13.90832233428955	-4.697058200836182	14.671152114868164	-8.968164443969727	-4.220551490783691	-19.033634185791016	-10.22819995880127	-9.681453704833984	-4.627532958984375
-11.470758438110352	-15.864395141601562	-17.218503952026367	-2.3404123783111572	-14.008674621582031	15.820979118347168	-2.049880266189575	-14.376139640808105	-3.3569109439849854	-7.868209362030029
-21.29155158996582	8.361847877502441	-6.791050434112549	-5.10740852355957	-6.127021312713623	-12.20543384552002	-20.153121948242188	-4.86658239364624	-2.115898609161377	-5.0742506980896
-9.134527206420898	-7.6215500831604	19.82479476928711	-2.394411087036133	-8.436054229736328	-18.689010620117188	-16.647397994995117	-13.123428344726562	-4.653875827789307	-16.527151107788086
-28.861379623413086	-10.354146003723145	-15.653584480285645	-6.740714073181152	14.117325782775879	-12.072259902954102	-23.251283645629883	-5.789709091186523	-1.8376203775405884	-2.8943235874176025
-26.33275604248047	-14.053281784057617	-15.456408500671387	-16.59491729736328	16.343599319458008	-12.218550682067871	-19.1093807220459	-11.880169868469238	-3.7699718475341797	-0.4954712390899658
-1.3489069938659668	-9.355052947998047	-8.16036605834961	-14.178169250488281	-9.62722396850586	0.06874284148216248	13.13325309753418	-23.226455688476562	-5.732753753662109	-10.2587308883667
-24.45281219482422	-16.681324005126953	-4.4127936363220215	24.938308715820312	-20.66802978515625	-5.2832865715026855	-38.81494140625	-5.164546489715576	-9.317728996276855	-19.510639190673828
-18.34674072265625	-18.80803108215332	-24.607534408569336	-2.158240556716919	-13.37474536895752	19.779897689819336	-8.538496017456055	-20.181364059448242	-9.002939224243164	1.9405311346054077
-23.607404708862305	-17.972057342529297	-18.157119750976562	-1.1975435018539429	-14.289295196533203	17.445890426635742	-17.617250442504883	-10.734883308410645	-8.109075546264648	-0.10967065393924713
-13.285579681396484	-9.543208122253418	-13.244929313659668	-10.15375804901123	-20.406084060668945	0.5497007369995117	18.87794303894043	-26.86958885192871	-5.203952312469482	-14.390229225158691
18.874319076538086	-11.198419570922852	-8.202207565307617	-21.21739959716797	-16.947526931762695	-6.051633834838867	-8.784579277038574	-11.602669715881348	-3.2827253341674805	-11.42951488494873
-31.405441284179688	-6.498270511627197	-16.035053253173828	-17.54164695739746	21.915422439575195	-13.032288551330566	-19.00267791748047	-8.802119255065918	-1.8778945207595825	-5.65764856338501
-11.494056701660156	10.050171852111816	-3.410886764526367	-8.46723747253418	-4.43777322769165	-15.80312442779541	-13.276187896728516	-0.3018730580806732	-4.876307964324951	-10.503724098205566
-23.26772117614746	-23.764497756958008	-21.655916213989258	-3.3148205280303955	3.786787509918213	-11.156384468078613	-24.645240783691406	-5.97974157333374	-6.402993202209473	18.58572769165039
-17.695646286010742	-13.496984481811523	-22.66898536682129	-6.857720375061035	-13.162837982177734	11.883851051330566	-12.359721183776855	-4.059139728546143	-7.292522430419922	2.5869946479797363
-17.94890594482422	-16.60001564025879	-2.3737592697143555	6.801951885223389	-18.978721618652344	-5.340893745422363	-38.8902473449707	17.286819458007812	-13.810285568237305	-4.181327819824219
-21.13128662109375	-22.957719802856445	1.1722536087036133	-4.910831451416016	-17.445476531982422	-8.016845703125	-14.166172981262207	-21.014720916748047	13.41451358795166	-1.777355670928955
-19.525043487548828	-15.819713592529297	-16.822755813598633	-6.968595027923584	-9.789688110351562	1.0411121845245361	-11.95743465423584	-1.5268278121948242	-2.9671428203582764	7.383179664611816
-21.668437957763672	-10.218274116516113	-2.165769577026367	19.71030044555664	-16.087892532348633	-16.77877426147461	-30.577892303466797	-11.137571334838867	0.645577073097229	-10.37851619720459
-31.36463165283203	-18.3359375	-1.4506237506866455	1.5759398937225342	-5.7217936515808105	-13.098078727722168	-37.30795669555664	19.919776916503906	-9.301560401916504	-14.870284080505371
-24.11526870727539	-7.214786052703857	-12.4440336227417	-2.458159923553467	10.503506660461426	-5.857888221740723	-24.211030960083008	-4.871894836425781	-5.558196067810059	0.39346790313720703
-5.844730854034424	-9.25768756866455	-10.891831398010254	-9.73049545288086	-12.235098838806152	-8.36352252960205	10.758090019226074	-15.893719673156738	-3.0549416542053223	-6.938578128814697
-22.13580894470215	-5.1514153480529785	-18.01906967163086	-13.891698837280273	11.609419822692871	-10.993877410888672	-18.040876388549805	-9.261015892028809	-4.070364952087402	4.148460865020752
-28.880922317504883	-12.86355972290039	-10.432552337646484	27.794984817504883	-18.63528823852539	-7.901826858520508	-36.9382209777832	-7.687156677246094	-6.2794623374938965	-6.431023597717285
13.497596740722656	-18.276914596557617	-9.674591064453125	-13.314470291137695	-18.599489212036133	-7.329888343811035	-6.080317497253418	-14.117989540100098	-9.62239933013916	-3.0951719284057617
-16.181419372558594	-20.864397048950195	1.1723153591156006	6.722391128540039	-19.362577438354492	-11.851418495178223	-31.43531036376953	20.010709762573242	-15.044240951538086	-5.15534782409668
20.26803207397461	-14.977331161499023	-8.439349174499512	-15.022113800048828	-17.759714126586914	-8.158228874206543	-6.483685493469238	-10.085636138916016	-8.052462577819824	-7.295373916625977
-8.538114547729492	-11.082578659057617	19.080812454223633	0.6982418298721313	-23.34604835510254	-27.089963912963867	-25.95116424560547	-2.981767416000366	-10.731345176696777	-9.300143241882324
-16.05286979675293	-11.324098587036133	-8.625536918640137	-8.1571044921875	-3.5525166988372803	-17.269657135009766	-25.267366409301758	0.5018799304962158	0.5199382305145264	11.518176078796387
-16.700809478759766	10.290526390075684	-12.602784156799316	-12.104413986206055	-3.066305160522461	-14.606510162353516	-13.414125442504883	-1.094081163406372	-6.818454265594482	-5.650875091552734
-35.127777099609375	-7.265035152435303	-9.449872016906738	6.16767692565918	-2.519303321838379	-17.946510314941406	-38.293819427490234	20.017446517944336	-11.3010892868042	-1.4295381307601929
-24.40254783630371	-10.671409606933594	-8.284138679504395	19.505409240722656	-13.55029582977295	-3.1515586376190186	-22.214080810546875	-7.423593521118164	-9.9706392288208	-4.183281898498535
-8.481517791748047	-11.635592460632324	15.478128433227539	-1.3147703409194946	-17.01323699951172	-20.33658790588379	-25.215578079223633	-1.181681513786316	-5.779534339904785	-3.8285374641418457
-15.396086692810059	-11.774955749511719	-12.500850677490234	-7.813350677490234	1.1155413389205933	-13.770064353942871	-20.571882247924805	-5.166304588317871	0.8469394445419312	7.333305358886719
-14.852191925048828	-16.160093307495117	-0.7987996935844421	1.1469016075134277	-9.966766357421875	-13.029698371887207	-32.70753860473633	14.304526329040527	-11.655000686645508	-3.0715880393981934
-13.462681770324707	-10.48797607421875	-19.39992904663086	-6.740246772766113	-7.183711051940918	-6.105501174926758	-28.826845169067383	11.23114013671875	-5.777238368988037	3.0873777866363525
-3.8803768157958984	-14.973188400268555	-10.473115921020508	-12.645467758178711	-18.11039924621582	-1.4317266941070557	10.758222579956055	-15.392695426940918	-2.3036370277404785	-5.8636651039123535
-25.111156463623047	-6.752066135406494	25.003835678100586	-0.272281676530838	-20.440855026245117	-26.230506896972656	-27.665773391723633	-0.5651726722717285	-6.0849714279174805	-13.1795015335083
-12.263093948364258	-8.760231971740723	-9.5139741897583	-1.5694410800933838	-9.438082695007324	-8.941296577453613	-30.335731506347656	15.48922348022461	-9.770313262939453	2.2889437675476074
-21.89409065246582	-23.282297134399414	-15.835694313049316	-4.254263401031494	-11.46690559387207	-4.9027228355407715	-3.4132606983184814	-18.507442474365234	14.865737915039062	-9.278904914855957
-32.6004524230957	-3.483468770980835	-17.210241317749023	-8.348799705505371	18.182842254638672	-9.944998741149902	-24.491785049438477	-5.0320024490356445	-3.542240619659424	-7.664603233337402
-16.595340728759766	-6.611198902130127	-5.80111837387085	-1.1106581687927246	-12.287890434265137	-16.530208587646484	-33.9452018737793	16.23126983642578	-5.2958292961120605	1.146409034729004
-26.78310203552246	-15.770560264587402	0.20163753628730774	16.080078125	-7.105677127838135	-11.02367115020752	-20.743553161621094	-0.049088094383478165	-10.743452072143555	-10.396843910217285
-12.45627212524414	-15.697040557861328	-4.681949138641357	-12.817978858947754	-7.263171672821045	-7.01217794418335	15.543465614318848	-15.635669708251953	-3.20469069480896	-18.867170333862305
-10.560152053833008	5.985369682312012	-5.553701400756836	-6.833373069763184	-6.22955846786499	-11.775404930114746	-6.328440189361572	-5.194427967071533	-3.88564133644104	-9.402552604675293
-19.241323471069336	-19.060253143310547	-6.062026500701904	27.589052200317383	-22.624618530273438	-4.003006935119629	-31.875614166259766	-10.79686164855957	-10.02793025970459	-6.284658908843994
-10.258463859558105	-20.773128509521484	-9.832786560058594	-7.121522426605225	-6.742995262145996	1.3549189567565918	17.597322463989258	-28.71590805053711	-2.516752243041992	-11.01438045501709
-15.741363525390625	-6.320796012878418	-15.337812423706055	-4.195423126220703	-0.0843334048986435	-7.875568389892578	-13.18199348449707	-6.472127914428711	-0.2008943259716034	5.873344421386719
-17.432022094726562	-10.215595245361328	-8.592843055725098	21.211820602416992	-15.217090606689453	-7.074338912963867	-36.9752197265625	-7.824575424194336	-7.723480701446533	0.808891236782074
-14.051362991333008	9.496235847473145	-6.060168743133545	-12.346410751342773	-5.211183071136475	-13.470661163330078	-11.592723846435547	-9.660245895385742	-2.578392267227173	-6.330299377441406
-16.685388565063477	-16.511201858520508	-17.03626823425293	-12.638580322265625	8.072848320007324	-15.060929298400879	-6.688548564910889	-11.966190338134766	0.2195516675710678	-2.055936574935913
-23.019567489624023	5.007563591003418	-7.763144016265869	-4.716411590576172	-4.251573085784912	-8.84521770477295	-24.449256896972656	-0.7691379189491272	-7.89832067489624	0.5335047841072083
-29.47614288330078	-13.965396881103516	-2.0543324947357178	-1.3752202987670898	-5.0410566329956055	-26.545793533325195	-30.179903030395508	15.44593620300293	2.5615646839141846	-13.69107723236084
1.6286213397979736	-18.291460037231445	-5.421365737915039	-19.02950096130371	-22.384885787963867	1.6119310855865479	11.44223403930664	-22.835906982421875	-2.453723192214966	-11.952437400817871
-16.8415470123291	-25.571453094482422	-16.08698844909668	-5.258220672607422	-1.6753454208374023	-13.848998069763184	-26.568843841552734	-7.855201244354248	-4.617274761199951	18.501556396484375
-7.0794901847839355	-15.129233360290527	-8.831889152526855	-12.793184280395508	-11.356188774108887	0.9916324615478516	15.877534866333008	-17.300249099731445	0.3310381770133972	-16.39810562133789
19.203969955444336	-19.749547958374023	-12.150115013122559	-11.271082878112793	-22.21632194519043	-3.584474802017212	-5.212745189666748	-6.932952404022217	-5.9659199714660645	-3.0884032249450684
-21.02059555053711	-25.511760711669922	-18.433269500732422	-1.3876256942749023	-25.960084915161133	21.69310188293457	-25.358154296875	-13.121450424194336	-8.559834480285645	2.319805383682251
-27.565353393554688	-3.4080026149749756	-10.731473922729492	-14.28149127960205	18.00265884399414	-13.205519676208496	-25.988000869750977	-5.266409397125244	-1.9495450258255005	-10.669175148010254
-31.55017852783203	-28.674848556518555	-19.952369689941406	-1.5962388515472412	-8.13347053527832	0.04953309893608093	-23.301902770996094	-13.103458404541016	-1.2756123542785645	13.109200477600098
-26.220800399780273	-24.144575119018555	-17.341903686523438	-5.209946632385254	-3.9150967597961426	-10.79757022857666	-27.81597137451172	-8.117639541625977	3.3671951293945312	17.828136444091797
-11.484275817871094	-17.520830154418945	19.263931274414062	-4.263700485229492	-20.861783981323242	-22.303953170776367	-19.610021591186523	-4.536430835723877	-2.3434600830078125	-11.74869441986084
-5.182708740234375	9.038297653198242	-4.19244384765625	-13.266316413879395	-7.568434238433838	-9.70464038848877	-3.2245612144470215	-9.654806137084961	-5.786201477050781	-11.188700675964355
-29.001874923706055	-18.826486587524414	-18.9100341796875	-5.847546577453613	0.3440646231174469	-7.235976696014404	-38.456661224365234	-0.5241355895996094	-6.016598224639893	17.77611541748047
-23.16484832763672	-10.792669296264648	-12.01067066192627	-12.001200675964355	15.333526611328125	-21.9974365234375	-12.714507102966309	-6.731115341186523	-3.925528049468994	-2.9592647552490234
-14.02713394165039	-18.15962028503418	-4.286440372467041	-1.713440179824829	-15.031068801879883	-5.3353352546691895	-6.042575359344482	-30.163854598999023	15.485798835754395	-6.1880903244018555
-9.962577819824219	1.9050161838531494	-0.9227249026298523	-2.9611222743988037	-14.309131622314453	-26.3372859954834	-32.46951675415039	11.736488342285156	-4.374539375305176	-1.473132848739624
-23.624820709228516	-12.783044815063477	-7.90561056137085	16.909597396850586	-14.195987701416016	-9.181583404541016	-20.58102798461914	-8.234434127807617	-7.144725322723389	-3.011353015899658
-22.464031219482422	-21.955713272094727	-16.005313873291016	-0.6061834096908569	-6.673426628112793	-13.632685661315918	-30.7506046295166	-5.398387908935547	0.08632373064756393	16.779861450195312
-24.266246795654297	-13.579999923706055	-0.06495138257741928	3.9905269145965576	-6.860595226287842	-18.3504638671875	-31.64142417907715	16.537185668945312	-7.954839706420898	-1.8353540897369385
-21.560476303100586	-7.782932281494141	-18.097688674926758	-7.626216888427734	4.317742347717285	-11.64206600189209	-10.830767631530762	-10.190149307250977	-3.57051944732666	6.382807731628418
-28.49654197692871	-7.906653881072998	-15.180484771728516	-7.410575866699219	13.073220252990723	-16.202619552612305	-19.77983856201172	-8.759767532348633	-0.7996631860733032	-0.007080805487930775
-31.985828399658203	-4.817101001739502	-13.837879180908203	-8.762838363647461	17.747142791748047	-13.284600257873535	-20.755435943603516	-7.65212869644165	-3.9429454803466797	-4.92494010925293
-15.616758346557617	-13.525135040283203	-13.848954200744629	-4.31137228012085	-2.97477388381958	-12.277029037475586	-19.537158966064453	-3.9752871990203857	-2.343932628631592	11.59814167022705
-13.07455062866211	-13.840476989746094	10.613995552062988	-1.0652858018875122	-17.366504669189453	-19.381336212158203	-17.554170608520508	2.5703718662261963	2.9822304248809814	-10.833462715148926
-27.747474670410156	-18.8203182220459	-18.639875411987305	-1.4052931070327759	-23.07944107055664	22.74386978149414	-23.76184844970703	-18.66136360168457	-8.730835914611816	1.6875684261322021
-13.253753662109375	-13.965252876281738	-13.96894359588623	-14.81091022491455	12.434938430786133	-14.679252624511719	-8.06554126739502	-7.440859794616699	0.41308367252349854	-1.8404780626296997
-17.62924575805664	-9.753331184387207	0.5929937958717346	1.9037302732467651	-13.92612075805664	-11.99355411529541	-35.66340637207031	14.032821655273438	-8.898051261901855	-1.5878410339355469
-7.3143510818481445	-8.550586700439453	-6.705280303955078	-11.006185531616211	-8.93753433227539	-7.470663070678711	14.137990951538086	-18.82383155822754	-2.436769485473633	-14.102643013000488
-31.890670776367188	-9.416003227233887	-15.839787483215332	-7.652717590332031	3.085752248764038	-9.6097993850708	-33.717002868652344	16.02948760986328	-4.6241021156311035	-3.8827013969421387
-15.951438903808594	-13.139806747436523	-7.836535930633545	-4.66298770904541	-3.0033442974090576	-12.105582237243652	-21.74506378173828	-13.263908386230469	-4.9922709465026855	11.80543041229248
10.719451904296875	-10.527911186218262	-5.322072982788086	-1.9173535108566284	-23.344558715820312	-6.716749668121338	-11.731512069702148	-12.4278564453125	-11.078469276428223	-2.175642967224121
-26.550636291503906	-18.688566207885742	-30.53514289855957	-8.740771293640137	-16.310667037963867	22.6097412109375	-16.096311569213867	-21.65018081665039	-4.302502155303955	3.419633388519287
-25.64468765258789	-22.468156814575195	-11.24403190612793	-0.7181857824325562	-17.288034439086914	-8.352221488952637	-22.720314025878906	-14.039193153381348	20.609378814697266	-2.8450469970703125
-19.33363914489746	-20.355485916137695	-24.037778854370117	-9.641551971435547	-19.07071876525879	23.58066177368164	-14.020729064941406	-20.532054901123047	-8.00540828704834	1.0852429866790771
-8.266385078430176	-20.68940544128418	-10.551003456115723	-11.292003631591797	-12.213356018066406	-1.3860523700714111	16.591758728027344	-20.99144744873047	-4.6644721031188965	-6.8107171058654785
-6.528105735778809	-20.30976676940918	-8.080662727355957	-13.761011123657227	-17.116931915283203	0.6557453870773315	16.095643997192383	-26.56658172607422	0.69383305311203	-8.596391677856445
-24.840709686279297	-15.519715309143066	-18.759552001953125	-1.339109182357788	-22.84856605529785	20.700952529907227	-21.32054328918457	-26.394865036010742	-10.71333122253418	-4.040191650390625
-24.765117645263672	-16.402814865112305	-2.016664505004883	3.0748982429504395	-7.800206661224365	-19.155179977416992	-31.02792739868164	20.61632537841797	-11.415358543395996	-3.8956820964813232
-25.27350616455078	-17.699848175048828	-3.075397491455078	0.45055535435676575	-16.265657424926758	-10.506657600402832	-17.338232040405273	-19.677448272705078	17.222469329833984	-1.2424724102020264
-14.2258882522583	10.588486671447754	-11.578461647033691	-7.609715461730957	-6.034386157989502	-17.682355880737305	-10.576507568359375	-1.9655719995498657	-4.945408344268799	-9.743674278259277
15.60891342163086	-14.969493865966797	-8.13344955444336	-17.10495948791504	-21.2177791595459	-4.810860633850098	-13.04200267791748	-6.131162166595459	-1.475124478340149	-10.349435806274414
-6.655890941619873	9.558032989501953	-5.455056667327881	-12.859739303588867	-4.455877780914307	-13.70786190032959	-11.146907806396484	-7.5083088874816895	-3.179760217666626	-9.033584594726562
-10.146631240844727	-15.0523099899292	-4.601169109344482	-12.30656623840332	-7.57790994644165	-8.791682243347168	17.983386993408203	-18.74249839782715	-3.5679445266723633	-22.77275276184082
-18.54244613647461	-12.911177635192871	-15.920857429504395	-9.468582153320312	8.952035903930664	-20.483461380004883	-11.657552719116211	-5.580173969268799	-0.9071668386459351	1.2466931343078613
-1.523360252380371	-9.587198257446289	-1.871448040008545	-14.498960494995117	-9.132049560546875	-6.183507442474365	12.725198745727539	-21.75568389892578	-4.806576251983643	-10.617742538452148
-19.91815757751465	-7.234583854675293	-5.869938373565674	4.000522136688232	-12.620469093322754	-6.68157958984375	-39.802242279052734	18.216276168823242	-11.929709434509277	-2.175452470779419
-17.192928314208984	-14.892682075500488	2.912602186203003	22.865068435668945	-23.370046615600586	-11.1201753616333	-27.612716674804688	-8.46656608581543	-6.007125377655029	-1.01450514793396
-10.842087745666504	11.061893463134766	-3.6544275283813477	-12.015335083007812	-8.028902053833008	-14.586377143859863	-12.479503631591797	-2.169214963912964	-3.8390121459960938	-9.986143112182617
-32.73369598388672	-10.828531265258789	-2.549377918243408	5.560234546661377	-2.2330241203308105	-12.84579086303711	-37.98723220825195	17.80551528930664	-14.507179260253906	-4.656459808349609
-22.189287185668945	8.848931312561035	-11.696571350097656	-10.292276382446289	-2.4664700031280518	-10.587869644165039	-16.935955047607422	-3.9388387203216553	-5.637645244598389	-2.2382607460021973
-26.143569946289062	-26.50465965270996	-14.308648109436035	1.7944492101669312	-11.765555381774902	-5.02721643447876	-6.044386386871338	-22.9410400390625	17.908702850341797	-7.725405216217041
-17.044225692749023	-16.0274600982666	17.539220809936523	-7.2679853439331055	-8.555495262145996	-26.242170333862305	-19.242328643798828	-13.371713638305664	1.4174087047576904	-8.867175102233887
20.332012176513672	-12.922019958496094	-7.208325386047363	-16.88998794555664	-17.533143997192383	-8.332931518554688	-6.5288004875183105	-12.806992530822754	-5.750317573547363	-4.91847562789917
-16.585617065429688	-11.106344223022461	10.053167343139648	2.1634466648101807	-11.59610652923584	-15.3517484664917	-17.342391967773438	-13.698758125305176	-5.797970771789551	-4.023934364318848
-27.489368438720703	-22.25589942932129	-21.783775329589844	-8.646228790283203	0.16401483118534088	-6.238496780395508	-25.24477195739746	-8.856670379638672	0.9614849090576172	17.901968002319336
-21.959171295166016	-22.37709617614746	-7.286906719207764	1.6892746686935425	-7.172608852386475	-6.0753021240234375	-31.635791778564453	-21.427465438842773	2.8197429180145264	11.09414005279541
-17.174713134765625	-17.263757705688477	-26.29618263244629	-10.962160110473633	-12.279781341552734	14.989489555358887	-8.656991004943848	-11.5291748046875	-3.723320245742798	4.702264308929443
-17.9897518157959	-19.05935287475586	-16.68854522705078	-5.542059421539307	-23.13380241394043	18.212736129760742	-17.234033584594727	-20.045452117919922	-5.9544901847839355	1.5950523614883423
-16.952566146850586	10.355899810791016	-10.214040756225586	-9.131502151489258	-6.147956371307373	-13.117432594299316	-15.577482223510742	0.9955793023109436	-7.882215976715088	-3.6526968479156494
-21.92350959777832	-15.785542488098145	-22.206953048706055	-8.77529239654541	-10.16928768157959	18.625694274902344	-13.545904159545898	-19.208751678466797	-8.463001251220703	-1.2161757946014404
-14.782364845275879	-11.263797760009766	-6.31530237197876	-13.270589828491211	-6.100391864776611	-5.219168186187744	15.795639038085938	-14.41640853881836	-5.791098594665527	-22.919414520263672
16.301254272460938	-17.407482147216797	-9.857548713684082	-13.44068717956543	-23.195180892944336	-3.6541149616241455	-9.61679744720459	-5.509047508239746	-5.318256855010986	-1.7389055490493774
-7.109973430633545	-10.892643928527832	-1.671851634979248	12.834554672241211	-23.087858200073242	-6.307031631469727	-25.483726501464844	-4.82417106628418	-13.684886932373047	-6.925729751586914
-19.087827682495117	-3.442702293395996	-14.197979927062988	-11.347326278686523	10.27462100982666	-12.611581802368164	-15.75294017791748	-4.571054935455322	-6.841484546661377	3.1135077476501465
-24.82021141052246	-3.5209786891937256	-11.161564826965332	-15.701298713684082	5.525115966796875	-14.641919136047363	-5.387363910675049	-11.790417671203613	-0.6261788606643677	-6.570878028869629
-7.399570941925049	-15.666738510131836	-8.621919631958008	-14.281646728515625	-7.7169976234436035	-0.9849472045898438	17.101505279541016	-34.12547302246094	-4.645481109619141	-9.41001033782959
-23.12891387939453	-19.552188873291016	-22.803213119506836	-10.028233528137207	-23.077939987182617	27.64897346496582	-17.13974380493164	-23.148563385009766	-6.625974178314209	-3.3545289039611816
-34.06806564331055	-6.7118239402771	-16.16780662536621	-15.136697769165039	22.800437927246094	-15.090620040893555	-25.621984481811523	-7.84114933013916	-2.9472506046295166	-4.617450714111328
-13.375177383422852	-14.746631622314453	-5.141321659088135	-13.527472496032715	-5.316729545593262	-11.31882095336914	15.180160522460938	-5.987072467803955	-0.5341836214065552	-24.614227294921875
-26.881011962890625	-19.12635612487793	-24.925748825073242	0.5153017044067383	-16.346426010131836	22.08313751220703	-19.715456008911133	-15.285442352294922	-12.236285209655762	-2.74428391456604
-13.180424690246582	-9.925689697265625	-10.413264274597168	-18.48541831970215	17.552257537841797	-8.817517280578613	-11.531925201416016	-6.777700901031494	-7.801246166229248	-6.751657485961914
-16.93044090270996	-14.09002685546875	-12.795223236083984	3.781543493270874	-9.525581359863281	10.281434059143066	-12.638762474060059	-15.760658264160156	-8.356616020202637	-13.10655403137207
-17.632198333740234	11.142668724060059	-8.330880165100098	-10.693243026733398	-6.856354236602783	-13.095342636108398	-11.160720825195312	-6.288723945617676	-3.2476110458374023	-9.01530647277832
-30.654918670654297	-10.137163162231445	-10.643109321594238	-11.080723762512207	17.372053146362305	-8.88525676727295	-24.982009887695312	1.441367268562317	-9.67871379852295	-3.25177264213562
-27.938310623168945	-12.028406143188477	-15.718876838684082	-7.500257968902588	17.533159255981445	-10.747125625610352	-23.806743621826172	-9.866849899291992	-2.373230457305908	-1.9784964323043823
-12.84742259979248	-10.464750289916992	-1.0854663848876953	1.490285038948059	-10.02812671661377	-13.364411354064941	-23.54994010925293	10.270126342773438	-6.067852973937988	-5.803274154663086
-8.296675682067871	-7.74964714050293	13.876399993896484	0.3339468836784363	-29.57819175720215	-18.765546798706055	-14.142398834228516	-14.28813362121582	-1.1990810632705688	-11.992554664611816
-15.111989974975586	-18.945600509643555	-6.789628028869629	18.28493881225586	-20.585901260375977	-0.7124898433685303	-32.08500289916992	-1.8366695642471313	-10.032166481018066	-10.104358673095703
-16.502891540527344	-13.014925956726074	18.498674392700195	-0.43161505460739136	-18.292139053344727	-21.45697784423828	-19.9957218170166	-11.544395446777344	3.151331901550293	-10.325462341308594
-9.778573989868164	3.3176023960113525	-2.0527291297912598	1.1404452323913574	-10.862943649291992	-14.352856636047363	-22.553264617919922	7.535226345062256	-7.718983173370361	1.1354293823242188
-13.10781478881836	9.839641571044922	-7.387153148651123	-11.293628692626953	-4.730869770050049	-12.020694732666016	-12.559000015258789	-1.4182488918304443	-4.867190361022949	-6.006855487823486
-9.495243072509766	-22.15928077697754	-9.603063583374023	-6.30735969543457	-10.050741195678711	-9.5992431640625	-8.598736763000488	-13.881956100463867	11.853865623474121	-7.5151872634887695
-16.416194915771484	12.48965835571289	-10.879412651062012	-7.507418155670166	-6.084792613983154	-15.67676067352295	-12.413990020751953	-0.8924468755722046	-7.379386901855469	-8.10859203338623
-23.93364715576172	-16.33157730102539	2.20739483833313	-2.5572092533111572	-20.188322067260742	-12.723522186279297	-18.815858840942383	-20.089750289916992	16.316814422607422	-2.6415789127349854
-16.55327033996582	11.80626392364502	-9.219550132751465	-7.737253665924072	-5.334005832672119	-16.852903366088867	-16.0236873626709	1.0269010066986084	-7.927606105804443	-4.4197540283203125
-24.133304595947266	-16.213666915893555	-1.4833836555480957	-3.5180463790893555	-24.11037254333496	-1.0804710388183594	-10.203095436096191	-20.959163665771484	17.303279876708984	-7.662712097167969
-18.567289352416992	-9.587469100952148	-21.485841751098633	0.5050672292709351	-15.554972648620605	12.00671672821045	-6.077511787414551	-20.34192657470703	-5.281683921813965	0.5269904136657715
17.944913864135742	-15.422867774963379	-7.038894176483154	-10.271489143371582	-20.523677825927734	-11.49670124053955	-3.22690749168396	-9.164806365966797	-8.705893516540527	-3.8490898609161377
-13.402772903442383	-17.959516525268555	3.228144645690918	9.875899314880371	-24.726985931396484	-13.232754707336426	-15.97808837890625	-15.349669456481934	7.579295635223389	-9.50544548034668
-14.531492233276367	-15.597131729125977	-11.609492301940918	-10.863319396972656	-1.0365303754806519	-10.637800216674805	-8.354471206665039	-9.381057739257812	-7.964236736297607	12.234260559082031
-7.853641510009766	-3.1523377895355225	19.226112365722656	2.2429709434509277	-26.8027286529541	-23.68085289001465	-23.65546417236328	-6.343310832977295	-3.58579158782959	-19.803180694580078
-21.9434871673584	-20.865297317504883	-21.31443977355957	0.762169361114502	-18.717681884765625	19.151018142700195	-18.385950088500977	-16.92426872253418	-9.323012351989746	0.036462295800447464
22.07105255126953	-16.76850128173828	-10.689372062683105	-18.7191104888916	-21.863889694213867	-2.0304391384124756	-6.289735794067383	-11.621042251586914	-3.205728054046631	-8.911102294921875
-24.272594451904297	6.950760364532471	-9.576164245605469	-6.304618835449219	-2.394526481628418	-8.273283958435059	-16.278011322021484	-5.418753623962402	-5.084937572479248	-2.2974185943603516
-5.799468517303467	7.582015514373779	-2.8169965744018555	-9.144546508789062	-6.991325855255127	-18.643701553344727	-12.392864227294922	-6.52384614944458	-0.5349303483963013	-8.181425094604492
-23.572078704833984	6.399789333343506	-6.499558925628662	-5.254748821258545	-5.422006607055664	-8.80135440826416	-21.703155517578125	-3.8868045806884766	-6.247998237609863	-3.337310791015625
17.608566284179688	-10.200960159301758	-1.9248011112213135	-18.867414474487305	-12.30600357055664	-18.166624069213867	-4.817880153656006	-16.516557693481445	-3.7931466102600098	-5.093968391418457
-28.004501342773438	-24.810211181640625	-11.809849739074707	-4.670487403869629	-5.177590370178223	-11.290915489196777	-33.45912170410156	-4.212395668029785	7.145929336547852	13.658580780029297
16.14130973815918	-18.269296646118164	-7.524266719818115	-8.233604431152344	-21.45650291442871	-7.4641008377075195	-17.01055145263672	-2.8721766471862793	-4.728435039520264	-4.438516616821289
-24.229568481445312	-8.691228866577148	-1.6379611492156982	8.925024032592773	-10.4573392868042	-7.130190372467041	-18.122760772705078	-9.781641006469727	-6.7749104499816895	-3.5867795944213867
-11.533793449401855	8.758849143981934	-10.249545097351074	-11.201135635375977	-6.314390182495117	-15.121374130249023	-7.825138092041016	-6.4526801109313965	-4.34995698928833	-10.808591842651367
-6.261886119842529	-17.717248916625977	-9.492422103881836	-14.668169021606445	-12.04574203491211	2.9715654850006104	18.13249969482422	-27.270320892333984	-1.7347173690795898	-10.223864555358887
-25.544513702392578	-9.055498123168945	-17.262357711791992	-7.437705039978027	16.33636474609375	-16.074092864990234	-22.21416473388672	-8.587800979614258	-2.7606351375579834	0.6897943019866943
-13.589685440063477	-4.308716297149658	10.799585342407227	4.180771350860596	-22.21393394470215	-18.17845344543457	-22.77999496459961	-0.2590120732784271	2.0077133178710938	-18.072154998779297
-13.189531326293945	-19.587493896484375	-6.18034029006958	18.509090423583984	-17.69050407409668	-2.6547253131866455	-26.390087127685547	-19.670211791992188	-3.912717819213867	-6.220813751220703
-7.554329872131348	-11.623950004577637	-7.916567325592041	-8.709982872009277	-9.317099571228027	-15.521576881408691	14.694310188293457	-17.371662139892578	-1.421167016029358	-14.193337440490723
-8.465468406677246	10.990586280822754	-1.054619550704956	-11.727424621582031	-5.71204137802124	-14.673502922058105	-10.132564544677734	-2.5113699436187744	-4.051200866699219	-11.44384765625
-17.745393753051758	9.615569114685059	-11.077536582946777	-9.917512893676758	-3.609344482421875	-11.144847869873047	-14.111371994018555	-2.220237970352173	-6.767531871795654	-1.7760417461395264
-12.743816375732422	11.160392761230469	-4.40899133682251	-8.706793785095215	-5.461160659790039	-11.946171760559082	-10.964887619018555	-0.9887610673904419	-5.6874918937683105	-9.252039909362793
-22.562868118286133	-13.934013366699219	-6.0522003173828125	20.381736755371094	-13.884842872619629	-5.700259208679199	-22.630596160888672	-4.097691535949707	-9.368278503417969	-1.677782416343689
-23.997684478759766	-20.812602996826172	-15.523009300231934	-11.900910377502441	-0.043127283453941345	-10.86806583404541	-27.945756912231445	-5.483364582061768	-3.61653208732605	15.621403694152832
-18.834487915039062	-16.435205459594727	-18.37567901611328	0.6817148327827454	-14.380280494689941	16.680118560791016	-12.735097885131836	-9.097031593322754	-10.055009841918945	-6.853529930114746
-19.534133911132812	-3.9502532482147217	21.227462768554688	-2.2313246726989746	-15.738887786865234	-17.78102684020996	-21.437992095947266	-2.1942286491394043	-10.393575668334961	-14.940123558044434
-26.09914207458496	-22.889877319335938	-20.265514373779297	3.8746862411499023	1.0569419860839844	-5.280789375305176	-38.51881408691406	-8.006623268127441	-4.582651615142822	11.645281791687012
-27.16731834411621	-9.690832138061523	-16.221710205078125	-16.890432357788086	17.96784019470215	-11.631490707397461	-22.2840576171875	-5.6537275314331055	0.6805102825164795	-1.5560132265090942
-18.024702072143555	-18.162565231323242	-24.52315330505371	-0.033906448632478714	-15.305047035217285	9.428277969360352	-7.792306900024414	-18.089975357055664	-0.9771655797958374	3.9871785640716553
-25.733177185058594	-27.920473098754883	-16.883159637451172	-2.373579502105713	-4.854029655456543	-6.134511947631836	-40.48298263549805	-9.254084587097168	-0.006718241609632969	16.74042510986328
-19.253787994384766	-11.110147476196289	-5.700991153717041	19.46116828918457	-19.073795318603516	-11.926911354064941	-27.147750854492188	0.4426214098930359	-7.175091743469238	-1.3668510913848877
-22.153902053833008	-20.55669593811035	-18.788053512573242	-4.818913459777832	-2.189802646636963	-16.43943214416504	-32.96649169921875	-4.063803195953369	5.12650203704834	12.464613914489746
14.19888973236084	-18.592994689941406	-10.202569961547852	-11.891369819641113	-17.371124267578125	-9.389193534851074	-14.949162483215332	-2.990969657897949	-5.205226898193359	-8.380825996398926
-29.02713394165039	-10.977506637573242	-4.668407917022705	28.052961349487305	-19.723501205444336	-6.502946376800537	-33.84685134887695	-1.429381251335144	-11.305734634399414	-4.933588981628418
-3.5629687309265137	-17.988784790039062	-13.795287132263184	-15.267532348632812	-16.306150436401367	7.974142074584961	12.460817337036133	-28.699493408203125	1.3845309019088745	-10.547528266906738
-21.25652313232422	-15.419862747192383	-27.507112503051758	-7.556471824645996	-12.306377410888672	19.794408798217773	-13.630752563476562	-10.409842491149902	-5.016674518585205	0.8059192895889282
-12.023728370666504	-24.393293380737305	-23.820280075073242	3.4272613525390625	-18.28717613220215	15.590394020080566	-19.493915557861328	-14.494032859802246	-6.5920000076293945	0.6711977124214172
-8.385164260864258	-10.666585922241211	-8.792388916015625	-2.317002058029175	-10.978411674499512	-12.494654655456543	-25.378440856933594	14.686434745788574	-9.681877136230469	1.8695749044418335
-3.944403648376465	-23.45790672302246	7.96287727355957	0.6446062326431274	-20.667448043823242	-10.561624526977539	-21.68431854248047	-10.237349510192871	-6.334035873413086	-9.601387977600098
-9.189308166503906	-18.742197036743164	14.754899024963379	-1.298534870147705	-17.66010856628418	-15.458930015563965	-18.891456604003906	-8.204694747924805	-1.4428340196609497	-15.10973072052002
-14.754737854003906	-13.012182235717773	0.8078528046607971	3.829197406768799	-13.832963943481445	-17.230653762817383	-32.99286651611328	18.214874267578125	-11.385637283325195	-2.817351818084717
-7.583142280578613	8.727681159973145	-1.7309271097183228	-10.189444541931152	-4.458197116851807	-8.773141860961914	-8.95177936553955	-0.9895637035369873	-4.748027324676514	-9.652178764343262
-12.45727825164795	-8.934162139892578	15.198274612426758	2.2063565254211426	-22.119590759277344	-22.820051193237305	-21.071144104003906	0.29419150948524475	-3.674868583679199	-5.383790016174316
-17.382516860961914	-10.267669677734375	-6.718353271484375	-3.7813618183135986	-11.71277904510498	-8.102432250976562	-10.895709991455078	-13.076927185058594	13.611506462097168	-11.049736976623535
-19.529090881347656	-2.317561388015747	-10.808449745178223	-8.167317390441895	10.145567893981934	-9.907811164855957	-14.357725143432617	-6.1364426612854	-4.968019008636475	-1.69389009475708
-10.728177070617676	9.47070598602295	-3.940020799636841	-11.72514533996582	-2.5039381980895996	-11.954076766967773	-11.46726131439209	-3.0225918292999268	-3.9719078540802	-9.680763244628906
-12.495569229125977	-5.578084468841553	0.27795079350471497	3.146833658218384	-11.006750106811523	-18.10147476196289	-36.471920013427734	14.0799560546875	-10.619669914245605	1.5520117282867432
-17.1254825592041	-8.478838920593262	-9.607964515686035	16.516162872314453	-11.512323379516602	-5.8843584060668945	-17.267627716064453	-7.8481974601745605	-9.514351844787598	-5.981453895568848
-20.864999771118164	-7.800024032592773	-6.502161502838135	16.262676239013672	-16.779396057128906	-5.928008556365967	-19.07929039001465	-10.954626083374023	-8.014264106750488	0.1347808688879013
-19.591079711914062	-18.866239547729492	0.12212590128183365	-10.154266357421875	-28.744001388549805	2.951207399368286	-5.040548324584961	-26.00765609741211	14.911175727844238	-3.1451447010040283
-21.49646759033203	-23.3209171295166	-4.889053821563721	-0.8453702926635742	-14.705423355102539	-15.042891502380371	-26.597902297973633	-5.077402591705322	14.562519073486328	-2.3024284839630127
-15.123960494995117	-4.333340644836426	-1.2870664596557617	7.055786609649658	-16.728525161743164	-18.143632888793945	-36.726531982421875	16.82244110107422	-10.83379077911377	-1.751886248588562
-12.854039192199707	-25.852724075317383	-11.966772079467773	-8.874523162841797	-3.480217933654785	-13.216099739074707	-22.978084564208984	-0.42069825530052185	-1.8064079284667969	12.75907039642334
-8.763243675231934	-4.763030529022217	19.376644134521484	-1.6882275342941284	-20.15758514404297	-28.847169876098633	-17.75281524658203	0.8729103803634644	-5.883162498474121	-14.084476470947266
-16.456750869750977	-0.006725698709487915	21.858327865600586	-2.9190096855163574	-10.948863983154297	-22.146421432495117	-15.61159896850586	-9.941805839538574	-5.422829627990723	-18.591690063476562
-31.471603393554688	-6.7808074951171875	-14.692482948303223	-14.095484733581543	17.980005264282227	-12.106587409973145	-24.194419860839844	-3.637528657913208	-4.966184616088867	-3.5177860260009766
-17.784482955932617	10.884684562683105	-9.713981628417969	-9.54368782043457	-4.869096279144287	-15.940352439880371	-13.00777816772461	-2.6085474491119385	-6.283116340637207	-5.245352745056152
-21.805828094482422	-12.132495880126953	-16.72235870361328	-1.4006068706512451	-16.40199851989746	16.65153694152832	-18.745811462402344	-20.046669006347656	-8.704829216003418	1.0223602056503296
-16.800758361816406	-24.58647346496582	-19.37497901916504	2.9149975776672363	-10.060688972473145	-0.6128503084182739	-29.53018569946289	-20.221630096435547	1.2005208730697632	9.475850105285645
-8.444190979003906	-21.00255584716797	-7.223198890686035	-20.54763412475586	-10.92868709564209	-13.71187973022461	-0.6429424285888672	-9.514471054077148	10.504959106445312	-2.0652527809143066
-34.59218215942383	-17.296388626098633	4.795647144317627	-1.3981678485870361	-3.5469250679016113	-15.0458402633667	-44.49685287475586	13.126562118530273	-2.1339826583862305	-6.547474384307861
-13.36079216003418	-6.6860246658325195	11.943706512451172	-3.2015955448150635	-10.185229301452637	-19.634445190429688	-19.48912811279297	0.3055597245693207	-0.9741575717926025	-15.847716331481934
-17.104888916015625	-10.055039405822754	-3.1095871925354004	12.574676513671875	-12.534228324890137	-5.0832295417785645	-29.388126373291016	-7.187111854553223	-11.332152366638184	-16.757471084594727
18.81060791015625	-19.191219329833984	-6.466715335845947	-13.85727310180664	-25.32390785217285	-1.468339443206787	-4.1503167152404785	-17.051233291625977	-12.018851280212402	-5.24771785736084
-8.107335090637207	-3.760981798171997	1.846787452697754	-9.4690580368042	4.6353631019592285	-13.183687210083008	-0.4074302911758423	-11.620849609375	-4.65302848815918	-12.199023246765137
-20.410625457763672	-6.389341354370117	-14.780145645141602	-12.11973762512207	12.942035675048828	-16.660165786743164	-21.236236572265625	-2.4079859256744385	-7.600668430328369	-2.506417751312256
-11.286918640136719	2.086047887802124	15.050103187561035	0.2666894793510437	-14.438812255859375	-20.141448974609375	-15.441483497619629	-7.1827778816223145	-2.356943368911743	-15.377750396728516
-26.68795394897461	-10.21308422088623	-16.507144927978516	-10.66328239440918	10.073491096496582	-11.322455406188965	-22.758394241333008	-5.1693315505981445	-2.1133852005004883	2.7626290321350098
-17.923133850097656	8.665515899658203	-8.054339408874512	-9.203883171081543	0.34085777401924133	-12.413970947265625	-13.06942367553711	-5.011113166809082	-4.366317272186279	-5.874485969543457
-21.289884567260742	-20.0706729888916	-15.88104248046875	-6.515740394592285	-1.0219147205352783	-11.975481986999512	-31.1728515625	-8.031487464904785	-1.6820909976959229	15.808302879333496
-17.32862091064453	-16.81139373779297	-17.941991806030273	1.2448681592941284	-12.558908462524414	15.989653587341309	-13.214361190795898	-12.349098205566406	-8.930464744567871	-3.8332936763763428
-13.07565975189209	-9.553508758544922	1.4107141494750977	8.091789245605469	-18.394460678100586	-15.704107284545898	-40.288299560546875	17.191444396972656	-12.902115821838379	-2.678267002105713
-16.040306091308594	-2.7547760009765625	-1.436203956604004	4.8043599128723145	-16.413043975830078	-23.211606979370117	-36.62623977661133	14.584692001342773	-10.26095199584961	0.2850947380065918
-13.566168785095215	1.9083822965621948	18.039045333862305	-0.3028608560562134	-19.70265769958496	-23.768678665161133	-22.475284576416016	-3.082364797592163	-4.504501819610596	-17.236543655395508
-12.747425079345703	-7.548676013946533	-4.352569103240967	-7.641871929168701	-14.601763725280762	-9.074873924255371	-2.7308132648468018	-15.760703086853027	7.9950032234191895	-14.0684175491333
-13.743313789367676	-9.647163391113281	15.530756950378418	-2.6761250495910645	-16.57562828063965	-23.231342315673828	-18.140073776245117	-0.6371499300003052	-12.456513404846191	-9.223713874816895
8.063484191894531	-24.405656814575195	-12.363123893737793	-24.257463455200195	-18.709482192993164	3.430737018585205	7.435379505157471	-19.509376525878906	-4.463199138641357	-2.2192821502685547
-24.728519439697266	-28.630563735961914	-1.73551607131958	-2.3113279342651367	-18.436065673828125	-8.30058765411377	-12.530359268188477	-19.19803237915039	17.840232849121094	-6.365041732788086
-10.629989624023438	-2.499681234359741	-22.12613296508789	0.5677498579025269	-17.090545654296875	11.95683765411377	-13.829610824584961	-12.376081466674805	-2.163544178009033	-2.118502140045166
-20.92520523071289	-5.279232501983643	-6.516335487365723	4.110532760620117	-13.039494514465332	-10.486775398254395	-39.174373626708984	17.400833129882812	-12.589713096618652	-0.024935495108366013
-16.709339141845703	-2.0225205421447754	-2.6570920944213867	3.053368091583252	-12.71328067779541	-20.470932006835938	-39.215484619140625	18.43233871459961	-12.41457462310791	-1.4321460723876953
-23.80792236328125	-13.005728721618652	-11.722217559814453	-10.384536743164062	-2.1760241985321045	-16.982255935668945	-35.42964553833008	-10.31251049041748	3.195114850997925	16.414196014404297
-17.612945556640625	12.239173889160156	-10.41302490234375	-4.621363639831543	-6.941717147827148	-15.814156532287598	-12.120412826538086	-2.3550074100494385	-5.200915336608887	-9.89884090423584
0.8115048408508301	-17.74054527282715	-6.636178016662598	-6.448604106903076	-16.501855850219727	-3.6175239086151123	-6.014261245727539	-22.459213256835938	5.879969120025635	-9.512992858886719
-14.055879592895508	12.97484016418457	-9.794272422790527	-8.670272827148438	-4.198552131652832	-16.665386199951172	-11.434532165527344	-5.693156719207764	-7.214085578918457	-7.660084247589111
-17.769031524658203	-35.55581283569336	-0.7621697783470154	-9.874837875366211	-23.537931442260742	-1.4850019216537476	-14.765682220458984	-18.258617401123047	12.8986177444458	-1.5815258026123047
14.46571159362793	-17.908430099487305	-3.3382766246795654	-7.216104507446289	-20.07027244567871	-10.22589111328125	-8.89900016784668	-7.031951427459717	-10.972244262695312	-4.50779914855957
-27.97719955444336	-20.18620491027832	-14.290999412536621	21.694021224975586	-16.9990234375	2.5861775875091553	-25.623027801513672	-13.282240867614746	-10.82555866241455	-3.1684932708740234
15.607831954956055	-16.852705001831055	-11.62569522857666	-10.901311874389648	-14.204246520996094	-8.854140281677246	-7.654840469360352	-9.59784984588623	-7.712021350860596	-2.8718061447143555
-19.13595962524414	11.615181922912598	-10.176993370056152	-9.399087905883789	-3.8086419105529785	-16.08365821838379	-15.661409378051758	-1.137548804283142	-7.904594898223877	-4.084463119506836
-26.25442886352539	-21.351835250854492	-18.215312957763672	-3.073429822921753	-9.499937057495117	-15.087994575500488	-27.157007217407227	-2.365138530731201	1.7603107690811157	17.386280059814453
-14.379634857177734	-25.190279006958008	-13.91220760345459	4.7974748611450195	-11.59090805053711	-8.862025260925293	-28.37016487121582	-8.756338119506836	-3.124962091445923	15.563551902770996
-25.121967315673828	-13.03327751159668	-14.503307342529297	-12.405942916870117	15.343871116638184	-16.160518646240234	-17.482580184936523	-9.60530948638916	-4.182623386383057	1.3974087238311768
-12.282615661621094	12.316247940063477	-8.549910545349121	-11.818710327148438	-5.360628604888916	-17.120607376098633	-13.42332935333252	-1.6135081052780151	-5.146669387817383	-9.22638988494873
-20.541526794433594	-19.083322525024414	-3.1060433387756348	-5.988821506500244	-12.931554794311523	-11.269963264465332	-20.573217391967773	-9.903009414672852	17.367061614990234	-4.371537208557129
-18.386999130249023	-14.915696144104004	16.91413688659668	-2.1271302700042725	-22.42215919494629	-19.006853103637695	-21.182533264160156	-6.277004241943359	5.664290904998779	-11.536247253417969
-17.70418357849121	9.993175506591797	-8.417254447937012	-8.977333068847656	-6.449755668640137	-15.06129264831543	-16.710620880126953	-1.0415364503860474	-6.0110344886779785	-4.325527191162109
-7.4823994636535645	0.9234375953674316	16.694568634033203	-1.1304044723510742	-20.541091918945312	-22.140356063842773	-12.23471450805664	-13.409051895141602	-4.300127029418945	-13.469735145568848
-20.325593948364258	-18.965421676635742	-16.867963790893555	-3.942760705947876	-1.3088022470474243	-11.564794540405273	-13.954954147338867	-8.939715385437012	-6.006099224090576	15.704160690307617
-20.446697235107422	-0.1734326183795929	-1.81960129737854	4.590927600860596	-9.479530334472656	-17.60226821899414	-32.062522888183594	11.56314754486084	-8.204277992248535	-1.1785666942596436
-16.451473236083984	-12.197158813476562	-26.99061393737793	-5.0848588943481445	-15.19322681427002	16.793649673461914	-9.015832901000977	-15.647401809692383	-4.773627758026123	6.2715253829956055
-12.024103164672852	-24.82320213317871	-14.498753547668457	-7.831304550170898	-2.73652720451355	-10.616532325744629	-21.115671157836914	-9.255694389343262	-4.053592205047607	15.623950004577637
-12.525575637817383	-10.543855667114258	20.3331298828125	1.437722086906433	-17.766136169433594	-23.429691314697266	-14.18134593963623	-9.736577987670898	-2.6328577995300293	-15.63520336151123
-9.800786972045898	-8.355310440063477	-7.499946117401123	-17.27713394165039	-16.47415542602539	-0.24755409359931946	14.732888221740723	-23.097583770751953	0.8928029537200928	-11.486851692199707
-32.95522689819336	-8.837890625	-14.441478729248047	-6.517681121826172	15.110774993896484	-8.07033634185791	-28.621530532836914	-3.6123850345611572	-7.67676305770874	-3.2459733486175537
-12.162919044494629	9.409235954284668	-11.947121620178223	-16.114377975463867	-4.437259674072266	-14.37166690826416	-8.111028671264648	-1.9388166666030884	-4.800489902496338	-6.969949722290039
-25.384262084960938	-9.967533111572266	-9.799904823303223	-8.707096099853516	-16.449174880981445	14.786375999450684	-17.829395294189453	-23.060291290283203	-7.437899112701416	1.2485883235931396
-27.652416229248047	-19.388938903808594	-22.50348472595215	-11.804826736450195	-1.739728569984436	-0.33378663659095764	0.019176002591848373	-23.477413177490234	9.460928916931152	-3.932295560836792
-7.244270324707031	-3.1662328243255615	13.921248435974121	-4.44790506362915	-26.374038696289062	-17.89449119567871	-9.635098457336426	-17.381771087646484	-0.9197994470596313	-13.634970664978027
-7.882006645202637	-22.368404388427734	-11.45516586303711	-6.6148271560668945	-3.834169387817383	-14.680355072021484	-19.495685577392578	-5.181532382965088	-4.419785499572754	10.627979278564453
-14.775188446044922	-6.987307548522949	17.27438735961914	-2.361872911453247	-11.455602645874023	-26.34362030029297	-21.267215728759766	-7.9174017906188965	-7.671716213226318	-10.932445526123047
17.190961837768555	-15.565409660339355	-11.861064910888672	-13.345552444458008	-18.153470993041992	-2.3368070125579834	-10.341178894042969	-7.116855144500732	-1.58176851272583	-9.93320083618164
-33.63808822631836	-10.671499252319336	-13.403328895568848	-4.351978778839111	16.94228744506836	-10.698409080505371	-33.227230072021484	-0.42771443724632263	-7.336349010467529	-5.043701171875
18.40402603149414	-13.893660545349121	-4.303188323974609	-12.391412734985352	-12.696647644042969	-12.942441940307617	-5.742775917053223	-13.277504920959473	-11.543757438659668	-4.730574607849121
10.97014045715332	-15.490842819213867	-11.24202823638916	-11.496219635009766	-19.22079849243164	-1.7424794435501099	0.7303611040115356	-13.358626365661621	-10.59321117401123	-6.2552714347839355
-20.339065551757812	-12.517170906066895	17.631303787231445	-0.6518977880477905	-19.102285385131836	-20.488750457763672	-16.610408782958984	-16.601043701171875	1.093995451927185	-10.241814613342285
-17.202062606811523	-17.68431854248047	-6.377918243408203	-0.5226054191589355	-19.127161026000977	-1.9214589595794678	-10.549450874328613	-23.308815002441406	15.923750877380371	-4.720190048217773
-12.812505722045898	-1.5826926231384277	-2.1173267364501953	-17.172420501708984	10.329416275024414	-20.417348861694336	-7.230749130249023	-5.962975025177002	-9.088764190673828	-9.735625267028809
-32.23212432861328	-17.02134895324707	0.9962034821510315	5.558520793914795	-1.1144628524780273	-21.635770797729492	-41.77626419067383	15.050457954406738	-12.179451942443848	-2.2191481590270996
-19.41643714904785	11.895627975463867	-9.504912376403809	-6.79262113571167	-5.101446628570557	-14.411164283752441	-11.952482223510742	-4.87213134765625	-6.358067035675049	-7.524555206298828
-7.644734859466553	-18.13497543334961	13.620109558105469	0.9042781591415405	-17.917665481567383	-10.490336418151855	-13.249444961547852	-11.419792175292969	-4.151404857635498	-4.051870346069336
-34.930240631103516	-14.015546798706055	-11.397869110107422	-11.016968727111816	17.143253326416016	-16.680688858032227	-26.09749984741211	-1.8295494318008423	0.5449077486991882	-9.389985084533691
12.15870189666748	-21.489103317260742	-10.873586654663086	-10.879875183105469	-25.49574089050293	1.2116013765335083	-6.494499683380127	-8.498147964477539	-6.4074788093566895	-4.105069160461426
-9.440719604492188	1.6592674255371094	18.839523315429688	-5.318569183349609	-15.429181098937988	-25.51203155517578	-21.275651931762695	-6.9100799560546875	-4.455087661743164	-13.242024421691895
-32.660213470458984	-7.054946422576904	-6.24088716506958	8.316091537475586	-5.504272937774658	-19.8128719329834	-36.53564453125	19.103397369384766	-12.081901550292969	1.9828624725341797
-23.45220375061035	-3.752765417098999	-16.847604751586914	-13.202539443969727	9.706474304199219	-17.5340633392334	-16.712797164916992	-1.2943614721298218	0.2062370926141739	-8.63024616241455
-21.411914825439453	-7.573225498199463	-3.021822929382324	15.312616348266602	-14.824027061462402	-7.378412246704102	-11.50919246673584	-16.624229431152344	-10.525938987731934	-7.777552127838135
-23.9056339263916	-12.102645874023438	-7.091135501861572	19.926204681396484	-17.112533569335938	-2.1988680362701416	-27.433650970458984	-7.606883525848389	-7.585439205169678	-3.829869270324707
15.86805534362793	-22.001384735107422	-7.787740230560303	-17.942371368408203	-10.558548927307129	-4.161083221435547	-7.905869960784912	-16.618431091308594	-5.026709079742432	-7.267777442932129
16.782756805419922	-17.84258270263672	-8.752989768981934	-18.572240829467773	-16.73664665222168	-10.609416961669922	-8.738137245178223	-8.668441772460938	-4.689540386199951	-3.423396110534668
-26.90076446533203	-16.892459869384766	-13.669366836547852	12.538858413696289	-8.512266159057617	2.2986929416656494	-15.808687210083008	-12.797520637512207	-11.163487434387207	-15.08774471282959
-17.79334259033203	12.30911636352539	-14.2858304977417	-9.563053131103516	-4.851840496063232	-9.911490440368652	-12.301488876342773	-4.100595474243164	-6.533970355987549	-6.113152980804443
-15.70136833190918	-26.825063705444336	-16.986724853515625	-2.843061685562134	-7.389963150024414	-12.46672534942627	-16.554529190063477	-6.7972493171691895	-4.827784061431885	15.77806568145752
-2.999917507171631	-18.05316925048828	-10.435062408447266	-14.551040649414062	-12.250176429748535	3.4207634925842285	12.604557037353516	-27.687915802001953	0.330946683883667	-5.07877254486084
-21.619140625	-8.88332748413086	-19.5955810546875	2.6320128440856934	-13.234682083129883	13.952614784240723	-16.7181396484375	-14.090761184692383	-2.876410722732544	-9.773777961730957
-4.495087146759033	-28.63128089904785	11.247836112976074	5.074723720550537	-22.97939109802246	-16.902036666870117	-13.497554779052734	-12.705995559692383	-5.331501483917236	-10.570311546325684
-27.943593978881836	-18.191856384277344	-17.03656768798828	-5.062212944030762	-14.4856538772583	18.9462947845459	-15.227954864501953	-19.231252670288086	-9.228654861450195	-8.68856430053711
-14.826580047607422	-3.2756588459014893	-6.027047634124756	-6.614999771118164	-9.164888381958008	-13.955901145935059	-25.536354064941406	-0.8694697618484497	-2.227898359298706	9.453413963317871
-8.560235977172852	-3.431278944015503	6.529855251312256	0.6355514526367188	-20.3338623046875	-20.617216110229492	-32.2508544921875	8.658977508544922	-3.781465530395508	-5.003114700317383
-27.5581111907959	-20.266313552856445	-24.267292022705078	-0.9445571899414062	0.7046464681625366	-6.021867752075195	-36.4151725769043	-7.3729166984558105	-0.3674980401992798	17.155269622802734
-21.83454132080078	-7.053335189819336	-8.113593101501465	23.59259033203125	-22.551294326782227	-7.301330089569092	-26.622024536132812	-13.932971000671387	-5.956473350524902	-0.18396109342575073
4.463350772857666	-13.749693870544434	-17.41105079650879	-15.46731948852539	-11.606361389160156	-1.036909580230713	-10.263786315917969	-5.09440279006958	1.9910646677017212	-6.6368913650512695
-19.734378814697266	-5.529709339141846	-13.169361114501953	-10.03174114227295	12.624007225036621	-20.338483810424805	-9.691831588745117	-6.634672164916992	-0.48116302490234375	-4.3640899658203125
-14.993556022644043	5.217571258544922	10.510905265808105	-15.65894889831543	1.0499682426452637	-14.079888343811035	-0.6655416488647461	-21.27007484436035	-6.378499507904053	-22.805850982666016
15.365001678466797	-14.79582691192627	-8.05652141571045	-19.168350219726562	-10.256782531738281	-16.11741828918457	-5.31450080871582	-10.955727577209473	-6.122560024261475	-2.6708998680114746
-25.118391036987305	-3.274425745010376	-2.2922914028167725	7.696036338806152	-4.349447727203369	-19.01494026184082	-32.1319580078125	15.653398513793945	-8.977799415588379	-4.589364051818848
-13.227294921875	11.291529655456543	-10.193770408630371	-6.9102020263671875	-5.70909309387207	-15.959338188171387	-10.771812438964844	-3.4287850856781006	-6.571386814117432	-9.135747909545898
-17.0827579498291	11.846986770629883	-10.456064224243164	-7.948826313018799	-4.371037483215332	-13.481682777404785	-11.829039573669434	-2.7060506343841553	-7.761318683624268	-7.224496841430664
-7.25258207321167	-1.513627290725708	18.461793899536133	-2.6438703536987305	-19.146211624145508	-27.48979377746582	-19.68655014038086	-3.886972427368164	-5.128201961517334	-11.05367660522461
-13.63115119934082	13.41305923461914	-8.52371597290039	-9.060728073120117	-5.7530083656311035	-17.79686737060547	-13.457453727722168	-0.8763130903244019	-8.187061309814453	-7.86498498916626
-24.157548904418945	-17.743350982666016	-14.832228660583496	-6.981625080108643	-28.288393020629883	17.19618797302246	-18.765438079833984	-20.439212799072266	-1.6616929769515991	5.4405646324157715
-20.349748611450195	-19.20951271057129	-5.694652557373047	24.27167510986328	-22.900724411010742	-6.254232406616211	-31.379615783691406	-5.971523761749268	-4.970284461975098	-0.3618049621582031
-21.216232299804688	-9.461186408996582	-2.284637451171875	17.691850662231445	-23.612646102905273	-6.256502151489258	-21.63214683532715	-9.638118743896484	-5.286843776702881	-6.407741546630859
-20.79850196838379	-19.65029525756836	-15.159539222717285	-5.4840922355651855	-0.15144632756710052	-13.769803047180176	-30.289440155029297	-10.53825569152832	-1.4110569953918457	13.765172004699707
-7.8489670753479	-16.262680053710938	3.3999366760253906	6.517514228820801	-17.821332931518555	-12.162617683410645	-33.5668830871582	10.351940155029297	-11.135791778564453	-0.7497653961181641
-11.761402130126953	-31.410367965698242	-5.932042598724365	-0.5029762983322144	-18.792638778686523	-2.2459943294525146	-15.70297622680664	-25.472888946533203	11.179797172546387	-4.606863975524902
-12.488914489746094	-18.08368492126465	-6.107144355773926	-16.196910858154297	-17.266820907592773	9.673233985900879	14.979656219482422	-28.334095001220703	-3.8624801635742188	-11.194354057312012
-16.937135696411133	-1.6309330463409424	-13.685022354125977	5.891207695007324	-7.873894691467285	3.665152072906494	-10.74522876739502	-20.063535690307617	-8.542014122009277	-8.873311042785645
-6.685583114624023	-10.296133041381836	-12.476374626159668	-10.670937538146973	-9.360692024230957	0.95592200756073	8.474395751953125	-7.988425254821777	-4.228989124298096	-10.317476272583008
-16.701969146728516	12.216785430908203	-13.136693000793457	-11.138646125793457	-4.511024475097656	-17.10304832458496	-13.640515327453613	0.630445122718811	-7.544008255004883	-6.112815856933594
-20.55184555053711	-16.507177352905273	-10.607373237609863	23.944446563720703	-22.446895599365234	1.8905519247055054	-27.046428680419922	-11.184123992919922	-9.69610595703125	-12.685832023620605
-19.740184783935547	-17.136459350585938	-8.875687599182129	-5.936989784240723	-16.772586822509766	-3.5348570346832275	-3.8059005737304688	-22.124298095703125	14.0173921585083	-8.54013442993164
-15.519325256347656	9.901264190673828	-11.648581504821777	-7.696111679077148	-4.063315391540527	-21.19553565979004	-16.284658432006836	0.09086361527442932	-6.909905433654785	-4.085882663726807
14.301228523254395	-9.772968292236328	-6.81516170501709	-12.721251487731934	-12.221128463745117	-6.844789028167725	-8.358115196228027	-8.92863941192627	-6.514248371124268	-11.875401496887207
-21.58742904663086	-19.118345260620117	-22.862815856933594	-4.0973663330078125	-16.03182601928711	14.834988594055176	-16.302364349365234	-29.31136703491211	-2.896538257598877	1.3385417461395264
-12.899974822998047	9.095927238464355	-7.650125980377197	-11.897502899169922	-6.494383335113525	-12.55506420135498	-6.659877777099609	-5.269638538360596	-2.7881460189819336	-10.78811264038086
-25.845565795898438	-15.480819702148438	-1.7922964096069336	22.338096618652344	-20.01849365234375	-15.982623100280762	-32.45499801635742	-2.5973639488220215	-1.5973032712936401	1.6758208274841309
-19.77092742919922	8.566675186157227	-9.402322769165039	-6.742080211639404	-5.229891300201416	-13.610922813415527	-17.644765853881836	-4.028197288513184	-3.4880213737487793	-3.654454231262207
-24.322891235351562	-17.9757022857666	-23.821086883544922	-4.353131294250488	-18.935380935668945	26.20484733581543	-16.96825408935547	-19.02731704711914	-8.498568534851074	-2.480342388153076
-13.345267295837402	-17.449588775634766	-9.888011932373047	0.945533275604248	-26.62363052368164	16.12264060974121	-22.374351501464844	-11.796934127807617	-17.162391662597656	-4.436819076538086
-3.867534875869751	-14.623478889465332	-10.3621244430542	-12.432865142822266	-7.298746585845947	-7.384733200073242	12.678138732910156	-18.734954833984375	-1.1064844131469727	-11.461543083190918
-10.988454818725586	10.039304733276367	-1.3180971145629883	-10.619199752807617	-1.5856561660766602	-14.190589904785156	-10.78689956665039	-2.077455759048462	-3.0820798873901367	-10.14297866821289
-14.952522277832031	-18.98712730407715	-12.205552101135254	-7.830652236938477	-18.291501998901367	-1.3898441791534424	-0.9445804357528687	-19.753793716430664	12.84922981262207	-4.236155033111572
-18.652042388916016	-24.630273818969727	-25.619163513183594	-0.6213586330413818	-14.86833381652832	21.213926315307617	-13.981363296508789	-15.10032844543457	-9.827200889587402	1.6987372636795044
-18.415847778320312	8.853046417236328	-6.768937110900879	-5.124361038208008	-2.333251714706421	-12.49441909790039	-14.324703216552734	-0.5624141693115234	-6.583653926849365	-4.434560298919678
-25.388519287109375	-3.7396037578582764	-3.809337615966797	-2.137439250946045	-2.311551809310913	-14.113885879516602	-36.18781661987305	10.20820426940918	-10.798983573913574	0.9949121475219727
-22.808019638061523	-13.320159912109375	-19.197776794433594	-10.709844589233398	1.5223594903945923	-10.154952049255371	-28.28380584716797	-8.60360336303711	4.5859055519104	9.941859245300293
-35.84728240966797	-14.217952728271484	-14.235604286193848	-10.796029090881348	18.22176742553711	-8.59192180633545	-22.635042190551758	-9.390018463134766	-3.9854166507720947	-2.000002861022949
-14.543861389160156	-19.901823043823242	-11.848175048828125	-10.99236011505127	-6.90627908706665	-0.39367547631263733	23.320037841796875	-23.186595916748047	-3.3900771141052246	-15.9212064743042
-3.224409341812134	-10.47936725616455	13.016203880310059	2.454979658126831	-23.400585174560547	-21.19205665588379	-29.84158706665039	6.066699504852295	-7.2901763916015625	-5.048798561096191
-13.398025512695312	8.774046897888184	17.919696807861328	-8.928014755249023	-9.77737045288086	-22.35004997253418	-15.348613739013672	-5.173909664154053	-8.92076587677002	-17.71335220336914
-24.71824836730957	-20.03957176208496	-20.368824005126953	-5.705150604248047	-23.725996017456055	24.839603424072266	-12.756232261657715	-17.716304779052734	-11.806382179260254	-0.905536413192749
15.829519271850586	-12.30401611328125	-7.221786975860596	-16.6839656829834	-14.73134708404541	-10.847882270812988	-5.9465460777282715	-9.624363899230957	-4.7148661613464355	-4.02088737487793
2.5130696296691895	-16.371511459350586	-7.630986213684082	-20.161527633666992	-4.023567199707031	-6.531578063964844	10.077831268310547	-21.400814056396484	-3.578157424926758	-10.037713050842285
-26.258136749267578	-15.977334976196289	-8.33605670928955	-6.786238670349121	-19.143125534057617	20.822641372680664	-16.701934814453125	-16.288219451904297	-13.466292381286621	-7.46028995513916
-10.898897171020508	-15.566198348999023	-9.752031326293945	-8.994012832641602	-12.248284339904785	7.420662879943848	14.656776428222656	-23.864376068115234	-4.559816837310791	-8.178277015686035
-21.371665954589844	-16.83559226989746	-7.627206802368164	20.953500747680664	-19.1411075592041	-4.38494348526001	-32.418846130371094	-1.246174931526184	-8.320581436157227	-5.261343002319336
-15.960187911987305	-9.07689380645752	-1.5634198188781738	4.145573139190674	-18.862756729125977	-20.119779586791992	-43.34501647949219	20.078754425048828	-11.198526382446289	0.20984266698360443
-5.521585464477539	1.6167757511138916	18.850881576538086	-5.5205254554748535	-15.023447036743164	-29.787288665771484	-16.079954147338867	-6.2614827156066895	-11.415850639343262	-18.226505279541016
7.561120510101318	-17.1866512298584	-11.765426635742188	-6.671080589294434	-21.81708335876465	-0.9158604145050049	-6.459420680999756	-8.289373397827148	-6.744681358337402	-5.7509613037109375
-18.436506271362305	-21.199392318725586	-7.385161399841309	-5.467432022094727	-12.837566375732422	-10.122563362121582	-11.451854705810547	-15.779932022094727	14.713406562805176	-10.737664222717285
-18.696739196777344	-23.733060836791992	2.1400864124298096	0.16782726347446442	-20.30465316772461	-16.634855270385742	-20.833843231201172	-18.14328384399414	19.634183883666992	-4.964785575866699
-23.655099868774414	-22.229188919067383	-28.75564956665039	-7.933037757873535	-20.055553436279297	26.649290084838867	-8.26102066040039	-30.463035583496094	-6.677634239196777	-0.2911252975463867
-24.345455169677734	-10.813797950744629	-16.244855880737305	-6.482754707336426	15.501904487609863	-12.715043067932129	-28.43372344970703	-4.202152252197266	-7.806899547576904	4.37837028503418
-15.80282211303711	10.02320671081543	-7.330512523651123	-10.304588317871094	-4.788934707641602	-15.720173835754395	-16.315988540649414	1.6658852100372314	-7.0624213218688965	-5.4499006271362305
-14.248719215393066	12.041126251220703	-9.35890007019043	-7.068607330322266	-4.894129276275635	-16.976835250854492	-12.742279052734375	-1.7903103828430176	-7.0523457527160645	-6.149654865264893
-22.903003692626953	-11.913814544677734	-9.97562313079834	-8.050686836242676	15.939224243164062	-14.720524787902832	-23.2095947265625	-6.812773704528809	-3.8977205753326416	-3.1191623210906982
16.9775447845459	-11.060364723205566	-10.698092460632324	-10.70046615600586	-20.031797409057617	-9.807117462158203	-7.092489719390869	-10.959887504577637	-10.651028633117676	-2.6259281635284424
-14.682333946228027	-12.640789031982422	4.771083831787109	13.873644828796387	-21.95045280456543	-7.059654235839844	-29.045639038085938	1.8485957384109497	-7.757378578186035	-9.781174659729004
-29.785160064697266	-16.849571228027344	-10.75412654876709	24.180152893066406	-18.8172550201416	-5.942605018615723	-30.66120147705078	-8.259361267089844	-7.884425163269043	-5.394487380981445
-14.049803733825684	-9.74473762512207	-1.5174736976623535	6.446892738342285	-16.3012638092041	-14.039341926574707	-34.542057037353516	17.813549041748047	-11.665431022644043	-0.7783505916595459
-8.952621459960938	-24.667539596557617	-6.3265862464904785	-11.15078353881836	-11.927112579345703	-4.827575206756592	17.82723617553711	-28.096351623535156	-2.5592169761657715	-11.781790733337402
-12.738617897033691	12.1128511428833	-7.75217866897583	-8.818697929382324	-4.798891067504883	-13.86672592163086	-10.859065055847168	-1.9305137395858765	-6.302961826324463	-7.730046272277832
1.1518975496292114	-19.02588653564453	-13.78708553314209	-11.496662139892578	-15.397375106811523	2.6123173236846924	15.703973770141602	-22.296520233154297	-1.1724827289581299	-10.601622581481934
-19.58687973022461	-6.596288204193115	18.32569694519043	1.942575216293335	-16.2935733795166	-18.759031295776367	-21.41449546813965	-8.134041786193848	-4.944992542266846	-5.397150039672852
-8.535656929016113	12.321788787841797	-2.0872271060943604	-11.84505844116211	-2.648643732070923	-11.849729537963867	-10.152730941772461	-1.8883302211761475	-7.546159267425537	-10.198634147644043
-24.57556915283203	-19.47142791748047	-16.044214248657227	-7.408723831176758	-0.9145927429199219	-11.563929557800293	-38.92325210571289	2.346937417984009	-1.1980520486831665	12.780708312988281
-5.711016654968262	-17.711057662963867	16.553213119506836	-4.464950084686279	-13.579305648803711	-16.713598251342773	-19.87230682373047	-9.355865478515625	-11.492900848388672	-13.107782363891602
-14.844440460205078	-22.965085983276367	2.3471617698669434	-11.963678359985352	-8.185240745544434	-14.31261157989502	-14.727579116821289	-10.745134353637695	8.051398277282715	-9.402268409729004
-9.4773530960083	-21.104413986206055	-8.558935165405273	-6.468430042266846	-3.932652473449707	0.2118646800518036	16.825664520263672	-27.234115600585938	-4.763419151306152	-10.717432022094727
-15.839192390441895	10.134045600891113	-8.211708068847656	-9.784401893615723	-5.1099162101745605	-15.300310134887695	-16.54437828063965	0.8246947526931763	-7.625413417816162	-4.354740142822266
-14.803142547607422	-9.06920337677002	-12.227243423461914	-6.885928153991699	-4.068405628204346	-13.612893104553223	-16.193771362304688	-1.4539622068405151	-5.394381046295166	11.068147659301758
-21.43380355834961	-18.30337905883789	-19.018795013427734	4.2897419929504395	-21.564687728881836	20.013795852661133	-20.48632049560547	-11.988201141357422	-10.075852394104004	-8.843182563781738
-15.19094467163086	-7.998114109039307	18.6855411529541	1.3645988702774048	-10.139588356018066	-24.20525550842285	-20.313688278198242	-2.8387179374694824	-4.358922481536865	-19.112613677978516
-21.1898193359375	-14.963296890258789	-11.520782470703125	-1.0620698928833008	-20.939409255981445	15.491350173950195	-17.100088119506836	-23.365310668945312	-6.384413719177246	-1.1337916851043701
-25.600622177124023	-11.819173812866211	-13.44136905670166	-10.447104454040527	15.34764289855957	-9.058417320251465	-21.505741119384766	-3.1925363540649414	-1.5658555030822754	-7.878933429718018
-16.142196655273438	-1.188048005104065	-8.650922775268555	-12.61769962310791	8.017095565795898	-12.002629280090332	-20.56209945678711	-5.898107051849365	-10.444361686706543	-3.4976580142974854
-11.290964126586914	-15.820267677307129	7.188817501068115	-9.825155258178711	-9.184125900268555	-15.166583061218262	-19.415403366088867	-4.256894588470459	-2.7830116748809814	-7.613179683685303
-17.552541732788086	-16.240327835083008	-1.6240472793579102	2.4429380893707275	-16.48936653137207	-9.025252342224121	-15.140084266662598	-14.243372917175293	13.664275169372559	-6.801681995391846
-24.083820343017578	-14.938264846801758	-7.823473930358887	20.837406158447266	-26.37039566040039	-4.51475715637207	-28.192432403564453	-11.670151710510254	-12.190701484680176	-16.63397789001465
-18.980083465576172	-19.220067977905273	-11.394996643066406	-6.386450290679932	-7.11346960067749	-8.18805980682373	-15.077828407287598	-11.063748359680176	7.328954219818115	1.6194524765014648
-12.537531852722168	-3.8043131828308105	16.939573287963867	0.6320289373397827	-18.669315338134766	-16.935476303100586	-18.368831634521484	-2.2902281284332275	-4.023595333099365	-14.063234329223633
-32.75283432006836	-9.102970123291016	-11.991949081420898	-11.171510696411133	16.997840881347656	-9.120701789855957	-28.32305145263672	-16.347259521484375	-3.260082721710205	-1.5989186763763428
-16.10173797607422	-18.50246238708496	-19.915958404541016	-5.4223151206970215	-14.625252723693848	14.54619312286377	-8.124083518981934	-15.204971313476562	-4.2346577644348145	-0.9210638403892517
15.109492301940918	-20.759065628051758	-17.172866821289062	-3.6281089782714844	-17.42662239074707	-1.558406114578247	-14.717459678649902	-9.690813064575195	-5.228245258331299	-2.183154821395874
-12.95849609375	-13.640291213989258	-3.607088565826416	17.165678024291992	-25.77375030517578	-2.87697434425354	-19.942935943603516	-15.295818328857422	-7.539212703704834	-6.476675033569336
-17.131778717041016	7.407107830047607	-15.8595609664917	-10.527231216430664	-8.234801292419434	-8.719878196716309	-10.059988975524902	-3.751601219177246	-4.039825439453125	-2.3573546409606934
-19.331829071044922	-7.012821197509766	-7.30289888381958	5.251269340515137	-12.533502578735352	-8.367541313171387	-41.71302032470703	21.143842697143555	-15.802050590515137	-4.188592910766602
-14.74038314819336	1.7739936113357544	-2.6461434364318848	-0.23295925557613373	-11.041330337524414	-20.61238670349121	-31.90471649169922	12.444074630737305	-7.672642230987549	1.2516534328460693
-18.059553146362305	-17.344205856323242	-26.68370246887207	14.678228378295898	-12.224967956542969	14.16140079498291	-35.79102325439453	-7.841898441314697	-6.067781448364258	-2.4634337425231934
-18.44525909423828	-19.739797592163086	-1.8402824401855469	4.42222785949707	-13.939821243286133	-9.159968376159668	-37.058250427246094	17.806751251220703	-16.779726028442383	1.1900413036346436
-24.993274688720703	-13.947273254394531	-17.58411407470703	-5.711621284484863	-3.003589153289795	-13.269609451293945	-28.674318313598633	-5.839216709136963	-0.7716966867446899	14.93716049194336
-17.277212142944336	-14.859640121459961	-3.2798967361450195	-3.920241117477417	-7.281711101531982	-6.301121711730957	-30.052520751953125	13.299205780029297	-13.838159561157227	2.5072638988494873
-13.947011947631836	12.562370300292969	-8.046555519104004	-9.393407821655273	-5.799072742462158	-14.612849235534668	-9.647770881652832	-4.303223609924316	-5.519384860992432	-11.046701431274414
-19.76881980895996	-12.985289573669434	-22.368398666381836	-3.935492992401123	-1.6338770389556885	-13.726377487182617	-28.091644287109375	2.094883441925049	0.30157679319381714	10.810174942016602
-11.003545761108398	-13.584745407104492	20.759286880493164	-1.9621047973632812	-15.387955665588379	-23.982194900512695	-27.424686431884766	-0.4559423625469208	-3.7544329166412354	-17.977182388305664
-19.6510009765625	10.965847969055176	-11.408902168273926	-8.878817558288574	-3.615170955657959	-11.975079536437988	-14.193304061889648	-3.2472970485687256	-5.619725704193115	-4.6519622802734375
-14.28763198852539	-8.189645767211914	-10.498017311096191	-10.056535720825195	8.213318824768066	-16.83160400390625	-14.781514167785645	-3.4402925968170166	-0.5501660108566284	1.2227760553359985
-8.722248077392578	-4.828819274902344	10.947299003601074	-2.5658516883850098	-22.92867660522461	-14.317584037780762	-20.310550689697266	-5.966091156005859	-3.6742563247680664	-4.226409912109375
-25.864704132080078	-21.181222915649414	-16.638280868530273	-5.179986000061035	1.7177631855010986	-15.599255561828613	-41.96892547607422	-1.612254023551941	-0.4172822833061218	17.40025520324707
-16.1868896484375	-2.228193521499634	17.805810928344727	2.1407246589660645	-15.893126487731934	-27.1806583404541	-23.38711166381836	0.4786398708820343	-7.4175639152526855	-14.710000038146973
15.174269676208496	-14.55912971496582	-8.667046546936035	-14.580132484436035	-19.409238815307617	-6.530413627624512	-5.928220748901367	-4.504806995391846	-8.667098045349121	-3.8253214359283447
-31.80527114868164	-17.13239288330078	-7.593658924102783	-17.082237243652344	14.374372482299805	-7.519963264465332	-8.30278491973877	-13.058466911315918	-1.3109382390975952	-11.826449394226074
-17.747295379638672	-16.39504051208496	-15.341005325317383	-3.6213436126708984	-1.1690367460250854	-11.434760093688965	-32.66474151611328	-0.07081165909767151	-4.52575159072876	13.98942756652832
-19.545772552490234	11.931190490722656	-11.849806785583496	-9.189642906188965	-4.066392421722412	-14.795746803283691	-14.563234329223633	-1.3251811265945435	-6.137501239776611	-4.435959815979004
-21.94356918334961	-5.370386123657227	-8.156408309936523	-11.997476577758789	12.488368034362793	-17.224885940551758	-12.992721557617188	-10.261385917663574	-0.5789631605148315	-11.322782516479492
-30.433574676513672	-25.709136962890625	-8.642806053161621	-4.008037090301514	-18.321027755737305	-9.738174438476562	-14.192850112915039	-15.746835708618164	20.15949058532715	-2.279844284057617
-9.30301570892334	11.713908195495605	-4.472966194152832	-14.029046058654785	-7.226128101348877	-14.351166725158691	-7.853278160095215	-3.352008581161499	-5.56211519241333	-11.322022438049316
-19.797985076904297	-20.104372024536133	1.7216620445251465	-7.79085111618042	-17.927064895629883	-9.623619079589844	-14.119668006896973	-13.840656280517578	14.794629096984863	-1.1318960189819336
-33.02762222290039	-9.261697769165039	-11.52518081665039	-8.530529022216797	12.417226791381836	-9.758206367492676	-15.22358512878418	-4.952952861785889	-10.58397388458252	-5.292336940765381
-25.167686462402344	-17.83113670349121	-24.738874435424805	-0.04407142475247383	-11.369343757629395	19.092222213745117	-13.454046249389648	-23.40563201904297	-6.079169750213623	-0.6975803375244141
-12.52637004852295	-18.729204177856445	-11.920647621154785	1.3330223560333252	-5.56576681137085	-9.010147094726562	-26.599361419677734	-6.646852493286133	-5.966135025024414	13.674154281616211
-20.212421417236328	-13.914772033691406	-4.836888790130615	1.4133028984069824	-16.161575317382812	-9.979687690734863	-22.241374969482422	-5.597290992736816	7.740677356719971	2.3992042541503906
-13.619047164916992	-19.389568328857422	-4.69639778137207	-8.183111190795898	-7.354862689971924	-13.805378913879395	-15.64567756652832	-11.070592880249023	12.897395133972168	-2.488419771194458
-26.82563018798828	-9.330343246459961	-13.051737785339355	24.282567977905273	-18.929912567138672	-2.4685075283050537	-27.7288875579834	-18.663753509521484	-7.296600341796875	-9.4464111328125
-10.353349685668945	-13.782340049743652	-1.1434669494628906	3.6731486320495605	-12.12940788269043	-15.573729515075684	-31.21739959716797	13.8482666015625	-11.613293647766113	2.4880523681640625
-0.5940325260162354	-17.427183151245117	-15.370186805725098	-12.515324592590332	-13.421854019165039	3.9138591289520264	16.440725326538086	-21.530841827392578	-1.655828833580017	-9.225916862487793
17.47897720336914	-24.069822311401367	-8.148943901062012	-10.530075073242188	-17.150590896606445	-5.632193088531494	-12.812037467956543	-10.310602188110352	-8.259354591369629	-3.8082995414733887
18.365310668945312	-10.726819038391113	-7.387314319610596	-22.614574432373047	-10.261608123779297	-12.330421447753906	-4.446052074432373	-12.836112976074219	-6.041514873504639	-9.012932777404785
-26.521015167236328	-17.440109252929688	-14.497289657592773	24.543127059936523	-15.421258926391602	-4.127141952514648	-28.071857452392578	-4.708752155303955	-10.794565200805664	-2.525692939758301
8.221427917480469	-6.897746562957764	-7.474406719207764	-14.69525146484375	-9.973492622375488	-4.630029678344727	-9.555011749267578	-3.399641513824463	-1.9275637865066528	-11.565744400024414
-20.13812255859375	-16.315706253051758	14.020098686218262	4.112504959106445	-20.3709659576416	-19.710281372070312	-25.006532669067383	0.9596210718154907	2.983057975769043	-12.5763521194458
9.942831039428711	-19.893220901489258	-5.631405353546143	-15.363136291503906	-8.522558212280273	-4.907985210418701	1.397209882736206	-19.03472900390625	-4.047469615936279	-6.421283721923828
-9.300929069519043	-25.991426467895508	-8.684576988220215	-7.069470405578613	-20.25889015197754	4.7908782958984375	13.152362823486328	-28.81549072265625	-1.9633194208145142	-5.693814277648926
-13.061273574829102	-2.5509791374206543	-11.516131401062012	-15.962396621704102	6.263368129730225	-8.545187950134277	-16.58475112915039	-1.086305856704712	-8.101852416992188	-0.01562882587313652
-14.639941215515137	-17.5318603515625	-15.5523042678833	1.6533753871917725	-4.174299716949463	-6.949265480041504	-26.370847702026367	-17.67498016357422	-2.7580063343048096	7.829636573791504
-26.025188446044922	-16.946653366088867	-16.030471801757812	9.370414733886719	-18.192699432373047	9.0993070602417	-22.54039192199707	-18.164451599121094	-8.620128631591797	-11.708016395568848
-21.394603729248047	-6.114707946777344	-15.935725212097168	10.068384170532227	-10.73756217956543	1.2975239753723145	-27.681499481201172	-14.323225021362305	-5.2885284423828125	-0.41446661949157715
-30.757299423217773	-19.257139205932617	-4.6174187660217285	25.06411361694336	-18.390092849731445	-6.463867664337158	-38.80213165283203	-2.832503080368042	-6.851942539215088	-10.611310005187988
-17.9285945892334	0.8308508396148682	17.2189998626709	-4.524282932281494	-13.113225936889648	-20.71209716796875	-17.305068969726562	-10.933338165283203	-2.7438628673553467	-8.069748878479004
-17.848758697509766	-14.983217239379883	-5.661905765533447	24.2264347076416	-22.22974967956543	-3.5103037357330322	-20.9857120513916	-19.784896850585938	-10.47590160369873	-7.2392425537109375
-15.328988075256348	-25.170446395874023	-15.777883529663086	-9.429971694946289	-2.908221960067749	-12.187091827392578	-23.946931838989258	-8.177096366882324	-0.8301193118095398	17.172115325927734
-10.60244369506836	10.6724853515625	-4.195764541625977	-8.569883346557617	-6.788045406341553	-16.733028411865234	-13.62154769897461	-1.762898564338684	-4.411088943481445	-11.203084945678711
-7.279312610626221	4.280153751373291	14.423195838928223	-8.71321964263916	-14.2055082321167	-16.98160171508789	-20.881189346313477	-2.5387401580810547	-5.6408538818359375	-7.065273284912109
-5.523684978485107	-19.939830780029297	-11.440800666809082	-10.727082252502441	-15.355022430419922	6.170864582061768	12.772468566894531	-25.74173355102539	0.27007317543029785	-7.560449600219727
-23.632076263427734	-24.524869918823242	-4.55043363571167	0.4102233648300171	-17.822832107543945	-13.341111183166504	-12.284582138061523	-17.10272979736328	21.50691795349121	-5.7271504402160645
10.162607192993164	-14.24299430847168	-9.04263973236084	-15.521644592285156	-19.78776741027832	-5.565065383911133	-8.808746337890625	-10.340786933898926	-5.738126277923584	-0.12691618502140045
-22.530153274536133	-17.070667266845703	-23.711702346801758	-4.328068733215332	-6.686150550842285	7.300127983093262	-24.22347640991211	-11.584961891174316	-0.9011954069137573	9.441511154174805
-16.59134292602539	-7.99335241317749	-9.015613555908203	-13.329913139343262	-5.213364124298096	-8.641106605529785	16.892114639282227	-17.502233505249023	-6.7171831130981445	-18.664215087890625
-18.30417251586914	-22.022510528564453	-11.266919136047363	-10.68940258026123	-16.097930908203125	3.800366163253784	14.679129600524902	-20.755203247070312	-2.8592209815979004	-9.535247802734375
-12.403579711914062	-19.848613739013672	-11.943398475646973	-7.591914176940918	-11.851279258728027	-4.870250225067139	18.260692596435547	-20.412967681884766	-3.034529685974121	-11.107499122619629
-32.289344787597656	-20.577138900756836	-9.311702728271484	17.27290916442871	-19.925222396850586	-3.7196807861328125	-36.16770553588867	3.7298672199249268	-1.9600681066513062	-5.390554904937744
-22.06093978881836	-26.492368698120117	-7.16477632522583	-0.21572814881801605	-15.553925514221191	-8.487517356872559	-27.2512264251709	-10.293060302734375	11.478302955627441	3.8724708557128906
-16.67045021057129	-16.44239044189453	-2.820096969604492	-3.327610492706299	-10.13986587524414	-14.851366996765137	-12.37077808380127	-16.28264617919922	12.174695014953613	-2.9110782146453857
-6.436683177947998	-0.9839785099029541	18.737192153930664	1.2175318002700806	-25.97531509399414	-27.72994613647461	-30.296504974365234	0.1012372076511383	-5.265982151031494	-12.449007987976074
-31.185138702392578	-13.640031814575195	-4.795869827270508	6.007352352142334	-6.791171073913574	-7.834189414978027	-32.306766510009766	15.584244728088379	-7.625792026519775	-6.421464920043945
-21.675880432128906	-19.647855758666992	-16.160259246826172	-2.968872547149658	-25.374374389648438	16.733335494995117	-21.624069213867188	-23.94535255432129	-5.404829502105713	2.6133949756622314
-20.259395599365234	-19.617502212524414	-1.105294942855835	2.2722082138061523	-22.630765914916992	-8.568944931030273	-10.239337921142578	-23.10721206665039	16.821731567382812	-8.057459831237793
-14.022858619689941	-16.10716438293457	-14.757061958312988	1.4614909887313843	-4.717531681060791	-8.431031227111816	-21.870567321777344	2.5184152126312256	-5.899092197418213	11.878767967224121
-14.00636100769043	-11.459125518798828	-8.564040184020996	-14.402471542358398	-8.7990140914917	-6.160494804382324	15.213624954223633	-13.783109664916992	-1.2667053937911987	-13.026593208312988
-18.33324432373047	8.493741989135742	-8.815361976623535	-8.565630912780762	-4.34335470199585	-13.82773494720459	-16.581357955932617	-0.5801011919975281	-6.099029541015625	-3.1935043334960938
-19.03901481628418	-24.128637313842773	-7.078466415405273	-0.544252872467041	-14.28577995300293	-7.652642250061035	-11.051199913024902	-17.785160064697266	14.415008544921875	-5.132438659667969
-29.403533935546875	-6.888988971710205	-12.834306716918945	-11.338968276977539	15.945049285888672	-8.37758731842041	-22.071855545043945	-15.349113464355469	-8.231629371643066	-1.232776165008545
-12.864105224609375	10.779727935791016	-7.549566745758057	-9.337790489196777	-8.212128639221191	-17.521268844604492	-13.574670791625977	-1.4019391536712646	-4.849449157714844	-9.053494453430176
-18.251312255859375	-2.4719796180725098	22.137453079223633	-0.23206283152103424	-20.811735153198242	-22.55215835571289	-19.68603515625	-10.832426071166992	-4.109353542327881	-11.14231014251709
-18.311153411865234	-11.96628189086914	-14.225010871887207	-1.8707046508789062	-12.355406761169434	13.504302024841309	-2.637979030609131	-17.32977294921875	-9.727906227111816	-5.4939398765563965
-20.86659049987793	-25.91536521911621	-16.44902992248535	1.2927347421646118	-7.655378818511963	-1.1657295227050781	-30.09707260131836	-13.573652267456055	3.087460994720459	9.634505271911621
-7.821091175079346	10.750262260437012	-3.6179556846618652	-10.696529388427734	-7.878918170928955	-9.94924545288086	-6.423264980316162	-3.9692018032073975	-5.356683254241943	-10.869040489196777
-20.46694564819336	-25.594045639038086	-19.310176849365234	-5.7467451095581055	-1.2431139945983887	-13.240885734558105	-36.10874938964844	-3.516343355178833	1.4525623321533203	17.117919921875
-13.190008163452148	-18.833524703979492	-1.0622754096984863	5.85271692276001	-20.59589385986328	-7.501823425292969	-32.9250373840332	18.805957794189453	-13.183527946472168	-3.1043128967285156
-14.445552825927734	-15.252944946289062	-21.098066329956055	-5.437928199768066	-15.937393188476562	14.621917724609375	-10.284051895141602	-6.9708662033081055	-6.672661304473877	-2.323091506958008
-30.63991928100586	-18.339189529418945	-14.584720611572266	-17.49668312072754	19.25130844116211	-12.961026191711426	-23.35211944580078	-7.675098896026611	0.6058565378189087	0.840469241142273
13.175411224365234	-16.6923770904541	-6.863015651702881	-9.886674880981445	-17.95903968811035	-7.910560131072998	-10.422040939331055	-7.938174724578857	-5.697998523712158	-1.7652981281280518
-30.969327926635742	-21.471282958984375	-1.8985800743103027	-4.468042373657227	-2.5935726165771484	-19.921955108642578	-29.608108520507812	-9.965023040771484	17.47608184814453	-7.49287223815918
-23.056917190551758	-21.577421188354492	-22.659372329711914	-0.9385141730308533	2.0022647380828857	-5.146590232849121	-27.00197410583496	-7.428322792053223	-6.24511194229126	16.029077529907227
-14.852693557739258	-22.954143524169922	-13.556488037109375	-9.350765228271484	-2.43043851852417	-19.823022842407227	-31.192798614501953	2.566956043243408	3.7326908111572266	12.560778617858887
-12.419364929199219	11.226361274719238	-6.583076477050781	-10.368782997131348	-3.671787738800049	-11.870708465576172	-12.346513748168945	0.5328357219696045	-6.318804740905762	-8.886588096618652
12.642367362976074	-9.005512237548828	-1.0436747074127197	-18.11622428894043	0.19906331598758698	-18.442811965942383	-4.787075042724609	-18.73980712890625	-12.654117584228516	-4.2985639572143555
-21.575035095214844	-22.293106079101562	-17.981216430664062	-1.3424994945526123	-9.782764434814453	18.135211944580078	-9.84756851196289	-14.50996208190918	-12.404763221740723	2.040733575820923
-17.369873046875	-11.752676010131836	14.160280227661133	3.48226261138916	-23.313077926635742	-13.990622520446777	-11.839972496032715	-16.93855857849121	4.451636791229248	-19.462060928344727
-33.052040100097656	-13.71558952331543	-5.810876846313477	28.87445640563965	-20.47686767578125	-2.2547338008880615	-31.877464294433594	-15.22421646118164	-8.300680160522461	-11.717569351196289
-15.691208839416504	-14.731819152832031	-1.8552513122558594	4.200479984283447	-12.5824613571167	-13.198775291442871	-31.878307342529297	18.70886993408203	-11.134087562561035	-3.7481489181518555
-0.8128193020820618	-20.972787857055664	-3.3681938648223877	-7.152869701385498	-8.043631553649902	-7.89310359954834	-3.458292007446289	-25.344924926757812	3.7582736015319824	-6.483565330505371
-20.203205108642578	-21.64756965637207	-17.07229995727539	-3.668281078338623	-5.638087749481201	-9.447625160217285	-26.514972686767578	-9.30398178100586	0.8118479251861572	16.510669708251953
-19.508790969848633	-2.306149482727051	-11.957368850708008	-11.91049575805664	4.7275285720825195	-18.340084075927734	-17.56110191345215	-5.080114841461182	1.0302009582519531	-0.9095935821533203
11.060988426208496	-17.491849899291992	-5.455228805541992	-17.736156463623047	-13.98233413696289	-11.777511596679688	-9.884744644165039	-4.685511112213135	-1.955426812171936	-4.349128723144531
-6.265879154205322	-10.251310348510742	-2.12440824508667	-12.164227485656738	-10.223604202270508	-0.5592590570449829	13.243362426757812	-19.572734832763672	0.18355999886989594	-10.230173110961914
-23.956886291503906	-10.07251262664795	-6.182304382324219	29.648378372192383	-22.43267059326172	-11.640734672546387	-34.9154052734375	-5.424964427947998	-13.170758247375488	-3.778651237487793
-11.124374389648438	-25.661968231201172	-13.382844924926758	-3.9287776947021484	-6.573936939239502	-17.904560089111328	-24.8790283203125	-9.364986419677734	-3.6549973487854004	17.957199096679688
-12.429792404174805	-18.88490104675293	-15.248140335083008	4.422698974609375	-11.544332504272461	7.748456001281738	-9.650684356689453	-22.066970825195312	-2.544922351837158	-2.009549617767334
-14.613815307617188	-12.034998893737793	23.635400772094727	-1.1420594453811646	-20.403379440307617	-29.020566940307617	-23.0610408782959	-8.00208854675293	-5.960720539093018	-11.782475471496582
-14.864007949829102	9.413639068603516	-8.187013626098633	-7.816348075866699	-5.488231182098389	-13.878792762756348	-14.205385208129883	0.39627471566200256	-8.052109718322754	-4.238683700561523
-30.565420150756836	-6.068582057952881	-2.044891119003296	26.79179573059082	-29.50249671936035	-11.544934272766113	-30.693920135498047	-12.94918441772461	-3.658294200897217	-4.5161261558532715
-7.533658504486084	11.257526397705078	-2.721163034439087	-14.603830337524414	-4.827957630157471	-11.19457721710205	-7.611576557159424	-2.9364898204803467	-5.266470909118652	-11.364455223083496
-25.218379974365234	-11.021804809570312	-10.218047142028809	8.767288208007812	-15.24184513092041	-4.0597825050354	-26.48050880432129	-16.67971420288086	-5.1926045417785645	-7.25013542175293
-7.394270420074463	-19.36500358581543	-11.612908363342285	-15.446683883666992	-21.979604721069336	10.326991081237793	14.918766975402832	-29.130237579345703	0.9679790735244751	-9.779166221618652
-20.01150894165039	-18.895540237426758	-13.997113227844238	0.2265743762254715	-24.11393928527832	16.044851303100586	-20.56867790222168	-13.611576080322266	-9.925354957580566	2.9619266986846924
-26.821218490600586	-16.47052001953125	-5.83211612701416	6.776734828948975	-6.240001678466797	-8.75527286529541	-31.276046752929688	17.831560134887695	-8.708423614501953	-5.284435272216797
-17.964120864868164	1.0285724401474	-10.877861976623535	-13.776062965393066	8.072216033935547	-13.460495948791504	-17.67099380493164	-5.311011791229248	5.234168529510498	-4.212822914123535
-8.868417739868164	-0.738084077835083	21.230363845825195	-5.228580951690674	-16.875085830688477	-26.937063217163086	-21.760772705078125	-8.77364444732666	-4.978737831115723	-9.877338409423828
-13.442569732666016	-13.358884811401367	17.55824851989746	-4.659785270690918	-8.805573463439941	-24.871641159057617	-16.92865753173828	-13.114812850952148	-6.395644664764404	-11.713129043579102
-6.8532633781433105	-10.479592323303223	-10.54676342010498	-10.00409984588623	-11.991752624511719	-12.290898323059082	14.995108604431152	-16.101207733154297	-0.5005489587783813	-17.313241958618164
-23.826595306396484	-7.543568134307861	-0.21500226855278015	16.954835891723633	-17.82820701599121	-5.57391357421875	-21.549800872802734	-2.3548758029937744	-6.973171710968018	-5.532262802124023
-12.717966079711914	-11.360572814941406	18.7908878326416	-5.982799530029297	-3.934983253479004	-15.26227855682373	-19.06219482421875	-13.837055206298828	-10.888251304626465	-21.745929718017578
-8.843954086303711	-16.84072494506836	-0.1490912139415741	-13.012146949768066	-5.105299472808838	-10.30582332611084	14.120383262634277	-19.918148040771484	-1.1154030561447144	-19.424745559692383
-19.553592681884766	-19.817577362060547	-20.623519897460938	-13.001562118530273	-23.522476196289062	21.609962463378906	-21.360435485839844	-22.552406311035156	-2.7746920585632324	-3.39749813079834
-30.475170135498047	-7.478374004364014	-19.592565536499023	-5.519584655761719	9.345404624938965	-14.01486873626709	-24.716699600219727	-2.508993625640869	-3.7068676948547363	-0.8027677536010742
-15.612030029296875	-6.146666049957275	-6.594732761383057	-7.63118839263916	-6.341043949127197	-8.451066017150879	-7.597311496734619	-15.811653137207031	14.806246757507324	-8.623595237731934
-21.238868713378906	-14.129148483276367	-17.44539451599121	1.159815788269043	1.4951856136322021	-12.31224536895752	-28.985076904296875	-9.400333404541016	-2.117203712463379	13.911115646362305
-33.90630340576172	-17.172670364379883	-3.1024112701416016	8.650555610656738	-2.2057905197143555	-14.50313949584961	-44.90444564819336	15.73099136352539	-14.035593032836914	-4.681150913238525
-10.473124504089355	6.2180023193359375	-3.230520248413086	-9.158990859985352	-0.1523033231496811	-10.592167854309082	-7.405900955200195	-5.301963806152344	-0.31829679012298584	-11.583481788635254
-24.272544860839844	-12.934030532836914	-5.687047481536865	12.983407974243164	-10.027667999267578	-1.7553067207336426	-14.103353500366211	-13.234283447265625	-8.842412948608398	-20.338764190673828
18.09600067138672	-17.273744583129883	-5.141174793243408	-15.970970153808594	-24.340513229370117	-8.22191333770752	-5.594326972961426	-6.573723793029785	-6.289346218109131	-3.4663660526275635
-17.774208068847656	-13.513195037841797	-13.769942283630371	22.515832901000977	-21.508378982543945	-2.532486915588379	-32.29674530029297	-7.678134918212891	-7.800942420959473	1.556132197380066
-14.916667938232422	-26.114700317382812	-8.13764762878418	-4.733227252960205	-20.232257843017578	0.42101696133613586	-6.781627178192139	-23.364166259765625	12.117142677307129	-3.4322075843811035
-25.747739791870117	-12.334564208984375	3.2055959701538086	13.28190803527832	-23.50710105895996	-7.329917907714844	-23.32624053955078	-6.5352301597595215	-6.217959403991699	-13.79831600189209
-17.581993103027344	12.900335311889648	-13.315205574035645	-8.749715805053711	-4.910329818725586	-13.789250373840332	-11.779778480529785	-2.49771785736084	-6.926176071166992	-8.370787620544434
-21.243539810180664	-14.255192756652832	-14.720917701721191	-4.2385149002075195	-1.1551554203033447	-6.981686115264893	-22.389854431152344	-11.739079475402832	-1.8661128282546997	12.124192237854004
-17.342613220214844	-13.086509704589844	-6.208603858947754	13.387283325195312	-20.58124351501465	-3.5814120769500732	-13.862831115722656	-15.855485916137695	-13.239712715148926	-3.731609344482422
-6.60112190246582	-11.542219161987305	-11.326960563659668	-12.994327545166016	10.365474700927734	-13.89322280883789	-14.823989868164062	-6.057511806488037	-10.854020118713379	-0.4210329055786133
-21.31905174255371	-9.470346450805664	-3.6911888122558594	-18.321489334106445	18.04100227355957	-15.769866943359375	-18.467811584472656	-7.215337753295898	-8.088189125061035	-10.456746101379395
-11.339557647705078	-15.204378128051758	-8.84070110321045	-8.295408248901367	-11.012667655944824	-1.1721265316009521	15.764453887939453	-27.2889461517334	-3.2559399604797363	-14.40759563446045
-19.49887466430664	-6.118738174438477	-4.747246265411377	-13.450849533081055	15.889179229736328	-21.697153091430664	-14.430150985717773	-8.92200756072998	-5.153295040130615	-6.312534332275391
-4.376631736755371	2.6448001861572266	16.522058486938477	-4.488462924957275	-19.81951141357422	-25.43634605407715	-21.535411834716797	-3.7121033668518066	-6.586459636688232	-8.80573844909668
-9.048929214477539	10.90496826171875	-5.0613694190979	-13.584041595458984	-5.944332122802734	-13.587803840637207	-8.250340461730957	-3.657733917236328	-5.908219814300537	-11.966024398803711
-11.02609634399414	-13.02734375	-7.7041473388671875	-6.717523574829102	-11.803642272949219	-6.911720275878906	-0.13699638843536377	-18.989736557006836	10.17341423034668	-3.1719961166381836
-9.607157707214355	-17.99885368347168	17.944316864013672	-0.12340115010738373	-8.635257720947266	-21.706098556518555	-20.964500427246094	-9.21800708770752	-3.1232810020446777	-17.58892059326172
-26.520681381225586	-21.850828170776367	-17.045448303222656	-5.97124719619751	-26.149398803710938	17.91248893737793	-29.73128890991211	-15.298162460327148	-6.995235443115234	4.417503356933594
-24.40758514404297	-5.846093654632568	-16.100088119506836	-14.425701141357422	15.053033828735352	-13.194903373718262	-23.65964126586914	-5.04783296585083	-5.976670742034912	-1.4426103830337524
-21.203048706054688	-12.841178894042969	-11.655412673950195	-3.982848644256592	-6.155728816986084	-5.203243255615234	-8.301883697509766	-7.074680805206299	3.788527488708496	-0.8777319192886353
-22.119548797607422	-12.977399826049805	-0.688717782497406	-0.9699015617370605	-9.713088989257812	-13.180953025817871	-28.698110580444336	-3.422283172607422	5.364958763122559	0.919619083404541
-27.58251190185547	-7.23792028427124	-12.656685829162598	-15.43008041381836	14.206049919128418	-13.82768726348877	-18.36766242980957	-1.2834752798080444	3.2098934650421143	-9.761146545410156
9.720756530761719	-14.584298133850098	-4.717525005340576	-6.908453941345215	-16.547630310058594	-13.20841121673584	-9.781391143798828	-2.3120481967926025	-4.094298839569092	-1.7007416486740112
19.641355514526367	-17.090089797973633	-9.372556686401367	-10.324581146240234	-21.379087448120117	-5.301523208618164	-6.477034568786621	-10.304070472717285	-10.134149551391602	-4.348339557647705
-19.62456512451172	-8.343488693237305	13.953988075256348	3.878296375274658	-23.56031608581543	-17.57787322998047	-15.198036193847656	-13.698033332824707	5.663883686065674	-16.62337875366211
-24.87928009033203	-14.44070816040039	-11.49328899383545	16.948001861572266	-3.842062473297119	-5.466788291931152	-24.237539291381836	-6.6607747077941895	-11.474533081054688	-6.164980888366699
-11.070483207702637	-14.478288650512695	19.02398109436035	-3.1931581497192383	-21.60502052307129	-23.67890739440918	-18.710025787353516	-5.92807149887085	-15.52771282196045	-9.141730308532715
-24.580032348632812	-14.276896476745605	-6.096049785614014	3.8772106170654297	-3.755000114440918	-11.657310485839844	-31.327068328857422	9.737330436706543	-3.5210471153259277	1.0997066497802734
-23.180631637573242	-5.154842853546143	-6.032228946685791	1.2956596612930298	-7.6869025230407715	-18.681697845458984	-35.24472427368164	9.876424789428711	-2.970292568206787	-0.08546198904514313
11.930815696716309	-20.08622932434082	-16.618486404418945	-12.978437423706055	-17.271364212036133	-2.0263216495513916	-7.250635623931885	-13.282829284667969	0.3761296272277832	-3.3539927005767822
-30.962364196777344	-18.805469512939453	-7.143540859222412	-6.027369499206543	-11.433126449584961	1.316678524017334	-7.4885993003845215	-27.797183990478516	18.990842819213867	-12.569622993469238
-24.497459411621094	-6.378590106964111	-1.1423617601394653	-2.0178921222686768	-5.394206523895264	-14.756945610046387	-29.87411117553711	14.706960678100586	-6.978168487548828	-10.416966438293457
-13.6351957321167	-7.84857702255249	-12.37849235534668	-6.219751358032227	9.586685180664062	-12.264542579650879	-14.135099411010742	-7.779391288757324	-4.825639247894287	-1.324953556060791
-29.163490295410156	1.3333081007003784	-10.256280899047852	-17.01311683654785	17.513362884521484	-17.878591537475586	-18.994361877441406	-10.04079532623291	-4.4956183433532715	-6.688891410827637
-15.427032470703125	-1.6446079015731812	0.27258971333503723	2.5127434730529785	-16.059328079223633	-21.355836868286133	-34.325138092041016	11.757349014282227	-7.10483980178833	-2.8888893127441406
-25.523197174072266	-13.21214485168457	-21.955991744995117	-5.607570171356201	0.9958808422088623	-12.002291679382324	-29.422935485839844	-2.8807101249694824	-2.672318935394287	15.493257522583008
-7.582995891571045	-11.681522369384766	-9.526658058166504	-20.781370162963867	2.858819007873535	-11.32890796661377	15.216049194335938	-21.85968780517578	-5.711482524871826	-12.223470687866211
-15.40506362915039	-16.184158325195312	-18.215686798095703	-2.052734375	-1.7357993125915527	-13.698280334472656	-25.410491943359375	-1.3557366132736206	-2.6468639373779297	13.177902221679688
11.234160423278809	-14.369760513305664	-10.412062644958496	-9.975332260131836	-20.4860782623291	-6.653007984161377	-3.6082494258880615	-16.290794372558594	-6.183501720428467	-3.4332938194274902
-14.16634750366211	-20.78969955444336	-10.45946979522705	-3.775562286376953	-7.074333667755127	-13.290361404418945	-13.751022338867188	-9.060779571533203	-0.7316164970397949	13.3770170211792
-19.604822158813477	-17.862688064575195	0.16373947262763977	-2.42468523979187	-9.497781753540039	-12.693354606628418	-19.079120635986328	-14.93923568725586	11.903005599975586	-0.012256753630936146
12.851543426513672	-16.928434371948242	-11.86594009399414	-11.091432571411133	-21.195032119750977	-1.7999109029769897	-9.863710403442383	-7.257475852966309	-4.938934326171875	-1.5376133918762207
-35.45660400390625	-17.133060455322266	-9.794839859008789	-11.868736267089844	16.79936981201172	-17.69377326965332	-33.17137145996094	-1.9086533784866333	-0.7459447383880615	2.522517681121826
-5.065722942352295	-10.543111801147461	-3.0862441062927246	-10.097357749938965	-1.4700287580490112	-2.531723976135254	9.578285217285156	-18.15557289123535	-3.63222074508667	-9.733342170715332
13.252870559692383	-13.142011642456055	-6.634786128997803	-8.870692253112793	-21.879980087280273	-1.9291181564331055	-13.684721946716309	-3.94342303276062	-3.320645809173584	-6.209237098693848
-10.01563549041748	-17.039697647094727	-11.69757080078125	-9.0360107421875	-11.083373069763184	-1.0278271436691284	15.749542236328125	-20.647706985473633	-0.08274548500776291	-14.877792358398438
-26.25216293334961	-13.252019882202148	-3.5548641681671143	14.020940780639648	-15.404092788696289	-2.9321253299713135	-19.320587158203125	-13.97564697265625	-12.453750610351562	-14.27036190032959
-18.056602478027344	-16.741901397705078	-20.857837677001953	-0.7655982971191406	-18.007980346679688	14.612600326538086	-21.770198822021484	-13.735064506530762	-10.020987510681152	2.13856840133667
-21.210540771484375	-9.994235038757324	-13.925532341003418	-8.785392761230469	11.577922821044922	-17.641704559326172	-26.405099868774414	-6.431606292724609	-5.414491176605225	8.786067008972168
-17.889734268188477	-21.18559455871582	-4.104620456695557	-6.110896110534668	-9.835028648376465	-11.602386474609375	-23.267887115478516	-13.938302993774414	14.899357795715332	-3.8223228454589844
-14.68580436706543	-10.68313980102539	-8.344897270202637	21.229942321777344	-21.086755752563477	-8.471505165100098	-25.360496520996094	-11.324853897094727	-10.948012351989746	-5.295892238616943
-19.5483341217041	-20.351213455200195	-7.278254985809326	22.131898880004883	-25.49850082397461	-4.085328578948975	-18.228553771972656	-14.041526794433594	-4.866327285766602	-1.083475112915039
-25.76023292541504	-17.968889236450195	-21.88971519470215	-5.021893501281738	2.1904802322387695	-13.31938362121582	-32.86601638793945	-2.5270936489105225	-2.6195244789123535	15.800780296325684
-24.716760635375977	-7.451778411865234	-11.47504997253418	23.97469139099121	-23.276716232299805	-1.7604570388793945	-27.656883239746094	-12.76898193359375	-8.244763374328613	-6.555835723876953
-28.06785011291504	-13.896553039550781	-6.501068592071533	29.117658615112305	-19.081796646118164	-8.551260948181152	-25.239234924316406	-3.63169527053833	-8.055304527282715	-5.419284820556641
-27.793052673339844	-13.043181419372559	-0.040403809398412704	15.846506118774414	-19.555341720581055	-3.7763259410858154	-18.914934158325195	-2.2233283519744873	-4.578986644744873	-9.107259750366211
-9.763065338134766	-8.73654556274414	-12.387558937072754	-3.864746570587158	-8.762246131896973	-4.307363986968994	-28.65896224975586	17.956092834472656	-7.008447170257568	-2.9407098293304443
-16.789146423339844	-7.972384452819824	-7.303179740905762	-0.4328697919845581	-14.515867233276367	-9.512164115905762	-21.625221252441406	-10.008040428161621	12.706957817077637	-3.267704963684082
18.872657775878906	-22.089679718017578	-9.712776184082031	-14.72330379486084	-24.755809783935547	-2.4198691844940186	-3.6681430339813232	-12.410980224609375	-9.252914428710938	-7.357095718383789
-15.677781105041504	-7.951229095458984	6.8298749923706055	5.267167091369629	-13.832718849182129	-16.905942916870117	-10.1188325881958	-9.453282356262207	3.8590755462646484	-14.624714851379395
-26.973785400390625	-19.68614387512207	8.124530792236328	9.402752876281738	-18.382192611694336	-19.793663024902344	-30.825172424316406	6.369491100311279	2.5824642181396484	-10.554041862487793
-18.49201011657715	9.173442840576172	-10.124128341674805	-7.175599098205566	-4.732292652130127	-12.194756507873535	-15.175142288208008	-3.378030776977539	-6.208949565887451	-4.97487211227417
-16.560266494750977	-11.829416275024414	-0.905479371547699	5.481949806213379	-17.361494064331055	-14.797720909118652	-40.37691879272461	21.083765029907227	-12.761353492736816	-3.568476438522339
13.393485069274902	-12.861831665039062	-7.426159381866455	-8.30605411529541	-15.699474334716797	-3.282217025756836	-6.35822057723999	-11.690093994140625	-6.901513576507568	-5.737353324890137
-5.153153896331787	-16.0164737701416	-9.597817420959473	-13.269962310791016	-5.821391582489014	-2.2576987743377686	16.821077346801758	-19.040298461914062	-7.110894680023193	-15.346250534057617
-25.084300994873047	-24.880468368530273	-21.354015350341797	6.097177982330322	-19.792251586914062	23.476858139038086	-25.740503311157227	-6.503571033477783	-11.456181526184082	-4.097721099853516
-29.615873336791992	-11.418143272399902	-11.33617115020752	-11.780118942260742	14.642999649047852	-11.864766120910645	-25.527997970581055	-7.326997756958008	-0.5466653108596802	-0.22161580622196198
-28.812286376953125	-13.857658386230469	-4.128562927246094	24.610944747924805	-21.30483627319336	-2.6136977672576904	-35.225337982177734	-14.586292266845703	-10.250921249389648	-10.18901538848877
-3.6230218410491943	-11.872502326965332	-4.642282009124756	0.8667745590209961	-21.023536682128906	-9.002967834472656	-7.0534210205078125	-18.66717529296875	8.841398239135742	-8.966409683227539
16.863197326660156	-19.26901626586914	-10.82967472076416	-12.985788345336914	-17.29054069519043	-11.056057929992676	-8.245086669921875	-10.314043045043945	-5.706443786621094	1.808995246887207
-16.899124145507812	-13.592450141906738	-14.448742866516113	-0.5968512296676636	-5.622283458709717	-14.650843620300293	-28.78555679321289	-0.23854634165763855	0.7873698472976685	10.47414493560791
-7.858374118804932	-15.5775785446167	-11.12060546875	-9.803869247436523	-6.045501232147217	2.9526350498199463	15.778663635253906	-27.664724349975586	-4.925640106201172	-11.903159141540527
-27.224458694458008	-16.86958122253418	-6.16627836227417	13.720873832702637	-13.309392929077148	-0.5328319072723389	-21.15016746520996	-13.466497421264648	-8.882424354553223	-11.356125831604004
-22.1533203125	-31.765195846557617	0.24850991368293762	-5.300991535186768	-11.52538013458252	-6.3708367347717285	-24.32775115966797	-16.700565338134766	13.963751792907715	-1.4876282215118408
13.953834533691406	-22.450477600097656	-6.034498691558838	-19.07048988342285	-11.412253379821777	-5.989487648010254	-3.6359810829162598	-19.897964477539062	-16.952665328979492	-4.828261852264404
-22.82851791381836	-16.412710189819336	-14.745243072509766	-9.858308792114258	1.335069179534912	-19.70522117614746	-41.9897575378418	-0.935272216796875	-2.346261739730835	18.649581909179688
-22.188316345214844	-24.593992233276367	-17.46487808227539	-5.382774829864502	-4.6864333152771	-11.251574516296387	-34.79186248779297	-6.890669345855713	2.645113706588745	16.28464126586914
-10.601197242736816	-21.059890747070312	-4.858307838439941	-9.741743087768555	-11.908492088317871	0.4655101001262665	18.44051742553711	-28.213287353515625	-3.6672842502593994	-12.292865753173828
-10.64249324798584	-10.176868438720703	-3.4596967697143555	-11.205479621887207	-10.268001556396484	-14.353118896484375	-16.081602096557617	-5.759636402130127	11.079914093017578	-2.6044323444366455
-11.690017700195312	-12.9315824508667	-6.487131118774414	-12.922830581665039	-7.2970709800720215	-9.25922966003418	18.35458755493164	-24.095767974853516	-2.563265562057495	-16.157102584838867
-23.7844181060791	-24.053239822387695	-4.1729865074157715	-2.706655979156494	-10.112300872802734	-5.041182518005371	-18.54404067993164	-13.262641906738281	11.975631713867188	-1.461074948310852
-23.223291397094727	-16.575136184692383	-27.873117446899414	-2.942697286605835	-16.548887252807617	23.74299430847168	-13.269247055053711	-18.05244255065918	-7.373898506164551	-0.8981688022613525
-27.528522491455078	-2.867058038711548	-12.137331008911133	4.776693344116211	-3.9025535583496094	-11.735701560974121	-32.31489181518555	15.355890274047852	-10.462394714355469	0.6826558113098145
-15.64706802368164	-20.327672958374023	-2.6511268615722656	-0.9463390111923218	-16.351716995239258	-0.13083520531654358	-8.929569244384766	-30.050323486328125	15.632842063903809	-8.642216682434082
-13.991228103637695	-16.1815128326416	-11.406322479248047	-9.377195358276367	-4.451254367828369	-4.4491868019104	19.11098289489746	-16.817564010620117	-2.138054370880127	-18.999521255493164
13.087349891662598	-14.775619506835938	-5.08528470993042	-7.109766006469727	-22.05409812927246	-7.261868476867676	-8.542463302612305	-8.443243026733398	-11.80529499053955	1.3078901767730713
-6.732004642486572	-5.905806064605713	17.75136947631836	-2.045053005218506	-23.145421981811523	-25.079111099243164	-23.59108543395996	-4.43871545791626	-2.989330768585205	-6.093013763427734
-15.357381820678711	-7.455706596374512	-0.7923299670219421	-18.551355361938477	12.759963989257812	-17.35456657409668	-2.1196582317352295	-12.092412948608398	-1.9007676839828491	-8.011422157287598
11.92162036895752	-12.808414459228516	-10.979393005371094	-21.748666763305664	-14.51354694366455	-5.136900424957275	-4.573484897613525	-5.817464351654053	-6.418954372406006	-6.6165266036987305
-12.410932540893555	-14.612222671508789	15.203503608703613	-5.200656414031982	-11.070009231567383	-26.26881980895996	-13.300736427307129	-10.902132034301758	-8.457213401794434	-8.042387962341309
-7.2515177726745605	-5.833153247833252	11.028334617614746	-3.930178165435791	-17.344900131225586	-17.448646545410156	-16.97386360168457	-4.392366886138916	-0.8491672873497009	-6.583521842956543
-18.878875732421875	-7.253689289093018	-3.9338622093200684	17.96443748474121	-15.339648246765137	-13.77992057800293	-23.381378173828125	-2.3527238368988037	-8.721570014953613	1.469099521636963
-6.638808250427246	7.709366321563721	-0.6250279545783997	-9.477036476135254	-8.378143310546875	-10.016396522521973	-4.862846851348877	-13.022980690002441	-4.794613838195801	-9.76672649383545
-21.274307250976562	-30.50589370727539	-18.852270126342773	1.1258437633514404	-2.3955793380737305	-6.247430324554443	-39.66712951660156	-1.970004677772522	-2.4971280097961426	16.1387996673584
-26.734590530395508	-16.544584274291992	4.233818054199219	4.198929309844971	-11.107036590576172	-21.538541793823242	-40.37741470336914	19.47890281677246	-5.338352680206299	-8.971111297607422
-22.04228973388672	-21.832923889160156	-17.16592025756836	-3.652952194213867	-19.584196090698242	16.50423240661621	-21.973960876464844	-12.5791015625	-6.173857688903809	4.795445442199707
-13.089324951171875	2.0029141902923584	-6.262408256530762	-4.968463897705078	-9.685600280761719	-14.432084083557129	-13.320981979370117	-4.131478786468506	2.735605239868164	-10.195167541503906
14.398321151733398	-13.724381446838379	-4.334903240203857	-9.98219108581543	-14.423782348632812	-9.420247077941895	-13.460090637207031	-8.518194198608398	-5.974499702453613	-6.94278621673584
-16.01580810546875	-18.077579498291016	-4.016409873962402	-1.8311049938201904	-13.854735374450684	-14.360010147094727	-12.794057846069336	-17.42074203491211	15.34041976928711	-4.541110038757324
-16.132556915283203	-8.266875267028809	-8.825188636779785	-16.437665939331055	14.859889030456543	-17.52895164489746	-14.985508918762207	-8.40559196472168	-9.216985702514648	-4.963807582855225
-4.447173118591309	-9.766510963439941	-2.0583319664001465	-16.610315322875977	-2.8507606983184814	-4.21964168548584	13.259574890136719	-25.748138427734375	-10.05943775177002	-12.690978050231934
-7.445931911468506	2.2731502056121826	14.41946029663086	-5.640466690063477	-19.334928512573242	-19.73125457763672	-14.785820007324219	-7.245367527008057	-2.164400100708008	-12.386178016662598
-12.782585144042969	-11.861068725585938	-0.8533713221549988	-16.795080184936523	7.592470645904541	-20.594255447387695	6.320513725280762	-22.517173767089844	-9.282641410827637	-4.2537407875061035
-18.858152389526367	-10.524524688720703	-0.5035576224327087	3.5484962463378906	-15.660173416137695	-17.73491668701172	-36.97981643676758	23.12943458557129	-9.70422649383545	-5.541923999786377
-12.16491985321045	-14.079957962036133	-10.91280746459961	-5.304713249206543	-7.397120952606201	-14.083171844482422	-15.781207084655762	-4.283300399780273	-3.1927850246429443	10.777185440063477
-33.50387191772461	-16.007633209228516	-2.5399999618530273	20.551034927368164	-16.044187545776367	-12.87863540649414	-41.77381134033203	-2.2740464210510254	-5.041479587554932	-7.205204010009766
-1.2842795848846436	-10.218676567077637	7.513739109039307	-7.334699630737305	-6.942939758300781	-7.350580215454102	-20.448205947875977	-10.489191055297852	-8.885607719421387	-15.40003490447998
-24.087038040161133	-22.674657821655273	-15.58161735534668	-8.771272659301758	-3.368753671646118	-4.788195610046387	-17.870723724365234	-11.212259292602539	0.5230185985565186	15.176716804504395
-22.168651580810547	-17.33770179748535	2.365293025970459	-4.476097106933594	-14.618605613708496	-22.94046974182129	-25.666484832763672	-3.9260146617889404	19.771371841430664	-14.758553504943848
-8.313836097717285	-14.880939483642578	19.585105895996094	0.2593251168727875	-19.566987991333008	-19.301868438720703	-13.032085418701172	-8.149971961975098	-5.952427864074707	-13.644707679748535
-16.24428939819336	-9.003057479858398	24.086923599243164	-3.3663063049316406	-18.5009765625	-24.626951217651367	-17.56859016418457	-13.94573974609375	0.21719707548618317	-17.065006256103516
-22.76942253112793	-27.508604049682617	-20.131000518798828	-4.940789222717285	0.3149905502796173	-14.597325325012207	-38.5854377746582	-5.044152736663818	-0.5447694659233093	19.314376831054688
-7.150710582733154	1.0344719886779785	12.633757591247559	-2.565225839614868	-14.634714126586914	-15.960881233215332	-7.668654441833496	-7.822508811950684	-6.814682483673096	-20.168445587158203
-18.736980438232422	-12.83311653137207	-3.544440269470215	1.9436852931976318	-11.906429290771484	-6.166162490844727	-32.75601577758789	19.882015228271484	-15.603363990783691	-3.7487423419952393
-19.35860824584961	-19.82132911682129	-0.2637600600719452	17.624971389770508	-26.46208381652832	-8.630170822143555	-24.564653396606445	-6.071117877960205	-4.925546646118164	-18.257431030273438
-14.917437553405762	-23.317319869995117	-27.263010025024414	-5.4173431396484375	-16.793537139892578	17.887737274169922	-9.066244125366211	-8.8273344039917	-4.57222318649292	-0.7729496955871582
-19.33405303955078	-12.683818817138672	-20.06912612915039	-4.766595363616943	0.25207915902137756	-17.842470169067383	-27.188100814819336	-6.2604265213012695	-1.881924033164978	14.655743598937988
-20.338037490844727	9.745261192321777	-11.060787200927734	-4.72394323348999	-5.479723930358887	-14.85716724395752	-14.038813591003418	-4.759700298309326	-4.655011177062988	-6.526824951171875
-14.862495422363281	-29.39589500427246	-6.557778358459473	0.09680165350437164	-20.4913387298584	-3.72297739982605	-2.1051552295684814	-27.042490005493164	12.240582466125488	-3.716893196105957
13.831329345703125	-19.871530532836914	-4.46606969833374	-15.427648544311523	-12.696508407592773	-10.318353652954102	-5.383129596710205	-18.017139434814453	-8.079035758972168	-2.848498821258545
-17.35824203491211	1.527681827545166	21.036245346069336	0.12715047597885132	-16.759431838989258	-32.35736846923828	-29.12816047668457	-1.5137728452682495	-5.996631622314453	-9.643656730651855
14.585883140563965	-17.871768951416016	-4.780531883239746	-14.477331161499023	-20.045175552368164	-11.642781257629395	-6.668272018432617	-7.145127773284912	-2.26517653465271	-7.2407941818237305
-20.757884979248047	-14.896431922912598	-17.23809814453125	3.2394728660583496	-10.64538860321045	8.954803466796875	-17.43490982055664	-18.815776824951172	-8.392449378967285	-2.2031075954437256
-6.596914291381836	2.7975332736968994	9.6873197555542	-14.110081672668457	2.133148193359375	-15.124598503112793	-0.6848924160003662	-15.927722930908203	-8.525628089904785	-19.881427764892578
-18.759902954101562	12.011378288269043	-9.430472373962402	-7.676746368408203	-5.497897624969482	-15.690014839172363	-17.902368545532227	-1.695269227027893	-6.987944602966309	-3.899214744567871
-31.846553802490234	-15.085424423217773	-9.215641975402832	25.913183212280273	-18.5042667388916	-1.9339268207550049	-32.30930709838867	-16.57782745361328	-6.01316499710083	-10.034465789794922
-12.961453437805176	-7.571521282196045	-1.8600614070892334	3.7965340614318848	-15.890737533569336	-15.87300968170166	-35.728084564208984	13.541167259216309	-10.131064414978027	1.1323118209838867
-0.46202704310417175	-11.707853317260742	-12.059207916259766	-17.651243209838867	-14.61111831665039	6.000683307647705	12.342937469482422	-21.617525100708008	-3.393002986907959	-7.051629066467285
-18.473648071289062	-10.486648559570312	-4.901047229766846	2.151376724243164	-11.284839630126953	-13.154375076293945	-41.99894332885742	18.493083953857422	-13.523028373718262	1.174699306488037
-16.6294002532959	11.883430480957031	-9.985267639160156	-10.305944442749023	-6.824068546295166	-18.725156784057617	-14.954427719116211	-0.7653361558914185	-6.352501392364502	-5.9103569984436035
-5.381903648376465	-1.385463833808899	16.280033111572266	-4.721410751342773	-18.94156837463379	-24.635168075561523	-16.755619049072266	-5.097723484039307	-4.618233680725098	-11.871232032775879
-11.24112606048584	-25.6216983795166	-13.040560722351074	-3.167078733444214	-24.61977767944336	20.424238204956055	-20.321918487548828	-10.46723461151123	-10.589576721191406	-11.859541893005371
-21.03402328491211	-14.137053489685059	-3.4059998989105225	5.180467128753662	-9.2169828414917	-7.851044654846191	-17.121780395507812	-8.599377632141113	10.480517387390137	-18.20549201965332
18.71025276184082	-21.063447952270508	-9.226785659790039	-10.487245559692383	-22.57879066467285	-1.42661452293396	-8.74142837524414	-7.711857795715332	-6.227514266967773	-6.124814987182617
-23.712926864624023	-16.471744537353516	-7.986577987670898	24.560007095336914	-20.27768898010254	-4.5884013175964355	-34.14536666870117	-7.283480644226074	-7.255173683166504	-5.205247402191162
-10.657132148742676	-5.913285732269287	-9.755465507507324	-6.032155990600586	-3.398247241973877	-10.104033470153809	-15.542729377746582	9.388166427612305	-11.111445426940918	-3.7700254917144775
-6.594074726104736	5.0133376121521	2.5400891304016113	-1.0688471794128418	-14.346651077270508	-18.18839454650879	-24.694883346557617	3.6777780055999756	-7.468156337738037	-7.687662124633789
-20.080032348632812	-3.388089418411255	-1.8628902435302734	-14.296693801879883	16.30463218688965	-16.907684326171875	-14.042521476745605	-3.0026237964630127	-6.533875942230225	-10.494375228881836
12.712796211242676	-5.886376857757568	-6.916775703430176	-15.933807373046875	-9.00866413116455	-5.080810546875	-5.040972709655762	-10.361084938049316	-7.900589466094971	-15.312079429626465
-24.753467559814453	-22.61736488342285	-17.10066032409668	1.4323234558105469	-3.5203473567962646	-10.730757713317871	-35.12220764160156	-8.110483169555664	-2.7449705600738525	17.09383773803711
-16.544397354125977	11.804941177368164	-12.967009544372559	-8.246363639831543	-4.564993381500244	-16.10914421081543	-12.134986877441406	-1.8831840753555298	-8.072590827941895	-6.088036060333252
-19.163217544555664	-17.694154739379883	-3.7947120666503906	-6.057193756103516	-11.466196060180664	-5.071288108825684	-11.294230461120605	-16.92879867553711	16.158266067504883	-8.047806739807129
-12.981758117675781	-7.779731273651123	-10.208921432495117	-16.460433959960938	-7.215795516967773	-8.222596168518066	16.879730224609375	-18.264373779296875	-3.6971850395202637	-18.942790985107422
-14.621955871582031	-0.5538210868835449	-7.198471546173096	1.4301824569702148	-8.97980785369873	-16.627370834350586	-29.680110931396484	13.315469741821289	-8.436013221740723	2.6012895107269287
-14.99473762512207	0.4461214244365692	-1.560486078262329	1.7789515256881714	-14.802087783813477	-17.12766456604004	-26.011722564697266	8.729912757873535	-4.845330238342285	1.1315884590148926
-33.421138763427734	-10.48720645904541	-6.796105861663818	-8.157180786132812	12.158656120300293	-13.479994773864746	-20.41347312927246	-3.9469587802886963	-5.41737699508667	-13.496376991271973
-23.73196792602539	-10.428372383117676	-3.4779176712036133	19.47829818725586	-21.188608169555664	-11.02298355102539	-23.602985382080078	-6.256989479064941	-7.663024425506592	-2.6889212131500244
-21.765939712524414	-4.870953559875488	-15.901978492736816	-10.197927474975586	14.68179702758789	-14.652283668518066	-22.909099578857422	-5.44087553024292	1.784411072731018	-0.7254571914672852
-13.459569931030273	-21.2982120513916	-10.12240219116211	-7.263398170471191	-4.027769565582275	-15.902104377746582	-15.477194786071777	-14.629820823669434	-5.2510504722595215	15.804076194763184
-14.09166431427002	12.152129173278809	-7.083877086639404	-9.131905555725098	-5.389156341552734	-15.695219039916992	-11.685569763183594	-1.1883240938186646	-6.153643608093262	-10.490220069885254
-22.188684463500977	-23.518999099731445	-17.044628143310547	-5.54201602935791	-0.1348569244146347	-7.8974761962890625	-17.604007720947266	-6.403931617736816	-2.7805609703063965	10.94739055633545
-23.809675216674805	-15.006479263305664	-14.839476585388184	7.580883979797363	-7.546958923339844	8.727524757385254	-13.99864673614502	-17.298248291015625	-10.343094825744629	-6.047758102416992
-15.428125381469727	11.685142517089844	-10.878957748413086	-10.069330215454102	-5.224597454071045	-17.125581741333008	-11.010276794433594	-1.5168951749801636	-6.95680570602417	-6.414874076843262
-15.921244621276855	-18.93876838684082	5.261926174163818	1.4890997409820557	-12.573345184326172	-16.641586303710938	-26.854047775268555	14.51430606842041	-5.838318347930908	-9.312165260314941
-13.185827255249023	-18.433320999145508	-3.6185197830200195	20.948240280151367	-25.949384689331055	-10.353854179382324	-23.451112747192383	-10.985801696777344	-11.373270988464355	-11.886334419250488
-13.088340759277344	-24.57294273376465	-15.914652824401855	-9.322609901428223	0.1753542572259903	-14.833001136779785	-22.248754501342773	-8.270742416381836	-2.342860698699951	16.39822006225586
-15.134540557861328	-5.11770486831665	-0.43771669268608093	6.08728551864624	-18.24159812927246	-23.109678268432617	-36.44561767578125	15.333475112915039	-9.919795036315918	-0.21498967707157135
-14.123331069946289	-14.400276184082031	-6.711297035217285	-15.002826690673828	-5.3111252784729	-2.343203067779541	20.828330993652344	-27.33572006225586	-8.572617530822754	-13.477852821350098
-24.20734405517578	-26.76167106628418	-21.555309295654297	-4.980327606201172	2.6935787200927734	-10.647860527038574	-35.31077194213867	-3.4342243671417236	-3.941815137863159	17.403324127197266
-14.991628646850586	11.593653678894043	-7.95082426071167	-8.628449440002441	-6.817753314971924	-14.059407234191895	-13.995621681213379	-2.5886476039886475	-7.363190174102783	-6.318922996520996
-19.76000213623047	-9.481781959533691	-11.633011817932129	18.65581703186035	-12.309698104858398	-4.857004642486572	-16.06655502319336	-10.238177299499512	-8.404932022094727	-3.8786988258361816
-30.27906036376953	-10.247776985168457	2.1989078521728516	6.449563026428223	-7.146892070770264	-19.631248474121094	-33.77281188964844	4.861871242523193	-9.336442947387695	1.8543872833251953
-20.282772064208984	-15.16159439086914	4.852811336517334	-4.858536720275879	-14.358437538146973	-14.00115966796875	-21.16444206237793	-6.58897590637207	10.346282005310059	-0.6762529611587524
-23.539873123168945	-7.302270889282227	-4.042370319366455	26.778696060180664	-21.294950485229492	-13.338722229003906	-33.026344299316406	-8.614832878112793	-11.504002571105957	-5.171208381652832
-30.549558639526367	-13.522226333618164	-3.425452709197998	24.758724212646484	-21.815183639526367	-5.642467975616455	-28.04157829284668	-10.183287620544434	-6.040792942047119	-9.722766876220703
-6.670301914215088	-16.662656784057617	-9.218689918518066	-13.442138671875	-10.783439636230469	2.2961156368255615	13.706499099731445	-22.70810890197754	-3.5369582176208496	-8.798391342163086
-7.652810096740723	0.3343650996685028	-10.158856391906738	-5.1439924240112305	-1.1111664772033691	-7.423781394958496	-23.892066955566406	7.7764201164245605	-11.227911949157715	-0.47505152225494385
-16.563987731933594	-7.230376720428467	17.255699157714844	-3.123948574066162	-23.390161514282227	-24.047725677490234	-20.711217880249023	-4.946353435516357	-1.4104371070861816	-4.953380107879639
-35.31129837036133	-20.254364013671875	-6.5583038330078125	-12.222576141357422	-4.5003180503845215	-11.137011528015137	-32.21728515625	-7.201383113861084	12.201009750366211	2.910093069076538
-16.828710556030273	-14.562334060668945	-28.831132888793945	-3.7439117431640625	-12.305208206176758	9.519761085510254	-16.667150497436523	-6.116829872131348	1.2834948301315308	5.521615505218506
-18.02471160888672	-10.225075721740723	-10.201027870178223	-2.967425584793091	-12.181026458740234	-5.451661109924316	-8.289405822753906	-15.378866195678711	12.65976619720459	-8.58110523223877
-19.277198791503906	2.483414649963379	-23.567155838012695	-7.341385841369629	-8.606613159179688	11.61513614654541	-14.460535049438477	-14.291130065917969	-4.704372882843018	-8.35812759399414
-13.572023391723633	11.260381698608398	-4.30355978012085	-9.125710487365723	-5.05328369140625	-17.875667572021484	-14.233745574951172	1.475584864616394	-6.610029697418213	-8.673600196838379
-16.099498748779297	9.389162063598633	-10.979153633117676	-7.360729217529297	-7.388337135314941	-8.350942611694336	-15.65890884399414	0.6427911520004272	-5.74105978012085	-2.863593101501465
-25.377897262573242	-5.43815279006958	-5.2465291023254395	-10.766356468200684	16.347606658935547	-14.370759010314941	-21.68463134765625	-7.372723579406738	-5.7819504737854	-7.0252909660339355
-32.99754333496094	-16.302467346191406	-21.619386672973633	-12.598756790161133	18.517498016357422	-14.743359565734863	-27.15612030029297	-2.6595818996429443	-2.403733730316162	4.057175159454346
-28.620342254638672	-19.347883224487305	-10.413826942443848	16.216487884521484	-7.837303161621094	-6.471968650817871	-28.410425186157227	-1.6392334699630737	-8.224701881408691	-1.169205904006958
-19.65848731994629	8.72534465789795	-6.562004566192627	-7.424386978149414	-5.484537601470947	-12.982573509216309	-21.460126876831055	-4.731067180633545	-5.425291061401367	-2.1511449813842773
15.163492202758789	-14.548693656921387	-1.8723325729370117	-15.706588745117188	-13.392942428588867	-14.497178077697754	-4.996022701263428	-14.794942855834961	-10.483290672302246	-0.7388862371444702
-11.842732429504395	-7.763012886047363	-0.26184746623039246	3.48512864112854	-13.533065795898438	-19.889711380004883	-29.30328369140625	11.756429672241211	-5.937705993652344	-3.0714359283447266
-26.452911376953125	-15.18936538696289	3.7611916065216064	8.930442810058594	-10.217351913452148	-21.39209747314453	-44.57758331298828	18.78243064880371	-10.739790916442871	-2.4498558044433594
