1.760620228783888640e+18 0.000000000000000000e+00
1.760620231850473728e+18 0.000000000000000000e+00
1.760620233383650816e+18 0.000000000000000000e+00
1.760620238483258624e+18 0.000000000000000000e+00
1.760620239149674752e+18 1.500000000000000000e+01
1.760620239316528896e+18 1.500000000000000000e+01
1.760620239349646592e+18 1.500000000000000000e+01
1.760620239416525568e+18 1.500000000000000000e+01
1.760620239483140608e+18 3.900000000000000000e+01
1.760620239549651712e+18 3.900000000000000000e+01
1.760620239649602560e+18 3.900000000000000000e+01
1.760620239683164672e+18 3.900000000000000000e+01
1.760620239749626624e+18 3.900000000000000000e+01
1.760620239816490752e+18 3.900000000000000000e+01
1.760620239882991872e+18 3.900000000000000000e+01
1.760620240316385792e+18 6.000000000000000000e+00
1.760620240516372736e+18 -2.700000000000000000e+01
1.760620253115359744e+18 0.000000000000000000e+00
1.760620253582946816e+18 0.000000000000000000e+00
1.760620254182065664e+18 0.000000000000000000e+00
1.760620254648501760e+18 2.000000000000000000e+00
1.760620254748507648e+18 2.000000000000000000e+00
1.760620254815351808e+18 2.000000000000000000e+00
1.760620254881856768e+18 2.000000000000000000e+00
1.760620254948604672e+18 2.000000000000000000e+00
1.760620255015309568e+18 2.000000000000000000e+00
1.760620255081821696e+18 2.000000000000000000e+00
1.760620256481898752e+18 6.000000000000000000e+00
1.760620256615020800e+18 6.000000000000000000e+00
1.760620256748526592e+18 6.000000000000000000e+00
1.760620256815011840e+18 6.000000000000000000e+00
1.760620257015239680e+18 6.000000000000000000e+00
1.760620257215202560e+18 6.000000000000000000e+00
1.760620257348334848e+18 6.000000000000000000e+00
1.760620257415185664e+18 6.000000000000000000e+00
1.760620257615178496e+18 6.000000000000000000e+00
1.760620257681765888e+18 5.000000000000000000e+00
1.760620257748267776e+18 5.000000000000000000e+00
1.760620257815187712e+18 5.000000000000000000e+00
1.760620257881655808e+18 5.000000000000000000e+00
1.760620257948368896e+18 5.000000000000000000e+00
1.760620258015108608e+18 5.000000000000000000e+00
1.760620258081644800e+18 5.000000000000000000e+00
1.760620258281607680e+18 6.000000000000000000e+00
1.760620258348496640e+18 6.000000000000000000e+00
1.760620258615071744e+18 6.000000000000000000e+00
1.760620258681536768e+18 8.000000000000000000e+00
1.760620258748469504e+18 8.000000000000000000e+00
1.760620258815058688e+18 8.000000000000000000e+00
1.760620258881612800e+18 8.000000000000000000e+00
1.760620258948764672e+18 8.000000000000000000e+00
1.760620259014910720e+18 8.000000000000000000e+00
1.760620259081749760e+18 8.000000000000000000e+00
1.760620259148421888e+18 8.000000000000000000e+01
1.760620259214856704e+18 1.000000000000000000e+01
1.760620259348381696e+18 1.000000000000000000e+01
1.760620259481784576e+18 1.000000000000000000e+01
1.760620259548381440e+18 1.000000000000000000e+01
1.760620259681669632e+18 1.100000000000000000e+01
1.760620259781743872e+18 1.100000000000000000e+01
1.760620259814795776e+18 1.100000000000000000e+01
1.760620259881709568e+18 1.100000000000000000e+01
1.760620259948173824e+18 1.100000000000000000e+01
1.760620260015041536e+18 1.100000000000000000e+01
1.760620260115029504e+18 1.100000000000000000e+01
1.760620260148184832e+18 1.100000000000000000e+01
1.760620260215036672e+18 1.300000000000000000e+01
1.760620260281645824e+18 1.300000000000000000e+01
1.760620260348135680e+18 1.300000000000000000e+01
1.760620260448124672e+18 1.300000000000000000e+01
1.760620260514976768e+18 1.300000000000000000e+01
1.760620260581603840e+18 1.300000000000000000e+01
1.760620260648089600e+18 1.300000000000000000e+01
1.760620261181437696e+18 1.600000000000000000e+01
1.760620261248325632e+18 1.500000000000000000e+01
1.760620261314887680e+18 1.500000000000000000e+01
1.760620261514871552e+18 1.500000000000000000e+01
1.760620261581370624e+18 1.500000000000000000e+01
1.760620261648232704e+18 1.500000000000000000e+01
1.760620261781300736e+18 1.500000000000000000e+01
1.760620261848193536e+18 1.500000000000000000e+01
1.760620261981532672e+18 1.500000000000000000e+01
1.760620262181557760e+18 1.500000000000000000e+01
1.760620262314656768e+18 1.500000000000000000e+01
1.760620262381522688e+18 1.500000000000000000e+01
1.760620262448141568e+18 1.500000000000000000e+01
1.760620262514665728e+18 1.500000000000000000e+01
1.760620262714624768e+18 1.600000000000000000e+01
1.760620262781524736e+18 1.600000000000000000e+01
1.760620262848123904e+18 1.600000000000000000e+01
1.760620262914705664e+18 1.600000000000000000e+01
1.760620262981431808e+18 1.600000000000000000e+01
1.760620263047958528e+18 1.600000000000000000e+01
1.760620263114813440e+18 1.600000000000000000e+01
1.760620263181441792e+18 1.600000000000000000e+01
1.760620263247929600e+18 1.800000000000000000e+01
1.760620263447933696e+18 1.800000000000000000e+01
1.760620263514772736e+18 1.800000000000000000e+01
1.760620263581409792e+18 1.800000000000000000e+01
1.760620263647928832e+18 1.800000000000000000e+01
1.760620263914744576e+18 1.800000000000000000e+01
1.760620263981220608e+18 1.800000000000000000e+01
1.760620264048136704e+18 1.800000000000000000e+01
1.760620264114762752e+18 1.800000000000000000e+01
1.760620264181214464e+18 1.800000000000000000e+01
1.760620264381196800e+18 1.700000000000000000e+01
1.760620264448087808e+18 1.700000000000000000e+01
1.760620264514712576e+18 1.700000000000000000e+01
1.760620264581210624e+18 1.700000000000000000e+01
1.760620264848031744e+18 1.700000000000000000e+01
1.760620264914510848e+18 1.700000000000000000e+01
1.760620264981332736e+18 1.700000000000000000e+01
1.760620265048007680e+18 1.700000000000000000e+01
1.760620265247996672e+18 1.700000000000000000e+01
1.760620265581341696e+18 1.700000000000000000e+01
1.760620265647959808e+18 1.700000000000000000e+01
1.760620265714457856e+18 1.700000000000000000e+01
1.760620265781302784e+18 1.700000000000000000e+01
1.760620265847907840e+18 1.700000000000000000e+01
1.760620266247786752e+18 1.800000000000000000e+01
1.760620266314662656e+18 1.600000000000000000e+01
1.760620266381198592e+18 1.600000000000000000e+01
1.760620266447783680e+18 1.600000000000000000e+01
1.760620266514587648e+18 1.600000000000000000e+01
1.760620266581250560e+18 1.600000000000000000e+01
1.760620266647726848e+18 1.600000000000000000e+01
1.760620266714616832e+18 1.600000000000000000e+01
1.760620266814560768e+18 1.800000000000000000e+01
1.760620267014524672e+18 1.800000000000000000e+01
1.760620267147901696e+18 1.800000000000000000e+01
1.760620267280983808e+18 1.900000000000000000e+01
1.760620267347900672e+18 1.900000000000000000e+01
1.760620267414495744e+18 1.900000000000000000e+01
1.760620267480977664e+18 1.900000000000000000e+01
1.760620267614464768e+18 1.900000000000000000e+01
1.760620267680967680e+18 1.900000000000000000e+01
1.760620267747828736e+18 1.900000000000000000e+01
1.760620267814448640e+18 1.900000000000000000e+01
1.760620267881079552e+18 1.900000000000000000e+01
1.760620268014297600e+18 1.900000000000000000e+01
1.760620268081173760e+18 1.900000000000000000e+01
1.760620268147848704e+18 1.900000000000000000e+01
1.760620268214300672e+18 1.900000000000000000e+01
1.760620268347844608e+18 1.900000000000000000e+01
1.760620268481183744e+18 1.900000000000000000e+01
1.760620268547891712e+18 1.900000000000000000e+01
1.760620268681176576e+18 1.900000000000000000e+01
1.760620268747803648e+18 1.900000000000000000e+01
1.760620268814293504e+18 1.900000000000000000e+01
1.760620268881237760e+18 1.900000000000000000e+01
1.760620268947676672e+18 1.900000000000000000e+01
1.760620269014573568e+18 1.900000000000000000e+01
1.760620269081260800e+18 1.900000000000000000e+01
1.760620269147810816e+18 1.900000000000000000e+01
1.760620269214784512e+18 1.900000000000000000e+01
1.760620269281423616e+18 1.900000000000000000e+01
1.760620269348004608e+18 1.700000000000000000e+01
1.760620269414965504e+18 1.700000000000000000e+01
1.760620269615106560e+18 1.700000000000000000e+01
1.760620269681729792e+18 1.700000000000000000e+01
1.760620269815255552e+18 1.500000000000000000e+01
1.760620269881921792e+18 1.500000000000000000e+01
1.760620269948585728e+18 1.500000000000000000e+01
1.760620270081971712e+18 1.500000000000000000e+01
1.760620270215570688e+18 1.500000000000000000e+01
1.760620270282146816e+18 1.500000000000000000e+01
1.760620270816009728e+18 1.600000000000000000e+01
1.760620270882684672e+18 1.500000000000000000e+01
1.760620270949484544e+18 1.500000000000000000e+01
1.760620271082967808e+18 1.500000000000000000e+01
1.760620271149654528e+18 1.500000000000000000e+01
1.760620271216164608e+18 1.500000000000000000e+01
1.760620271283113728e+18 1.500000000000000000e+01
1.760620271850148608e+18 1.100000000000000000e+01
1.760620271883557888e+18 1.100000000000000000e+01
1.760620271950164736e+18 1.100000000000000000e+01
1.760620272017054720e+18 1.100000000000000000e+01
1.760620272083705600e+18 1.100000000000000000e+01
1.760620272183785728e+18 1.100000000000000000e+01
1.760620272217189888e+18 1.100000000000000000e+01
1.760620272350423552e+18 6.000000000000000000e+00
1.760620272550607616e+18 6.000000000000000000e+00
1.760620272750722560e+18 6.000000000000000000e+00
1.760620273451492864e+18 5.000000000000000000e+00
1.760620273518125824e+18 5.000000000000000000e+00
1.760620273584669696e+18 5.000000000000000000e+00
1.760620274051882752e+18 9.000000000000000000e+00
1.760620274385604608e+18 1.200000000000000000e+01
1.760620274452178688e+18 1.200000000000000000e+01
1.760620274518758656e+18 1.200000000000000000e+01
1.760620274585651712e+18 1.200000000000000000e+01
1.760620274718908672e+18 1.200000000000000000e+01
1.760620274785814784e+18 1.200000000000000000e+01
1.760620274852581632e+18 1.200000000000000000e+01
1.760620274919184640e+18 1.300000000000000000e+01
1.760620275252674560e+18 1.300000000000000000e+01
1.760620275452816640e+18 1.300000000000000000e+01
1.760620275586421760e+18 1.300000000000000000e+01
1.760620275986539520e+18 3.000000000000000000e+00
1.760620276186690560e+18 3.000000000000000000e+00
1.760620276520398592e+18 1.300000000000000000e+01
1.760620276854026752e+18 1.300000000000000000e+01
1.760620277454436864e+18 1.300000000000000000e+01
1.760620278254910720e+18 1.300000000000000000e+01
1.760620279322472448e+18 1.300000000000000000e+01
1.760620279489095680e+18 1.300000000000000000e+01
1.760620279622628608e+18 1.300000000000000000e+01
1.760620280022799616e+18 -1.300000000000000000e+01
1.760620280156369664e+18 1.300000000000000000e+01
1.760620280222909696e+18 1.300000000000000000e+01
1.760620280356498688e+18 1.300000000000000000e+01
1.760620285793349632e+18 2.000000000000000000e+00
1.760620285826871552e+18 2.200000000000000000e+01
1.760620285926893824e+18 2.200000000000000000e+01
1.760620285993600512e+18 2.200000000000000000e+01
1.760620286060376576e+18 2.200000000000000000e+01
1.760620286126886656e+18 2.200000000000000000e+01
1.760620286193839872e+18 2.200000000000000000e+01
1.760620286260513792e+18 2.200000000000000000e+01
1.760620286393923840e+18 5.600000000000000000e+01
1.760620286460614656e+18 5.600000000000000000e+01
1.760620286594038784e+18 5.600000000000000000e+01
1.760620286660701696e+18 5.600000000000000000e+01
1.760620286727242752e+18 5.600000000000000000e+01
1.760620286794165504e+18 5.800000000000000000e+01
1.760620286860824576e+18 6.700000000000000000e+01
1.760620286927528704e+18 6.700000000000000000e+01
1.760620286995211520e+18 6.700000000000000000e+01
1.760620287060864768e+18 6.700000000000000000e+01
1.760620287127732736e+18 6.700000000000000000e+01
1.760620287194395904e+18 6.700000000000000000e+01
1.760620287260939520e+18 6.700000000000000000e+01
1.760620287327845632e+18 7.800000000000000000e+01
1.760620287394518528e+18 7.800000000000000000e+01
1.760620287461051648e+18 7.800000000000000000e+01
1.760620287527990528e+18 7.800000000000000000e+01
1.760620287594634752e+18 7.800000000000000000e+01
1.760620287661189888e+18 7.800000000000000000e+01
1.760620287728132608e+18 7.800000000000000000e+01
1.760620287794750720e+18 7.800000000000000000e+01
1.760620287861373696e+18 7.800000000000000000e+01
1.760620287928211712e+18 7.800000000000000000e+01
1.760620287994741760e+18 7.800000000000000000e+01
1.760620288061727744e+18 7.800000000000000000e+01
1.760620288128363520e+18 7.800000000000000000e+01
1.760620288194901760e+18 7.800000000000000000e+01
1.760620288261832704e+18 7.800000000000000000e+01
1.760620288328444672e+18 7.800000000000000000e+01
1.760620288395020800e+18 7.800000000000000000e+01
1.760620288461893888e+18 7.800000000000000000e+01
1.760620288595169792e+18 7.800000000000000000e+01
1.760620288662019840e+18 7.800000000000000000e+01
1.760620288728684544e+18 7.800000000000000000e+01
1.760620288795209728e+18 7.800000000000000000e+01
1.760620288862119680e+18 7.800000000000000000e+01
1.760620288995492608e+18 7.800000000000000000e+01
1.760620289062293760e+18 7.800000000000000000e+01
1.760620289128820736e+18 7.800000000000000000e+01
1.760620289195712512e+18 7.800000000000000000e+01
1.760620289262376704e+18 7.800000000000000000e+01
1.760620289328919552e+18 7.800000000000000000e+01
1.760620289395824640e+18 7.800000000000000000e+01
1.760620289462500608e+18 7.800000000000000000e+01
1.760620289529023744e+18 7.800000000000000000e+01
1.760620289662629632e+18 7.800000000000000000e+01
1.760620289729127680e+18 7.800000000000000000e+01
1.760620289796042752e+18 7.800000000000000000e+01
1.760620289862721792e+18 7.800000000000000000e+01
1.760620289962628608e+18 7.800000000000000000e+01
1.760620289996208640e+18 7.800000000000000000e+01
1.760620290062725888e+18 7.800000000000000000e+01
1.760620290129636864e+18 7.800000000000000000e+01
1.760620290196296704e+18 7.800000000000000000e+01
1.760620290296320768e+18 7.800000000000000000e+01
1.760620290329745664e+18 7.800000000000000000e+01
1.760620290396382464e+18 7.800000000000000000e+01
1.760620290462947584e+18 7.800000000000000000e+01
1.760620290529836544e+18 7.800000000000000000e+01
1.760620290629889792e+18 7.800000000000000000e+01
1.760620290663141632e+18 7.800000000000000000e+01
1.760620290729952512e+18 7.800000000000000000e+01
1.760620290796643840e+18 7.800000000000000000e+01
1.760620290863189760e+18 7.800000000000000000e+01
1.760620290963314688e+18 7.800000000000000000e+01
1.760620290996645632e+18 7.800000000000000000e+01
1.760620291063547648e+18 7.800000000000000000e+01
1.760620291130203648e+18 7.800000000000000000e+01
1.760620291196761600e+18 7.800000000000000000e+01
1.760620291296760832e+18 7.800000000000000000e+01
1.760620291330312704e+18 7.800000000000000000e+01
1.760620291430327552e+18 7.800000000000000000e+01
1.760620291530421760e+18 7.800000000000000000e+01
1.760620291763900672e+18 7.800000000000000000e+01
1.760620291830592512e+18 7.800000000000000000e+01
1.760620291897083648e+18 7.800000000000000000e+01
1.760620292030531584e+18 7.800000000000000000e+01
1.760620292164100608e+18 7.800000000000000000e+01
1.760620292230627840e+18 7.800000000000000000e+01
1.760620292297552640e+18 7.800000000000000000e+01
1.760620292364264704e+18 7.800000000000000000e+01
1.760620292430743808e+18 7.800000000000000000e+01
1.760620292497659648e+18 7.800000000000000000e+01
1.760620292564345600e+18 7.800000000000000000e+01
1.760620292630852608e+18 7.800000000000000000e+01
1.760620292697776896e+18 7.800000000000000000e+01
1.760620292764444672e+18 7.800000000000000000e+01
1.760620292830963712e+18 7.800000000000000000e+01
1.760620292897921536e+18 7.800000000000000000e+01
1.760620293031204608e+18 7.800000000000000000e+01
1.760620293097985792e+18 7.800000000000000000e+01
1.760620293164531712e+18 7.800000000000000000e+01
1.760620299334819840e+18 7.000000000000000000e+00
1.760620300068493568e+18 3.000000000000000000e+00
1.760620300135260672e+18 3.000000000000000000e+00
1.760620300201742592e+18 3.000000000000000000e+00
1.760620300268664576e+18 3.000000000000000000e+00
1.760620300335342592e+18 3.000000000000000000e+00
1.760620300401875712e+18 3.000000000000000000e+00
1.760620300468765696e+18 3.000000000000000000e+00
1.760620300535428864e+18 1.300000000000000000e+01
1.760620300601966592e+18 1.700000000000000000e+01
1.760620300668926720e+18 1.700000000000000000e+01
1.760620300735511808e+18 1.700000000000000000e+01
1.760620300868981504e+18 1.700000000000000000e+01
1.760620300935605760e+18 1.700000000000000000e+01
1.760620301135612672e+18 2.700000000000000000e+01
1.760620301202486784e+18 2.700000000000000000e+01
1.760620301269152768e+18 2.700000000000000000e+01
1.760620301335677696e+18 2.700000000000000000e+01
1.760620301402566656e+18 2.700000000000000000e+01
1.760620301469247488e+18 2.700000000000000000e+01
1.760620301535799808e+18 2.700000000000000000e+01
1.760620301602704640e+18 3.400000000000000000e+01
1.760620301702724608e+18 3.400000000000000000e+01
1.760620301735961600e+18 3.400000000000000000e+01
1.760620301802791680e+18 3.400000000000000000e+01
1.760620301869456896e+18 3.400000000000000000e+01
1.760620301935963648e+18 3.400000000000000000e+01
1.760620302002872832e+18 3.400000000000000000e+01
1.760620302136343808e+18 5.100000000000000000e+01
1.760620302202958592e+18 5.100000000000000000e+01
1.760620302269531648e+18 5.100000000000000000e+01
1.760620302369560832e+18 5.100000000000000000e+01
1.760620302403098624e+18 5.100000000000000000e+01
1.760620302469616640e+18 5.100000000000000000e+01
1.760620302536507648e+18 5.100000000000000000e+01
1.760620302603192576e+18 7.100000000000000000e+01
1.760620302703200512e+18 7.100000000000000000e+01
1.760620302736591616e+18 7.100000000000000000e+01
1.760620302803297792e+18 7.100000000000000000e+01
1.760620302869803776e+18 7.100000000000000000e+01
1.760620303036732672e+18 7.100000000000000000e+01
1.760620303070009600e+18 7.580000000000000000e+02
1.760620303136887808e+18 1.580000000000000000e+02
1.760620303203363584e+18 1.580000000000000000e+02
1.760620303270235904e+18 1.580000000000000000e+02
1.760620303370218752e+18 1.580000000000000000e+02
1.760620303403417600e+18 1.580000000000000000e+02
1.760620303570307840e+18 1.580000000000000000e+02
1.760620303636997632e+18 9.300000000000000000e+01
1.760620303703516672e+18 9.300000000000000000e+01
1.760620303770428672e+18 9.300000000000000000e+01
1.760620303837155584e+18 9.300000000000000000e+01
1.760620303903612672e+18 9.300000000000000000e+01
1.760620303970492672e+18 9.300000000000000000e+01
1.760620304103948544e+18 9.300000000000000000e+01
1.760620304170611712e+18 7.200000000000000000e+01
1.760620304237151744e+18 7.200000000000000000e+01
1.760620304304045568e+18 7.200000000000000000e+01
1.760620304370657792e+18 7.200000000000000000e+01
1.760620304437280768e+18 7.200000000000000000e+01
1.760620304504133632e+18 7.200000000000000000e+01
1.760620304570755840e+18 7.200000000000000000e+01
1.760620304637318656e+18 2.000000000000000000e+00
1.760620304704206592e+18 2.000000000000000000e+00
1.760620304770851584e+18 2.000000000000000000e+00
1.760620304837445632e+18 2.000000000000000000e+00
1.760620304904311552e+18 2.000000000000000000e+00
1.760620304970963712e+18 2.000000000000000000e+00
1.760620305037675520e+18 2.000000000000000000e+00
1.760620305105649664e+18 2.000000000000000000e+00
1.760620305237832704e+18 3.000000000000000000e+00
1.760620305304493568e+18 3.000000000000000000e+00
1.760620305371108864e+18 3.000000000000000000e+00
1.760620305437990656e+18 3.000000000000000000e+00
1.760620305504577536e+18 3.000000000000000000e+00
1.760620305571171840e+18 3.000000000000000000e+00
1.760620305638010624e+18 3.000000000000000000e+00
1.760620305704709888e+18 3.000000000000000000e+00
1.760620305771228672e+18 3.000000000000000000e+00
1.760620305838100736e+18 3.000000000000000000e+00
1.760620305904752640e+18 3.000000000000000000e+00
1.760620305971287808e+18 3.000000000000000000e+00
1.760620306038191872e+18 3.000000000000000000e+00
1.760620306104720640e+18 3.000000000000000000e+00
1.760620306171641600e+18 3.000000000000000000e+00
1.760621057800947712e+18 3.000000000000000000e+00
1.760621057867806720e+18 3.000000000000000000e+00
1.760621057934433792e+18 3.000000000000000000e+00
1.760621058034407680e+18 3.000000000000000000e+00
1.760621058067778560e+18 3.000000000000000000e+00
1.760621058134441728e+18 3.000000000000000000e+00
1.760621058200905472e+18 3.000000000000000000e+00
1.760621058267826688e+18 3.000000000000000000e+00
1.760621058367778816e+18 -5.000000000000000000e+00
1.760621058400890624e+18 -5.000000000000000000e+00
1.760621058467808768e+18 5.000000000000000000e+00
1.760621058534393856e+18 5.000000000000000000e+00
1.760621058601052672e+18 -5.000000000000000000e+00
1.760621058701024768e+18 -5.000000000000000000e+00
1.760621058767767552e+18 -5.000000000000000000e+00
1.760621059367776512e+18 9.000000000000000000e+00
1.760621059434254592e+18 9.000000000000000000e+00
1.760621059501119488e+18 9.000000000000000000e+00
1.760621059634361856e+18 9.000000000000000000e+00
1.760621059767610880e+18 9.000000000000000000e+00
1.760621059834490880e+18 1.000000000000000000e+01
1.760621059967644672e+18 1.000000000000000000e+01
1.760621060034474496e+18 1.000000000000000000e+01
1.760621060101104640e+18 1.000000000000000000e+01
1.760621060234480640e+18 1.000000000000000000e+01
1.760621060301110784e+18 1.000000000000000000e+01
1.760621060367635712e+18 1.000000000000000000e+01
1.760621060434472448e+18 1.000000000000000000e+01
1.760621060634471680e+18 1.000000000000000000e+01
1.760621060834469888e+18 1.000000000000000000e+01
1.760621060900966656e+18 9.000000000000000000e+00
1.760621060967866624e+18 9.000000000000000000e+00
1.760621061234459648e+18 9.000000000000000000e+00
1.760621061367835648e+18 1.000000000000000000e+01
1.760621061434453760e+18 1.000000000000000000e+01
1.760621061500962816e+18 1.000000000000000000e+01
1.760621061567827712e+18 1.000000000000000000e+01
1.760621061634506752e+18 1.000000000000000000e+01
1.760621061701133824e+18 1.000000000000000000e+01
1.760621061767883776e+18 1.000000000000000000e+01
1.760621061834364672e+18 1.000000000000000000e+01
1.760621061901245696e+18 1.100000000000000000e+01
1.760621061967848704e+18 1.100000000000000000e+01
1.760621062434340608e+18 8.000000000000000000e+00
1.760621062701198592e+18 8.000000000000000000e+00
1.760621062767688704e+18 8.000000000000000000e+00
1.760621062834569728e+18 8.000000000000000000e+00
1.760621062901194496e+18 1.300000000000000000e+01
1.760621062967746816e+18 1.300000000000000000e+01
1.760621063101198592e+18 1.300000000000000000e+01
1.760621063167732736e+18 1.300000000000000000e+01
1.760621063234589696e+18 1.300000000000000000e+01
1.760621063301191680e+18 1.300000000000000000e+01
1.760621063401215744e+18 3.900000000000000000e+01
1.760621063434576640e+18 3.900000000000000000e+01
1.760621063501185536e+18 3.900000000000000000e+01
1.760621063567674624e+18 3.900000000000000000e+01
1.760621063634596608e+18 3.900000000000000000e+01
1.760621063734584576e+18 3.900000000000000000e+01
1.760621063801062656e+18 3.900000000000000000e+01
1.760621063867930624e+18 3.900000000000000000e+01
1.760621063934561792e+18 6.000000000000000000e+01
1.760621064001082624e+18 6.000000000000000000e+01
1.760621064067931648e+18 6.000000000000000000e+01
1.760621064134575616e+18 0.000000000000000000e+00
1.760621064201064704e+18 6.000000000000000000e+01
1.760621064267921664e+18 6.000000000000000000e+01
1.760621064334542848e+18 6.000000000000000000e+01
1.760621064401025792e+18 6.000000000000000000e+01
1.760621064534536704e+18 7.800000000000000000e+01
1.760621064667900672e+18 7.800000000000000000e+01
1.760621064734527488e+18 7.800000000000000000e+01
1.760621064801148672e+18 7.800000000000000000e+01
1.760621064934419712e+18 8.800000000000000000e+01
1.760621065001257728e+18 8.800000000000000000e+01
1.760621065067890688e+18 8.800000000000000000e+01
1.760621065134418688e+18 8.800000000000000000e+01
1.760621065201257728e+18 8.800000000000000000e+01
1.760621065267895808e+18 8.800000000000000000e+01
1.760621065334389760e+18 8.800000000000000000e+01
1.760621065401262848e+18 8.800000000000000000e+01
1.760621068001352704e+18 8.000000000000000000e+00
1.760621068101464832e+18 8.700000000000000000e+01
1.760621068134436608e+18 8.700000000000000000e+01
1.760621068201352704e+18 8.700000000000000000e+01
1.760621068267986688e+18 8.700000000000000000e+01
1.760621068334465792e+18 8.700000000000000000e+01
1.760621068434469632e+18 8.700000000000000000e+01
1.760621069201371648e+18 1.500000000000000000e+01
1.760621069267918592e+18 1.500000000000000000e+01
1.760621069334707712e+18 1.500000000000000000e+01
1.760621069434719488e+18 1.500000000000000000e+01
1.760621069567832832e+18 8.900000000000000000e+01
1.760621069634707712e+18 8.900000000000000000e+01
1.760621069701348864e+18 8.900000000000000000e+01
1.760621069767864832e+18 8.900000000000000000e+01
1.760621069834697728e+18 8.900000000000000000e+01
1.760621069901318912e+18 8.900000000000000000e+01
1.760621069967934720e+18 8.900000000000000000e+01
1.760621070034691584e+18 8.200000000000000000e+01
1.760621070168046592e+18 8.200000000000000000e+01
1.760621070301187840e+18 8.200000000000000000e+01
1.760621070368080640e+18 8.200000000000000000e+01
1.760621070434682624e+18 8.200000000000000000e+01
1.760621070501177856e+18 8.200000000000000000e+01
1.760621070568050688e+18 8.700000000000000000e+01
1.760621070701169664e+18 8.700000000000000000e+01
1.760621070768062464e+18 8.700000000000000000e+01
1.760621071034582528e+18 8.700000000000000000e+01
1.760621071101421568e+18 8.700000000000000000e+01
1.760621071168044544e+18 8.700000000000000000e+01
1.760621071301416704e+18 8.000000000000000000e+00
1.760621071368046848e+18 8.000000000000000000e+00
1.760621071501403648e+18 8.000000000000000000e+00
1.760621071568031744e+18 7.900000000000000000e+01
1.760621071634577664e+18 7.900000000000000000e+01
1.760621071701397760e+18 7.900000000000000000e+01
1.760621071768054784e+18 7.900000000000000000e+01
1.760621071834501632e+18 7.900000000000000000e+01
1.760621071901398784e+18 7.900000000000000000e+01
1.760621071968114688e+18 7.900000000000000000e+01
1.760621072034610688e+18 7.900000000000000000e+01
1.760621072167899648e+18 6.800000000000000000e+01
1.760621072234803712e+18 6.800000000000000000e+01
1.760621072367895552e+18 6.800000000000000000e+01
1.760621072434807808e+18 6.800000000000000000e+01
1.760621072567897856e+18 5.300000000000000000e+01
1.760621072634842624e+18 5.300000000000000000e+01
1.760621072701434624e+18 5.300000000000000000e+01
1.760621072767884800e+18 5.300000000000000000e+01
1.760621072834764800e+18 5.300000000000000000e+01
1.760621072901420544e+18 5.300000000000000000e+01
1.760621072967887616e+18 5.300000000000000000e+01
1.760621073034763520e+18 5.300000000000000000e+01
1.760621073168162560e+18 5.700000000000000000e+01
1.760621073368139776e+18 5.700000000000000000e+01
1.760621073434768640e+18 5.000000000000000000e+00
1.760621073501257728e+18 5.700000000000000000e+01
1.760621073901274624e+18 7.500000000000000000e+01
1.760621073968161536e+18 7.500000000000000000e+01
1.760621074134643712e+18 8.900000000000000000e+01
1.760621074168206592e+18 8.900000000000000000e+01
1.760621074234630656e+18 8.900000000000000000e+01
1.760621074301538816e+18 8.900000000000000000e+01
1.760621074368143872e+18 8.900000000000000000e+01
1.760621074468110592e+18 8.900000000000000000e+01
1.760621074501552640e+18 8.900000000000000000e+01
1.760621074568154624e+18 8.900000000000000000e+01
1.760621074634653696e+18 8.000000000000000000e+01
1.760621074701513728e+18 8.000000000000000000e+01
1.760621074801481728e+18 8.000000000000000000e+01
1.760621074868079616e+18 8.000000000000000000e+01
1.760621074934616576e+18 8.000000000000000000e+01
1.760621075001471744e+18 8.000000000000000000e+01
1.760621075068106752e+18 8.000000000000000000e+01
1.760621075134725632e+18 6.200000000000000000e+01
1.760621075268034816e+18 6.200000000000000000e+01
1.760621075401474816e+18 6.200000000000000000e+01
1.760621075467971584e+18 6.200000000000000000e+01
1.760621075534834688e+18 6.200000000000000000e+01
1.760621075601449728e+18 6.000000000000000000e+01
1.760621075667956480e+18 6.000000000000000000e+01
1.760621075867956736e+18 5.000000000000000000e+01
1.760621075934831616e+18 5.000000000000000000e+01
1.760621076001451776e+18 5.000000000000000000e+01
1.760621076067943680e+18 6.000000000000000000e+01
1.760621076201305600e+18 6.600000000000000000e+01
1.760621076334815744e+18 6.600000000000000000e+01
1.760621076401297664e+18 6.600000000000000000e+01
1.760621076534813696e+18 6.600000000000000000e+01
1.760621076668185600e+18 8.500000000000000000e+01
1.760621076801308672e+18 8.500000000000000000e+01
1.760621076868218624e+18 8.500000000000000000e+01
1.760621076934813696e+18 8.500000000000000000e+01
1.760621077001306880e+18 8.500000000000000000e+01
1.760621077734705664e+18 7.100000000000000000e+01
1.760621078134728704e+18 7.100000000000000000e+01
1.760621078201542656e+18 7.800000000000000000e+01
1.760621078268066560e+18 7.800000000000000000e+01
1.760621078334957568e+18 7.800000000000000000e+01
1.760621078401544448e+18 7.800000000000000000e+01
1.760621078468023808e+18 7.800000000000000000e+01
1.760621078535223808e+18 7.800000000000000000e+01
1.760621078601528576e+18 7.800000000000000000e+01
1.760621078734922752e+18 8.300000000000000000e+01
1.760621078834914560e+18 8.300000000000000000e+01
1.760621078868056832e+18 8.300000000000000000e+01
1.760621078934922752e+18 8.300000000000000000e+01
1.760621079001534720e+18 8.300000000000000000e+01
1.760621079068077568e+18 8.300000000000000000e+01
1.760621079134935552e+18 8.300000000000000000e+01
1.760621079201523712e+18 1.500000000000000000e+01
1.760621079268186624e+18 1.500000000000000000e+01
1.760621079334889728e+18 1.500000000000000000e+01
1.760621079401392640e+18 1.500000000000000000e+01
1.760621079534918912e+18 1.500000000000000000e+01
1.760621079668296448e+18 1.500000000000000000e+01
1.760621080268316672e+18 7.600000000000000000e+01
1.760621080334774784e+18 7.600000000000000000e+01
1.760621080401690624e+18 7.600000000000000000e+01
1.760621080534810880e+18 7.600000000000000000e+01
1.760621080601658624e+18 7.600000000000000000e+01
1.760621080668269568e+18 7.600000000000000000e+01
1.760621080734759680e+18 7.600000000000000000e+01
1.760621080834753792e+18 7.600000000000000000e+01
1.760621080901649664e+18 7.600000000000000000e+01
1.760621080968248576e+18 7.600000000000000000e+01
1.760621081034698752e+18 7.600000000000000000e+01
1.760621081168247808e+18 7.600000000000000000e+01
1.760621081301607680e+18 1.300000000000000000e+01
1.760621081368112640e+18 1.300000000000000000e+01
1.760621081434980608e+18 1.300000000000000000e+01
1.760621081501609472e+18 1.300000000000000000e+01
1.760621081568114688e+18 1.300000000000000000e+01
1.760621081634982656e+18 1.300000000000000000e+01
1.760621081768104704e+18 1.600000000000000000e+01
1.760621081834971648e+18 1.600000000000000000e+01
1.760621081901598720e+18 1.600000000000000000e+01
1.760621081968091648e+18 1.600000000000000000e+01
1.760621082034971648e+18 1.600000000000000000e+01
1.760621082101593856e+18 1.600000000000000000e+01
1.760621082168094720e+18 1.600000000000000000e+01
1.760621082234956800e+18 1.600000000000000000e+01
1.760621082901494784e+18 8.000000000000000000e+00
1.760621082968373760e+18 8.000000000000000000e+00
1.760621083101507584e+18 8.000000000000000000e+00
1.760621083168326656e+18 8.000000000000000000e+00
1.760621083234994688e+18 8.000000000000000000e+00
1.760621083434830592e+18 7.800000000000000000e+01
1.760621083534858752e+18 7.800000000000000000e+01
1.760621083568374528e+18 7.800000000000000000e+01
1.760621083634883584e+18 7.800000000000000000e+01
1.760621083768333568e+18 7.800000000000000000e+01
1.760621083901727744e+18 7.600000000000000000e+01
1.760621083968326656e+18 7.600000000000000000e+01
1.760621084101687552e+18 7.600000000000000000e+01
1.760621084368333568e+18 8.800000000000000000e+01
1.760621084434962688e+18 8.800000000000000000e+01
1.760621084535069696e+18 8.800000000000000000e+01
1.760621084568205568e+18 8.800000000000000000e+01
1.760621084635097856e+18 8.800000000000000000e+01
1.760621084701690624e+18 8.800000000000000000e+01
1.760621084768191488e+18 8.800000000000000000e+01
1.760621084968196608e+18 1.300000000000000000e+01
1.760621085035072512e+18 1.300000000000000000e+01
1.760621085101707776e+18 1.300000000000000000e+01
1.760621085201687552e+18 3.000000000000000000e+00
1.760621085235048704e+18 1.300000000000000000e+01
1.760621086068425728e+18 7.000000000000000000e+00
1.760621086401529856e+18 1.900000000000000000e+01
1.760621086468424704e+18 1.900000000000000000e+01
1.760621086534908672e+18 1.900000000000000000e+01
1.760621086601744640e+18 1.900000000000000000e+01
1.760621086668391680e+18 1.900000000000000000e+01
1.760621086734895616e+18 1.900000000000000000e+01
1.760621086801738752e+18 1.900000000000000000e+01
1.760621086868387584e+18 1.800000000000000000e+01
1.760621086934897664e+18 1.800000000000000000e+01
1.760621087001756672e+18 1.800000000000000000e+01
1.760621087201749504e+18 1.800000000000000000e+01
1.760621087268408832e+18 1.800000000000000000e+01
1.760621087334878720e+18 1.800000000000000000e+01
1.760621087401732608e+18 8.800000000000000000e+01
1.760621087468376576e+18 8.800000000000000000e+01
1.760621087534999552e+18 8.800000000000000000e+01
1.760621087601750528e+18 8.800000000000000000e+01
1.760621087668255488e+18 8.800000000000000000e+01
1.760621087735098624e+18 8.800000000000000000e+01
1.760621087801745664e+18 8.800000000000000000e+01
1.760621087868277760e+18 8.800000000000000000e+01
1.760621088401756672e+18 6.600000000000000000e+01
1.760621088468285696e+18 6.600000000000000000e+01
1.760621088535133696e+18 6.600000000000000000e+01
1.760621088601681664e+18 6.600000000000000000e+01
1.760621088668482816e+18 6.600000000000000000e+01
1.760621088735155456e+18 6.600000000000000000e+01
1.760621088801654528e+18 6.600000000000000000e+01
1.760621088868534528e+18 6.600000000000000000e+01
1.760621088935126784e+18 6.200000000000000000e+01
1.760621089001620736e+18 6.200000000000000000e+01
1.760621089068525824e+18 6.200000000000000000e+01
1.760621089135097856e+18 6.200000000000000000e+01
1.760621089201621760e+18 6.200000000000000000e+01
1.760621089268488704e+18 6.200000000000000000e+01
1.760621089335102720e+18 6.200000000000000000e+01
1.760621089401604608e+18 6.200000000000000000e+01
1.760621089468536576e+18 6.200000000000000000e+01
1.760621089535107584e+18 6.200000000000000000e+01
1.760621089668523776e+18 6.200000000000000000e+01
1.760621089734987776e+18 6.200000000000000000e+01
1.760621089801881856e+18 6.200000000000000000e+01
1.760621089901877760e+18 6.200000000000000000e+01
1.760621090068477696e+18 7.100000000000000000e+01
1.760621090468464640e+18 8.000000000000000000e+01
1.760621090568469760e+18 8.000000000000000000e+01
1.760621090601852672e+18 8.000000000000000000e+01
1.760621090668359680e+18 8.000000000000000000e+01
1.760621090735231744e+18 8.000000000000000000e+01
1.760621090801837568e+18 8.000000000000000000e+01
1.760621090901918720e+18 8.000000000000000000e+01
1.760621091001857792e+18 8.700000000000000000e+01
1.760621091068384768e+18 8.700000000000000000e+01
1.760621091135239680e+18 8.700000000000000000e+01
1.760621091235210752e+18 8.700000000000000000e+01
1.760621091335244544e+18 8.000000000000000000e+00
1.760621091401846528e+18 8.000000000000000000e+00
1.760621091568330752e+18 1.200000000000000000e+01
1.760621091635193600e+18 1.200000000000000000e+01
1.760621091701670656e+18 1.200000000000000000e+01
1.760621091835191808e+18 1.200000000000000000e+01
1.760621091901679872e+18 1.200000000000000000e+01
1.760621091968559616e+18 1.500000000000000000e+01
1.760621092035200512e+18 1.500000000000000000e+01
1.760621092101677568e+18 1.500000000000000000e+01
1.760621092235173632e+18 1.500000000000000000e+01
1.760621092301672704e+18 1.500000000000000000e+01
1.760621092568551680e+18 1.300000000000000000e+01
1.760621092701827840e+18 1.300000000000000000e+01
1.760621092768612608e+18 1.300000000000000000e+01
1.760621092835036672e+18 1.300000000000000000e+01
1.760621092968540672e+18 1.300000000000000000e+01
1.760621093035030528e+18 1.000000000000000000e+01
1.760621093101933824e+18 1.000000000000000000e+01
1.760621093168543488e+18 1.000000000000000000e+01
1.760621093235058688e+18 1.000000000000000000e+01
1.760621093301880576e+18 1.000000000000000000e+01
1.760621093368525824e+18 1.000000000000000000e+01
1.760621093435025664e+18 1.000000000000000000e+01
1.760621093501902592e+18 1.000000000000000000e+01
1.760621093568529664e+18 8.600000000000000000e+01
1.760621093635065856e+18 8.600000000000000000e+01
1.760621093701858816e+18 8.600000000000000000e+01
1.760621093768428544e+18 8.600000000000000000e+01
1.760621093835270656e+18 8.600000000000000000e+01
1.760621093901924608e+18 8.600000000000000000e+01
1.760621093968451840e+18 8.600000000000000000e+01
1.760621094035292672e+18 7.800000000000000000e+01
1.760621094235261696e+18 7.800000000000000000e+01
1.760621094368400640e+18 7.800000000000000000e+01
1.760621094435343616e+18 7.800000000000000000e+01
1.760621094501921536e+18 7.800000000000000000e+01
1.760621094635260672e+18 6.900000000000000000e+01
1.760621094835266560e+18 6.900000000000000000e+01
1.760621095935152896e+18 7.100000000000000000e+01
1.760621096035117568e+18 7.100000000000000000e+01
1.760621096102046720e+18 7.900000000000000000e+01
1.760621096168653824e+18 7.900000000000000000e+01
1.760621096268612608e+18 7.900000000000000000e+01
1.760621096302067712e+18 7.900000000000000000e+01
1.760621096435157760e+18 7.900000000000000000e+01
1.760621096502058752e+18 7.900000000000000000e+01
1.760621096601984768e+18 8.600000000000000000e+01
1.760621096635143680e+18 8.600000000000000000e+01
1.760621096701982720e+18 8.600000000000000000e+01
1.760621096768634880e+18 8.600000000000000000e+01
1.760621096835245568e+18 8.600000000000000000e+01
1.760621096935231744e+18 8.600000000000000000e+01
1.760621096968520704e+18 8.600000000000000000e+01
1.760621097035386624e+18 8.600000000000000000e+01
1.760621097101986560e+18 1.500000000000000000e+01
1.760621097535331840e+18 1.500000000000000000e+01
1.760621097602038528e+18 9.900000000000000000e+01
1.760621097668455680e+18 9.900000000000000000e+01
1.760621097735331840e+18 9.900000000000000000e+01
1.760621097801996800e+18 9.900000000000000000e+01
1.760621097868569600e+18 9.900000000000000000e+01
1.760621097935306752e+18 9.900000000000000000e+01
1.760621098001823744e+18 9.900000000000000000e+01
1.760621098068693760e+18 9.900000000000000000e+01
1.760621098535286784e+18 8.000000000000000000e+00
1.760621098601821696e+18 8.000000000000000000e+00
1.760621098668688896e+18 7.500000000000000000e+01
1.760621099068674560e+18 7.500000000000000000e+01
1.760621099668677632e+18 9.000000000000000000e+01
1.760621099735188736e+18 9.000000000000000000e+01
1.760621099802041856e+18 9.000000000000000000e+01
1.760621099868666624e+18 9.000000000000000000e+01
1.760621099935316480e+18 9.000000000000000000e+01
1.760621100002078720e+18 9.000000000000000000e+01
1.760621100068521728e+18 9.000000000000000000e+01
1.760621100135421696e+18 9.000000000000000000e+01
1.760621100202034688e+18 1.600000000000000000e+01
1.760621100268525568e+18 1.600000000000000000e+01
1.760621100402036736e+18 1.600000000000000000e+01
1.760621100468524800e+18 1.600000000000000000e+01
1.760621100535403776e+18 1.600000000000000000e+01
1.760621100602057728e+18 1.600000000000000000e+01
1.760621100802051840e+18 9.400000000000000000e+01
1.760621100968679680e+18 9.400000000000000000e+01
1.760621101001931776e+18 9.400000000000000000e+01
1.760621101068656640e+18 9.400000000000000000e+01
1.760621101135474688e+18 9.400000000000000000e+01
1.760621101335455744e+18 7.600000000000000000e+01
1.760621101535420672e+18 7.600000000000000000e+01
1.760621101635408640e+18 7.600000000000000000e+01
1.760621101735415808e+18 7.200000000000000000e+01
1.760621101968797696e+18 7.200000000000000000e+01
1.760621102002053632e+18 7.200000000000000000e+01
1.760621102068776704e+18 7.200000000000000000e+01
1.760621102135313664e+18 7.200000000000000000e+01
1.760621102335303680e+18 8.000000000000000000e+00
1.760621102402152704e+18 8.000000000000000000e+00
1.760621102468852736e+18 8.100000000000000000e+01
1.760621103235507712e+18 7.800000000000000000e+01
1.760621103302126592e+18 7.800000000000000000e+01
1.760621103368613632e+18 7.800000000000000000e+01
1.760621103435480576e+18 7.800000000000000000e+01
1.760621103502106624e+18 7.800000000000000000e+01
1.760621103568601600e+18 7.800000000000000000e+01
1.760621103635473664e+18 7.800000000000000000e+01
1.760621103702096640e+18 7.800000000000000000e+01
1.760621103968596736e+18 7.300000000000000000e+01
1.760621104035463680e+18 1.300000000000000000e+01
1.760621104168744448e+18 7.300000000000000000e+01
1.760621104768910592e+18 7.600000000000000000e+01
1.760621105235294464e+18 7.600000000000000000e+01
1.760621105302200832e+18 9.000000000000000000e+01
1.760621105368834816e+18 9.000000000000000000e+01
1.760621105435338752e+18 9.000000000000000000e+01
1.760621105502198784e+18 9.000000000000000000e+01
1.760621105568835840e+18 9.000000000000000000e+01
1.760621105635327488e+18 9.000000000000000000e+01
1.760621105702210560e+18 9.000000000000000000e+01
1.760621106035326720e+18 1.300000000000000000e+01
1.760621106102223616e+18 1.300000000000000000e+01
1.760621106168698880e+18 1.300000000000000000e+01
1.760621106235411712e+18 1.300000000000000000e+01
1.760621106335597824e+18 6.300000000000000000e+01
1.760621106368717568e+18 6.300000000000000000e+01
1.760621106502226688e+18 6.300000000000000000e+01
1.760621106568688640e+18 6.300000000000000000e+01
1.760621106668696576e+18 6.300000000000000000e+01
1.760621106835560704e+18 6.300000000000000000e+01
1.760621106902214656e+18 6.300000000000000000e+01
1.760621107002196736e+18 6.300000000000000000e+01
1.760621107035577856e+18 6.300000000000000000e+01
1.760621107168836608e+18 6.300000000000000000e+01
1.760621107235573760e+18 6.300000000000000000e+01
1.760621107335559680e+18 7.500000000000000000e+01
1.760621107368959744e+18 7.500000000000000000e+01
1.760621107435586816e+18 7.500000000000000000e+01
1.760621107502119680e+18 7.500000000000000000e+01
1.760621107568955648e+18 7.500000000000000000e+01
1.760621107668928512e+18 7.500000000000000000e+01
1.760621107768937472e+18 7.500000000000000000e+01
1.760621107835564544e+18 8.600000000000000000e+01
1.760621107902091776e+18 8.600000000000000000e+01
1.760621108002033664e+18 8.600000000000000000e+01
1.760621108035547648e+18 8.600000000000000000e+01
1.760621108202153728e+18 8.600000000000000000e+01
1.760621108268904704e+18 8.600000000000000000e+01
1.760621108335404544e+18 1.600000000000000000e+01
1.760621108402268672e+18 1.600000000000000000e+01
1.760621108468896512e+18 1.600000000000000000e+01
1.760621108535390720e+18 1.600000000000000000e+01
1.760621108602293760e+18 1.600000000000000000e+01
1.760621108668895744e+18 1.600000000000000000e+01
1.760621108735384576e+18 1.600000000000000000e+01
1.760621108802262784e+18 1.600000000000000000e+01
1.760621108868840704e+18 9.200000000000000000e+01
1.760621108935387648e+18 9.200000000000000000e+01
1.760621109002218752e+18 9.200000000000000000e+01
1.760621109068887808e+18 9.200000000000000000e+01
1.760621109135383552e+18 9.200000000000000000e+01
1.760621109202232576e+18 9.200000000000000000e+01
1.760621109268754688e+18 9.200000000000000000e+01
1.760621109335505664e+18 9.200000000000000000e+01
1.760621109468748544e+18 6.900000000000000000e+01
1.760621109668770816e+18 6.900000000000000000e+01
1.760621109735653632e+18 6.900000000000000000e+01
1.760621109868746752e+18 8.700000000000000000e+01
1.760621110669049856e+18 1.200000000000000000e+01
1.760621110735628544e+18 1.200000000000000000e+01
1.760621110802121728e+18 1.200000000000000000e+01
1.760621110868968704e+18 1.200000000000000000e+01
1.760621110935670528e+18 1.200000000000000000e+01
1.760621111135610624e+18 1.200000000000000000e+01
1.760621111268989440e+18 1.200000000000000000e+01
1.760621111402222592e+18 1.200000000000000000e+01
1.760621111468986624e+18 7.200000000000000000e+01
1.760621111535477760e+18 7.200000000000000000e+01
1.760621111602371584e+18 7.200000000000000000e+01
1.760621111702361600e+18 7.200000000000000000e+01
1.760621111735477760e+18 7.200000000000000000e+01
1.760621111868973824e+18 7.200000000000000000e+01
1.760621112035492608e+18 7.200000000000000000e+01
1.760621112068993536e+18 7.200000000000000000e+01
1.760621112202391552e+18 7.200000000000000000e+01
1.760621112368808704e+18 7.200000000000000000e+01
1.760621112402348800e+18 7.200000000000000000e+01
1.760621112468862720e+18 8.000000000000000000e+00
1.760621112535735552e+18 8.000000000000000000e+00
1.760621112602359808e+18 8.000000000000000000e+00
1.760621112802371840e+18 8.000000000000000000e+00
1.760621113135749632e+18 1.500000000000000000e+01
1.760621113202365696e+18 1.500000000000000000e+01
1.760621113268870656e+18 1.500000000000000000e+01
1.760621113969046528e+18 6.000000000000000000e+01
1.760621114035684608e+18 6.000000000000000000e+01
1.760621114102172672e+18 6.000000000000000000e+01
1.760621114169061632e+18 6.000000000000000000e+01
1.760621114235671808e+18 6.000000000000000000e+01
1.760621114302184704e+18 6.000000000000000000e+01
1.760621114369037568e+18 6.000000000000000000e+01
1.760621114435667712e+18 6.000000000000000000e+01
1.760621114502299904e+18 5.500000000000000000e+01
1.760621114902415872e+18 5.500000000000000000e+01
1.760621115035492608e+18 7.000000000000000000e+01
1.760621115102408704e+18 7.000000000000000000e+01
1.760621115235524608e+18 7.000000000000000000e+01
1.760621115302408704e+18 7.000000000000000000e+01
1.760621115435582720e+18 7.000000000000000000e+01
1.760621115502403840e+18 8.600000000000000000e+01
1.760621115568940544e+18 8.600000000000000000e+01
1.760621115635763712e+18 8.600000000000000000e+01
1.760621115702438656e+18 8.600000000000000000e+01
1.760621115768948736e+18 8.600000000000000000e+01
1.760621115835760640e+18 8.600000000000000000e+01
1.760621115902392576e+18 8.600000000000000000e+01
1.760621115968890624e+18 8.600000000000000000e+01
1.760621116035779840e+18 8.800000000000000000e+01
1.760621116102392576e+18 8.800000000000000000e+01
1.760621116168904704e+18 8.800000000000000000e+01
1.760621116235761664e+18 8.800000000000000000e+01
1.760621116302396672e+18 8.800000000000000000e+01
1.760621116402410752e+18 8.800000000000000000e+01
1.760621116435783680e+18 8.800000000000000000e+01
1.760621116502398720e+18 8.800000000000000000e+01
1.760621116635783680e+18 8.300000000000000000e+01
1.760621116702258688e+18 8.300000000000000000e+01
1.760621116769132544e+18 8.300000000000000000e+01
1.760621116835768576e+18 8.300000000000000000e+01
1.760621117235720704e+18 7.500000000000000000e+01
1.760621117302277632e+18 7.500000000000000000e+01
1.760621117435784704e+18 7.500000000000000000e+01
1.760621118069108736e+18 7.600000000000000000e+01
1.760621118102497536e+18 7.600000000000000000e+01
1.760621118235627776e+18 7.600000000000000000e+01
1.760621118402500608e+18 7.600000000000000000e+01
1.760621118502536704e+18 7.600000000000000000e+01
1.760621118735868672e+18 8.000000000000000000e+00
1.760621118835884544e+18 8.000000000000000000e+00
1.760621119068985600e+18 8.300000000000000000e+01
1.760621119135849728e+18 8.300000000000000000e+01
1.760621119202463744e+18 8.300000000000000000e+01
1.760621119335837696e+18 8.300000000000000000e+01
1.760621119402456832e+18 8.300000000000000000e+01
1.760621119468950784e+18 8.300000000000000000e+01
1.760621119735851776e+18 7.500000000000000000e+01
1.760621119869197568e+18 7.500000000000000000e+01
1.760621120069226752e+18 8.800000000000000000e+01
1.760621120135830528e+18 8.800000000000000000e+01
1.760621120202319616e+18 8.800000000000000000e+01
1.760621120269199616e+18 8.800000000000000000e+01
1.760621120335815680e+18 8.800000000000000000e+01
1.760621120402324736e+18 8.800000000000000000e+01
1.760621120469244672e+18 8.800000000000000000e+01
1.760621120535813632e+18 8.800000000000000000e+01
1.760621121002558720e+18 1.700000000000000000e+01
1.760621121069282816e+18 1.700000000000000000e+01
1.760621121135740672e+18 1.300000000000000000e+01
1.760621121269255680e+18 1.300000000000000000e+01
1.760621121335733760e+18 1.300000000000000000e+01
1.760621121402588672e+18 1.300000000000000000e+01
1.760621121469209600e+18 1.300000000000000000e+01
1.760621121535714560e+18 1.300000000000000000e+01
1.760621121735806720e+18 8.200000000000000000e+01
1.760621121802559488e+18 8.200000000000000000e+01
1.760621121869074688e+18 8.200000000000000000e+01
1.760621121935970816e+18 8.200000000000000000e+01
1.760621122002556672e+18 8.200000000000000000e+01
1.760621122069068544e+18 8.200000000000000000e+01
1.760621122135957760e+18 6.200000000000000000e+01
1.760621122202564608e+18 6.200000000000000000e+01
1.760621122269099776e+18 6.200000000000000000e+01
1.760621122335961600e+18 6.200000000000000000e+01
1.760621122435937536e+18 6.200000000000000000e+01
1.760621122469089792e+18 6.200000000000000000e+01
1.760621122535917824e+18 6.200000000000000000e+01
1.760621122602567680e+18 6.200000000000000000e+01
1.760621122669042688e+18 5.900000000000000000e+01
1.760621122769182720e+18 5.900000000000000000e+01
1.760621122802472704e+18 5.900000000000000000e+01
1.760621122869319680e+18 5.900000000000000000e+01
1.760621122935920640e+18 5.900000000000000000e+01
1.760621123002408704e+18 5.900000000000000000e+01
1.760621123102451456e+18 5.900000000000000000e+01
1.760621123669308672e+18 8.500000000000000000e+01
1.760621123769275648e+18 8.500000000000000000e+01
1.760621123802562816e+18 8.500000000000000000e+01
1.760621123869304576e+18 8.500000000000000000e+01
1.760621123935779584e+18 8.500000000000000000e+01
1.760621124002655744e+18 8.500000000000000000e+01
1.760621124102655744e+18 8.500000000000000000e+01
1.760621124135809536e+18 8.500000000000000000e+01
1.760621124269289728e+18 8.700000000000000000e+01
1.760621124335799808e+18 8.700000000000000000e+01
1.760621124435757568e+18 8.000000000000000000e+00
1.760621124535821568e+18 8.700000000000000000e+01
1.760621124702657792e+18 7.900000000000000000e+01
1.760621124769285632e+18 7.900000000000000000e+01
1.760621124835907584e+18 7.900000000000000000e+01
1.760621124969143552e+18 7.900000000000000000e+01
1.760621125035979776e+18 7.900000000000000000e+01
1.760621125102610688e+18 7.900000000000000000e+01
1.760621125302608640e+18 8.200000000000000000e+01
1.760621125369107712e+18 8.200000000000000000e+01
1.760621125435988736e+18 8.200000000000000000e+01
1.760621125502604800e+18 8.200000000000000000e+01
1.760621125569125632e+18 8.200000000000000000e+01
1.760621125635979776e+18 8.200000000000000000e+01
1.760621125702604800e+18 8.500000000000000000e+01
1.760621125835974656e+18 8.500000000000000000e+01
1.760621125969416704e+18 8.500000000000000000e+01
1.760621126035970560e+18 8.500000000000000000e+01
1.760621126102499840e+18 8.500000000000000000e+01
1.760621126169346560e+18 8.500000000000000000e+01
1.760621126302469632e+18 1.200000000000000000e+01
1.760621126436022784e+18 1.200000000000000000e+01
1.760621126502479872e+18 1.200000000000000000e+01
1.760621126569344768e+18 1.200000000000000000e+01
1.760621126702488576e+18 1.200000000000000000e+01
1.760621126769358592e+18 1.000000000000000000e+01
1.760621126836010752e+18 1.000000000000000000e+01
1.760621126969413632e+18 1.000000000000000000e+01
1.760621127035844608e+18 1.000000000000000000e+01
1.760621127102733568e+18 1.000000000000000000e+01
1.760621127169367808e+18 1.000000000000000000e+01
1.760621127769335808e+18 7.200000000000000000e+01
1.760621127835828736e+18 7.200000000000000000e+01
1.760621127969257472e+18 7.200000000000000000e+01
1.760621128136099584e+18 7.200000000000000000e+01
1.760621128169243648e+18 7.200000000000000000e+01
1.760621128236059648e+18 7.300000000000000000e+01
1.760621128302714624e+18 8.600000000000000000e+01
1.760621128369206784e+18 8.600000000000000000e+01
1.760621128469242624e+18 8.600000000000000000e+01
1.760621128502715648e+18 8.600000000000000000e+01
1.760621128569198592e+18 8.600000000000000000e+01
1.760621128636085760e+18 8.600000000000000000e+01
1.760621128702715648e+18 8.600000000000000000e+01
1.760621128802694912e+18 1.500000000000000000e+01
1.760621128836089600e+18 1.500000000000000000e+01
1.760621128902682880e+18 1.500000000000000000e+01
1.760621128969348608e+18 1.500000000000000000e+01
1.760621129136064768e+18 1.500000000000000000e+01
1.760621129169481728e+18 1.500000000000000000e+01
1.760621129236077824e+18 1.500000000000000000e+01
1.760621129302599680e+18 8.600000000000000000e+01
1.760621129369449728e+18 8.600000000000000000e+01
1.760621129469428736e+18 8.600000000000000000e+01
1.760621129502564608e+18 8.600000000000000000e+01
1.760621129569472768e+18 8.600000000000000000e+01
1.760621129636086784e+18 8.600000000000000000e+01
1.760621129702583808e+18 8.600000000000000000e+01
1.760621129802557696e+18 8.600000000000000000e+01
1.760621129836111872e+18 8.600000000000000000e+01
1.760621129936031488e+18 8.600000000000000000e+01
1.760621130002653696e+18 8.600000000000000000e+01
1.760621130069405696e+18 8.600000000000000000e+01
1.760621130135910656e+18 8.600000000000000000e+01
1.760621130202800640e+18 8.600000000000000000e+01
1.760621130269489664e+18 8.600000000000000000e+01
1.760621130402754816e+18 8.000000000000000000e+00
1.760621130469422592e+18 8.100000000000000000e+01
1.760621130535893760e+18 8.100000000000000000e+01
1.760621130669398784e+18 8.000000000000000000e+00
1.760621130802762752e+18 1.600000000000000000e+01
1.760621130869415680e+18 1.600000000000000000e+01
1.760621131069288704e+18 1.600000000000000000e+01
1.760621131136147712e+18 1.600000000000000000e+01
1.760621131202740736e+18 1.600000000000000000e+01
1.760621131269301760e+18 1.600000000000000000e+01
1.760621131869311488e+18 1.000000000000000000e+01
1.760621131936180480e+18 1.000000000000000000e+01
1.760621132002788864e+18 1.000000000000000000e+01
1.760621132136149760e+18 1.000000000000000000e+01
1.760621132202628608e+18 1.000000000000000000e+01
1.760621132269508608e+18 1.000000000000000000e+01
1.760621132402665728e+18 8.000000000000000000e+01
1.760621132469536768e+18 8.000000000000000000e+01
1.760621132536130560e+18 8.000000000000000000e+01
1.760621132602619648e+18 8.000000000000000000e+01
1.760621132669497856e+18 8.000000000000000000e+01
1.760621132736131584e+18 8.000000000000000000e+01
1.760621132802639616e+18 8.000000000000000000e+01
1.760621133069479680e+18 7.100000000000000000e+01
1.760621133336016640e+18 7.100000000000000000e+01
1.760621133402884608e+18 8.300000000000000000e+01
1.760621133535994880e+18 8.300000000000000000e+01
1.760621133669538816e+18 8.300000000000000000e+01
1.760621133735991808e+18 8.300000000000000000e+01
1.760621133802874624e+18 8.300000000000000000e+01
1.760621134936247552e+18 7.500000000000000000e+01
1.760621135002858752e+18 7.500000000000000000e+01
1.760621135069368576e+18 7.500000000000000000e+01
1.760621135436190720e+18 7.100000000000000000e+01
1.760621135769567744e+18 -7.100000000000000000e+01
1.760621135969558784e+18 8.000000000000000000e+01
1.760621136036186624e+18 8.000000000000000000e+01
1.760621136102680576e+18 8.000000000000000000e+01
1.760621136169560576e+18 8.000000000000000000e+01
1.760621136236061696e+18 8.000000000000000000e+01
1.760621136302934528e+18 8.000000000000000000e+01
1.760621136369545728e+18 8.000000000000000000e+01
1.760621136636047616e+18 1.200000000000000000e+01
1.760621136769546752e+18 1.200000000000000000e+01
1.760621136836046592e+18 1.200000000000000000e+01
1.760621136902918656e+18 1.200000000000000000e+01
1.760621137102968576e+18 1.100000000000000000e+01
1.760621137369464576e+18 1.100000000000000000e+01
1.760621137502914560e+18 8.300000000000000000e+01
1.760621137569448704e+18 8.300000000000000000e+01
1.760621137636284672e+18 8.300000000000000000e+01
1.760621137702902784e+18 8.300000000000000000e+01
1.760621137769422848e+18 8.300000000000000000e+01
1.760621137836300544e+18 8.300000000000000000e+01
1.760621137902902528e+18 8.300000000000000000e+01
1.760621137969421568e+18 9.600000000000000000e+01
1.760621138036287744e+18 7.600000000000000000e+01
1.760621138102956800e+18 7.600000000000000000e+01
1.760621138236291584e+18 7.600000000000000000e+01
1.760621138436270592e+18 7.600000000000000000e+01
1.760621138536311552e+18 8.500000000000000000e+01
1.760621138569677568e+18 8.500000000000000000e+01
1.760621138636312832e+18 8.500000000000000000e+01
1.760621138769678592e+18 8.500000000000000000e+01
1.760621138836276736e+18 8.500000000000000000e+01
1.760621138902797824e+18 8.500000000000000000e+01
1.760621139102759680e+18 1.100000000000000000e+01
1.760621139636169728e+18 8.700000000000000000e+01
1.760621139903042816e+18 8.700000000000000000e+01
1.760621139969678592e+18 8.700000000000000000e+01
1.760621140036280576e+18 8.800000000000000000e+01
1.760621140103039744e+18 8.800000000000000000e+01
1.760621140203055616e+18 8.800000000000000000e+01
1.760621140236112640e+18 8.800000000000000000e+01
1.760621140303026688e+18 8.800000000000000000e+01
1.760621140369512704e+18 8.800000000000000000e+01
1.760621140436367872e+18 8.800000000000000000e+01
1.760621140536373504e+18 8.300000000000000000e+01
1.760621140569510656e+18 8.300000000000000000e+01
1.760621140636416768e+18 8.300000000000000000e+01
1.760621140703040512e+18 8.300000000000000000e+01
1.760621140802983680e+18 8.300000000000000000e+01
1.760621140869504768e+18 8.300000000000000000e+01
1.760621140936359680e+18 8.300000000000000000e+01
1.760621141002974720e+18 8.300000000000000000e+01
1.760621141069485568e+18 8.800000000000000000e+01
1.760621141136348672e+18 8.800000000000000000e+01
1.760621141203015680e+18 8.800000000000000000e+01
1.760621141269488640e+18 8.800000000000000000e+01
1.760621141336347648e+18 8.800000000000000000e+01
1.760621141402846464e+18 8.800000000000000000e+01
1.760621141469717760e+18 8.800000000000000000e+01
1.760621142002838528e+18 1.100000000000000000e+01
1.760621142069708544e+18 8.300000000000000000e+01
1.760621142136338688e+18 8.300000000000000000e+01
1.760621142202871552e+18 8.300000000000000000e+01
1.760621142269739520e+18 8.300000000000000000e+01
1.760621142336330752e+18 8.300000000000000000e+01
1.760621142402953728e+18 8.300000000000000000e+01
1.760621142469701888e+18 8.300000000000000000e+01
1.760621142536200704e+18 8.500000000000000000e+01
1.760621142603104512e+18 8.500000000000000000e+01
1.760621142669718784e+18 8.500000000000000000e+01
1.760621142736195584e+18 8.500000000000000000e+01
1.760621142803101696e+18 8.500000000000000000e+01
1.760621142936262656e+18 8.500000000000000000e+01
1.760621143003117568e+18 8.500000000000000000e+01
1.760621143069809664e+18 8.300000000000000000e+01
1.760621143136231680e+18 8.300000000000000000e+01
1.760621143203209728e+18 8.300000000000000000e+01
1.760621143269709568e+18 8.300000000000000000e+01
1.760621143336197632e+18 8.300000000000000000e+01
1.760621143403068672e+18 8.300000000000000000e+01
1.760621143469563648e+18 8.300000000000000000e+01
1.760621143537219840e+18 8.300000000000000000e+01
1.760621143603086592e+18 1.300000000000000000e+01
1.760621143669570560e+18 1.300000000000000000e+01
1.760621143803067648e+18 1.300000000000000000e+01
1.760621143869563648e+18 1.300000000000000000e+01
1.760621143936452608e+18 1.300000000000000000e+01
1.760621144003065600e+18 1.300000000000000000e+01
1.760621144569728512e+18 1.700000000000000000e+01
1.760621144602955520e+18 1.600000000000000000e+01
1.760621144669797632e+18 1.600000000000000000e+01
1.760621144736416512e+18 1.600000000000000000e+01
1.760621144802943744e+18 1.600000000000000000e+01
1.760621144902944512e+18 1.600000000000000000e+01
1.760621144936453632e+18 1.600000000000000000e+01
1.760621145002953728e+18 1.600000000000000000e+01
1.760621145069812736e+18 1.600000000000000000e+01
1.760621145136442624e+18 8.000000000000000000e+01
1.760621145236461568e+18 8.000000000000000000e+01
1.760621145269801728e+18 8.000000000000000000e+01
1.760621145336460544e+18 8.000000000000000000e+01
1.760621145402937600e+18 8.000000000000000000e+01
1.760621145469818624e+18 8.000000000000000000e+01
1.760621145603072768e+18 7.800000000000000000e+01
1.760621145669845504e+18 7.800000000000000000e+01
1.760621145736320768e+18 7.800000000000000000e+01
1.760621145803193600e+18 7.800000000000000000e+01
1.760621145936324608e+18 7.800000000000000000e+01
1.760621146069809664e+18 7.800000000000000000e+01
1.760621146169790720e+18 8.600000000000000000e+01
1.760621146236274688e+18 8.600000000000000000e+01
1.760621146303136512e+18 8.600000000000000000e+01
1.760621146369758720e+18 8.600000000000000000e+01
1.760621146436265728e+18 8.600000000000000000e+01
1.760621146503160832e+18 8.600000000000000000e+01
1.760621146569640704e+18 8.600000000000000000e+01
1.760621146636395776e+18 1.300000000000000000e+01
1.760621146703141632e+18 1.300000000000000000e+01
1.760621146769717760e+18 1.300000000000000000e+01
1.760621146836505600e+18 1.300000000000000000e+01
1.760621146969629696e+18 1.300000000000000000e+01
1.760621147036498688e+18 1.300000000000000000e+01
1.760621147103124736e+18 1.300000000000000000e+01
1.760621147169623552e+18 1.300000000000000000e+01
1.760621147236491776e+18 1.300000000000000000e+01
1.760621147303176704e+18 1.300000000000000000e+01
1.760621147369614592e+18 1.300000000000000000e+01
1.760621147436492800e+18 1.300000000000000000e+01
1.760621147702989568e+18 8.600000000000000000e+01
1.760621147769862656e+18 8.600000000000000000e+01
1.760621147836490752e+18 8.600000000000000000e+01
1.760621147903031552e+18 8.600000000000000000e+01
1.760621147969898752e+18 8.600000000000000000e+01
1.760621148036478720e+18 8.600000000000000000e+01
1.760621148103010560e+18 8.600000000000000000e+01
1.760621148303011584e+18 7.800000000000000000e+01
1.760621148369875712e+18 7.800000000000000000e+01
1.760621148503032576e+18 7.800000000000000000e+01
1.760621148569889792e+18 7.800000000000000000e+01
1.760621148703093760e+18 8.000000000000000000e+01
1.760621148769844736e+18 8.000000000000000000e+01
1.760621148836359680e+18 8.000000000000000000e+01
1.760621148903219712e+18 8.000000000000000000e+01
1.760621148969871872e+18 8.000000000000000000e+01
1.760621149036359680e+18 8.000000000000000000e+01
1.760621149103233536e+18 8.000000000000000000e+01
1.760621149236358656e+18 9.000000000000000000e+01
1.760621149303209728e+18 9.000000000000000000e+01
1.760621149369854720e+18 9.000000000000000000e+01
1.760621149436361728e+18 9.000000000000000000e+01
1.760621149503223552e+18 9.000000000000000000e+01
1.760621149603260672e+18 9.000000000000000000e+01
1.760621149636486656e+18 9.000000000000000000e+01
1.760621150269730560e+18 7.600000000000000000e+01
1.760621150369711616e+18 7.600000000000000000e+01
1.760621151269972480e+18 8.000000000000000000e+01
1.760621151336590848e+18 8.000000000000000000e+01
1.760621151403079680e+18 8.000000000000000000e+01
1.760621151469938688e+18 8.000000000000000000e+01
1.760621151536539904e+18 8.000000000000000000e+01
1.760621151603060736e+18 8.000000000000000000e+01
1.760621151669930752e+18 8.000000000000000000e+01
1.760621151869916672e+18 1.300000000000000000e+01
1.760621151936424704e+18 1.300000000000000000e+01
1.760621152003303680e+18 1.300000000000000000e+01
1.760621152069930752e+18 1.300000000000000000e+01
1.760621152136414720e+18 1.300000000000000000e+01
1.760621152803284736e+18 8.200000000000000000e+01
1.760621152869778688e+18 8.200000000000000000e+01
1.760621152936655872e+18 8.200000000000000000e+01
1.760621153003281664e+18 8.200000000000000000e+01
1.760621153069776896e+18 8.200000000000000000e+01
1.760621153136695552e+18 8.200000000000000000e+01
1.760621153203274752e+18 8.200000000000000000e+01
1.760621153269844736e+18 7.600000000000000000e+01
1.760621153469771520e+18 7.600000000000000000e+01
1.760621153803267840e+18 8.300000000000000000e+01
1.760621153869928704e+18 8.300000000000000000e+01
1.760621153936667648e+18 8.300000000000000000e+01
1.760621154003135744e+18 8.300000000000000000e+01
1.760621154070023680e+18 8.300000000000000000e+01
1.760621154136656640e+18 8.300000000000000000e+01
1.760621154203133696e+18 8.300000000000000000e+01
1.760621154803165696e+18 1.800000000000000000e+01
1.760621154936527616e+18 1.800000000000000000e+01
1.760621155003388672e+18 1.800000000000000000e+01
1.760621155136525568e+18 1.800000000000000000e+01
1.760621155203391744e+18 1.800000000000000000e+01
1.760621155303408640e+18 7.300000000000000000e+01
1.760621155336542720e+18 7.300000000000000000e+01
1.760621155403387904e+18 7.300000000000000000e+01
1.760621155636521472e+18 7.300000000000000000e+01
1.760621155670039552e+18 7.300000000000000000e+01
1.760621155803362560e+18 5.800000000000000000e+01
1.760621155969866752e+18 6.800000000000000000e+01
1.760621156003444736e+18 6.800000000000000000e+01
1.760621156069861632e+18 6.800000000000000000e+01
1.760621156136778496e+18 6.800000000000000000e+01
1.760621156203400704e+18 6.800000000000000000e+01
1.760621156803386624e+18 8.800000000000000000e+01
1.760621156869880576e+18 8.800000000000000000e+01
1.760621156969973504e+18 8.800000000000000000e+01
1.760621157036712704e+18 8.800000000000000000e+01
1.760621157103257600e+18 8.800000000000000000e+01
1.760621157170090752e+18 8.800000000000000000e+01
1.760621157236720640e+18 8.800000000000000000e+01
1.760621157836696576e+18 1.000000000000000000e+01
1.760621157903201536e+18 1.000000000000000000e+01
1.760621157970257664e+18 1.000000000000000000e+01
1.760621158036572672e+18 1.000000000000000000e+01
1.760621158103443712e+18 1.000000000000000000e+01
1.760621158170069760e+18 1.000000000000000000e+01
1.760621158236569600e+18 1.000000000000000000e+01
1.760621158303441664e+18 1.000000000000000000e+01
1.760621158903470848e+18 8.100000000000000000e+01
1.760621158970055680e+18 8.000000000000000000e+00
1.760621159036675584e+18 8.000000000000000000e+00
1.760621159103468544e+18 8.000000000000000000e+00
1.760621159170001664e+18 8.100000000000000000e+01
1.760621159236816640e+18 8.000000000000000000e+00
1.760621159303502848e+18 8.100000000000000000e+01
1.760621159369922560e+18 1.300000000000000000e+01
1.760621159436796672e+18 1.300000000000000000e+01
1.760621159503501568e+18 1.300000000000000000e+01
1.760621159569957632e+18 1.300000000000000000e+01
1.760621159636848640e+18 1.300000000000000000e+01
1.760621159703417856e+18 1.300000000000000000e+01
1.760621159836818688e+18 1.300000000000000000e+01
1.760621159903420672e+18 1.500000000000000000e+01
1.760621160036803840e+18 1.500000000000000000e+01
1.760621160170180864e+18 1.500000000000000000e+01
1.760621160236789760e+18 1.500000000000000000e+01
1.760621160336783616e+18 1.500000000000000000e+01
1.760621161003310592e+18 6.800000000000000000e+01
1.760621161036819712e+18 6.800000000000000000e+01
1.760621161103431680e+18 6.800000000000000000e+01
1.760621161170166784e+18 6.800000000000000000e+01
1.760621161236677632e+18 6.800000000000000000e+01
1.760621161336676608e+18 6.800000000000000000e+01
1.760621161370185728e+18 6.800000000000000000e+01
1.760621161936645632e+18 1.300000000000000000e+01
1.760621162003542784e+18 1.300000000000000000e+01
1.760621162070132736e+18 1.300000000000000000e+01
1.760621162203511808e+18 1.300000000000000000e+01
1.760621162270032640e+18 1.300000000000000000e+01
1.760621162336882688e+18 1.300000000000000000e+01
1.760621162470011648e+18 1.500000000000000000e+01
1.760621162603508736e+18 1.500000000000000000e+01
1.760621162670010624e+18 1.500000000000000000e+01
1.760621162869985536e+18 1.500000000000000000e+01
1.760621163003492608e+18 8.200000000000000000e+01
1.760621163069986560e+18 8.200000000000000000e+01
1.760621163136858624e+18 8.200000000000000000e+01
1.760621163203388672e+18 8.200000000000000000e+01
1.760621163270240768e+18 8.200000000000000000e+01
1.760621163336865536e+18 8.200000000000000000e+01
1.760621163403361792e+18 8.200000000000000000e+01
1.760621163536853760e+18 7.600000000000000000e+01
1.760621163603367680e+18 7.600000000000000000e+01
1.760621163670229760e+18 7.600000000000000000e+01
1.760621163736852736e+18 7.600000000000000000e+01
1.760621163803353856e+18 7.600000000000000000e+01
1.760621163870227456e+18 7.600000000000000000e+01
1.760621164003345664e+18 7.900000000000000000e+01
1.760621164070224640e+18 7.900000000000000000e+01
1.760621164136847616e+18 7.900000000000000000e+01
1.760621164336701696e+18 7.900000000000000000e+01
1.760621164403681792e+18 7.900000000000000000e+01
1.760621164470271488e+18 7.900000000000000000e+01
1.760621164536741632e+18 8.900000000000000000e+01
1.760621164603623680e+18 8.900000000000000000e+01
1.760621164670213632e+18 8.900000000000000000e+01
1.760621164736755712e+18 8.900000000000000000e+01
1.760621164803583744e+18 8.900000000000000000e+01
1.760621164870225664e+18 8.900000000000000000e+01
1.760621164936721664e+18 8.900000000000000000e+01
1.760621165003651584e+18 1.200000000000000000e+01
1.760621165136720640e+18 1.200000000000000000e+01
1.760621165336987648e+18 1.200000000000000000e+01
1.760621165403615744e+18 1.200000000000000000e+01
1.760621165536953600e+18 1.000000000000000000e+01
1.760621165603577600e+18 1.000000000000000000e+01
1.760621165670112512e+18 1.000000000000000000e+01
1.760621165737018624e+18 1.000000000000000000e+01
1.760621165803607808e+18 1.000000000000000000e+01
1.760621165870101760e+18 1.000000000000000000e+01
1.760621165936964864e+18 1.000000000000000000e+01
1.760621166070082560e+18 5.900000000000000000e+01
1.760621166203564544e+18 6.900000000000000000e+01
1.760621166370346752e+18 6.900000000000000000e+01
1.760621166403465728e+18 6.900000000000000000e+01
1.760621166470359552e+18 6.900000000000000000e+01
1.760621166603462656e+18 7.100000000000000000e+01
1.760621166736986624e+18 7.100000000000000000e+01
1.760621166870350592e+18 7.100000000000000000e+01
1.760621167070346496e+18 8.500000000000000000e+01
1.760621167136965632e+18 8.500000000000000000e+01
1.760621167270348800e+18 8.500000000000000000e+01
1.760621167370304512e+18 8.500000000000000000e+01
1.760621167470373632e+18 8.500000000000000000e+01
1.760621167536833792e+18 1.600000000000000000e+01
1.760621167603676672e+18 1.600000000000000000e+01
1.760621167703642624e+18 1.600000000000000000e+01
1.760621167770291456e+18 1.600000000000000000e+01
1.760621167836787712e+18 1.600000000000000000e+01
1.760621167970291712e+18 1.600000000000000000e+01
1.760621168036784640e+18 1.300000000000000000e+01
1.760621168236777728e+18 1.300000000000000000e+01
1.760621168303663616e+18 1.300000000000000000e+01
1.760621168370139648e+18 1.300000000000000000e+01
1.760621168437009664e+18 1.300000000000000000e+01
1.760621168503653888e+18 1.300000000000000000e+01
1.760621168570177792e+18 8.600000000000000000e+01
1.760621168637022720e+18 8.600000000000000000e+01
1.760621168703648512e+18 8.600000000000000000e+01
1.760621168770133760e+18 8.600000000000000000e+01
1.760621168837055744e+18 8.600000000000000000e+01
1.760621168970138880e+18 8.600000000000000000e+01
1.760621169037018880e+18 8.600000000000000000e+01
1.760621169103667712e+18 1.300000000000000000e+01
1.760621169170140672e+18 1.300000000000000000e+01
1.760621169303635712e+18 1.300000000000000000e+01
1.760621169370259712e+18 1.300000000000000000e+01
1.760621169437008640e+18 1.300000000000000000e+01
1.760621169503506688e+18 1.300000000000000000e+01
1.760621169570409728e+18 1.300000000000000000e+01
1.760621169637004544e+18 1.800000000000000000e+01
1.760621169837024768e+18 1.800000000000000000e+01
1.760621169903526656e+18 1.800000000000000000e+01
1.760621169970428672e+18 1.800000000000000000e+01
1.760621170036998656e+18 1.800000000000000000e+01
1.760621170103543808e+18 4.800000000000000000e+01
1.760621170636872704e+18 5.300000000000000000e+01
1.760621170703743744e+18 5.300000000000000000e+01
1.760621170770373632e+18 5.300000000000000000e+01
1.760621170836868864e+18 5.300000000000000000e+01
1.760621170903780608e+18 5.300000000000000000e+01
1.760621170970385664e+18 5.300000000000000000e+01
1.760621171036867584e+18 5.300000000000000000e+01
1.760621171103758592e+18 5.300000000000000000e+01
1.760621171170384640e+18 3.700000000000000000e+01
1.760621171236878592e+18 3.700000000000000000e+01
1.760621171303758592e+18 3.700000000000000000e+01
1.760621171403759616e+18 3.700000000000000000e+01
1.760621171437005824e+18 3.700000000000000000e+01
1.760621171503766784e+18 3.700000000000000000e+01
1.760621171570241792e+18 3.700000000000000000e+01
1.760621171637134848e+18 5.100000000000000000e+01
1.760621171737221632e+18 5.100000000000000000e+01
1.760621171770266880e+18 5.100000000000000000e+01
1.760621171837140736e+18 5.100000000000000000e+01
1.760621171903772672e+18 5.100000000000000000e+01
1.760621171970231808e+18 5.100000000000000000e+01
1.760621172070248704e+18 5.100000000000000000e+01
1.760621172103760640e+18 5.100000000000000000e+01
1.760621172170284800e+18 2.800000000000000000e+01
1.760621172237111552e+18 2.800000000000000000e+01
1.760621172303744768e+18 2.800000000000000000e+01
1.760621172403732736e+18 2.800000000000000000e+01
1.760621172437126656e+18 2.800000000000000000e+01
1.760621172570378752e+18 2.800000000000000000e+01
1.760621172637109760e+18 2.800000000000000000e+01
1.760621173303605760e+18 3.700000000000000000e+01
1.760621173536965632e+18 3.700000000000000000e+01
1.760621173803807744e+18 4.500000000000000000e+01
1.760621174203806720e+18 3.800000000000000000e+01
1.760621174270441728e+18 3.800000000000000000e+01
1.760621174336932608e+18 3.800000000000000000e+01
1.760621174403805696e+18 3.800000000000000000e+01
1.760621174470469632e+18 3.800000000000000000e+01
1.760621174537057536e+18 3.800000000000000000e+01
1.760621174603800832e+18 3.800000000000000000e+01
1.760621174737179648e+18 5.000000000000000000e+01
1.760621174803828736e+18 5.000000000000000000e+01
1.760621174870295808e+18 5.000000000000000000e+01
1.760621174937177600e+18 5.000000000000000000e+01
1.760621175003794688e+18 5.000000000000000000e+01
1.760621175070352896e+18 5.000000000000000000e+01
1.760621175137236480e+18 5.000000000000000000e+01
1.760621176203667712e+18 7.800000000000000000e+01
1.760621176270546688e+18 7.800000000000000000e+01
1.760621176337162752e+18 7.800000000000000000e+01
1.760621176537156608e+18 7.800000000000000000e+01
1.760621176670602752e+18 7.800000000000000000e+01
1.760621176737035776e+18 7.500000000000000000e+01
1.760621176803911680e+18 7.500000000000000000e+01
1.760621176870524672e+18 7.500000000000000000e+01
1.760621176937060608e+18 7.500000000000000000e+01
1.760621177003892736e+18 7.500000000000000000e+01
1.760621177137039616e+18 7.500000000000000000e+01
1.760621177270532608e+18 1.000000000000000000e+01
1.760621177337007872e+18 1.000000000000000000e+01
1.760621177437038592e+18 1.000000000000000000e+01
1.760621177470541824e+18 1.000000000000000000e+01
1.760621177537037568e+18 1.000000000000000000e+01
1.760621177603902464e+18 1.000000000000000000e+01
1.760621178337292544e+18 7.200000000000000000e+01
1.760621178537281792e+18 7.200000000000000000e+01
1.760621178670416640e+18 7.200000000000000000e+01
1.760621178903744768e+18 7.300000000000000000e+01
1.760621178970611456e+18 7.300000000000000000e+01
1.760621179103726592e+18 7.300000000000000000e+01
1.760621179170598656e+18 7.300000000000000000e+01
1.760621179237241856e+18 7.300000000000000000e+01
1.760621179370598912e+18 7.200000000000000000e+01
1.760621179503716608e+18 7.200000000000000000e+01
1.760621179570598656e+18 7.200000000000000000e+01
1.760621179637222656e+18 7.200000000000000000e+01
1.760621179770598656e+18 7.200000000000000000e+01
1.760621179837105664e+18 8.000000000000000000e+00
1.760621179903964672e+18 8.400000000000000000e+01
1.760621179970590464e+18 8.400000000000000000e+01
1.760621180103961600e+18 8.000000000000000000e+00
1.760621180170631680e+18 8.400000000000000000e+01
1.760621180237132800e+18 8.000000000000000000e+00
1.760621180370581504e+18 8.000000000000000000e+00
1.760621180503957760e+18 8.400000000000000000e+01
1.760621180637164544e+18 8.400000000000000000e+01
1.760621180703946496e+18 8.000000000000000000e+00
1.760621180770634752e+18 8.000000000000000000e+00
1.760621180837212672e+18 1.500000000000000000e+01
1.760621181037325568e+18 1.500000000000000000e+01
1.760621181104080640e+18 1.500000000000000000e+01
1.760621181170497536e+18 1.500000000000000000e+01
1.760621181237321728e+18 1.500000000000000000e+01
1.760621181303962624e+18 7.000000000000000000e+01
1.760621181370516736e+18 7.000000000000000000e+01
1.760621181503935488e+18 7.000000000000000000e+01
1.760621181570482688e+18 7.000000000000000000e+01
1.760621181637360640e+18 7.000000000000000000e+01
1.760621181703952896e+18 7.000000000000000000e+01
1.760621181770457856e+18 7.000000000000000000e+01
1.760621182370722816e+18 1.300000000000000000e+01
1.760621182503803648e+18 7.300000000000000000e+01
1.760621182637335808e+18 1.300000000000000000e+01
1.760621182703816704e+18 7.300000000000000000e+01
1.760621182803808768e+18 7.300000000000000000e+01
1.760621182870695680e+18 8.700000000000000000e+01
1.760621183070674688e+18 8.700000000000000000e+01
1.760621183137197824e+18 8.700000000000000000e+01
1.760621183204041728e+18 8.700000000000000000e+01
1.760621183270680576e+18 8.700000000000000000e+01
1.760621183337173760e+18 8.700000000000000000e+01
1.760621183404044544e+18 1.000000000000000000e+01
1.760621183470664704e+18 1.000000000000000000e+01
1.760621183537174784e+18 1.000000000000000000e+01
1.760621183604037888e+18 1.000000000000000000e+01
1.760621183670670848e+18 1.000000000000000000e+01
1.760621183737159680e+18 1.000000000000000000e+01
1.760621183804035584e+18 1.000000000000000000e+01
1.760621183937291520e+18 7.100000000000000000e+01
1.760621184004036608e+18 7.100000000000000000e+01
1.760621184070508800e+18 7.100000000000000000e+01
1.760621184337387520e+18 7.100000000000000000e+01
1.760621184404053760e+18 6.800000000000000000e+01
1.760621184470540800e+18 6.800000000000000000e+01
1.760621184537388544e+18 6.800000000000000000e+01
1.760621184604015616e+18 6.800000000000000000e+01
1.760621184670543616e+18 6.800000000000000000e+01
1.760621184737390848e+18 6.800000000000000000e+01
1.760621184804001536e+18 6.800000000000000000e+01
1.760621184870496768e+18 6.800000000000000000e+01
1.760621184937375744e+18 8.200000000000000000e+01
1.760621185003874816e+18 8.200000000000000000e+01
1.760621185070755840e+18 8.200000000000000000e+01
1.760621185137383680e+18 8.200000000000000000e+01
1.760621185203878656e+18 8.200000000000000000e+01
1.760621185270752768e+18 8.200000000000000000e+01
1.760621185337376512e+18 8.200000000000000000e+01
1.760621185403877632e+18 1.600000000000000000e+01
1.760621185470749696e+18 1.600000000000000000e+01
1.760621185537376768e+18 1.600000000000000000e+01
1.760621185603876608e+18 1.600000000000000000e+01
1.760621185737376768e+18 1.600000000000000000e+01
1.760621185803872512e+18 1.600000000000000000e+01
1.760621185870776576e+18 1.600000000000000000e+01
1.760621185937392640e+18 9.100000000000000000e+01
1.760621186004016640e+18 9.100000000000000000e+01
1.760621186137283584e+18 9.100000000000000000e+01
1.760621186204157696e+18 9.100000000000000000e+01
1.760621186270739712e+18 9.100000000000000000e+01
1.760621186337285632e+18 9.100000000000000000e+01
1.760621186404196864e+18 9.100000000000000000e+01
1.760621186470783744e+18 7.000000000000000000e+01
1.760621186537261824e+18 7.000000000000000000e+01
1.760621186604148736e+18 7.000000000000000000e+01
1.760621186670794752e+18 7.000000000000000000e+01
1.760621186737229568e+18 7.000000000000000000e+01
1.760621186804112640e+18 7.000000000000000000e+01
1.760621186870781696e+18 7.000000000000000000e+01
1.760621188503980544e+18 1.600000000000000000e+01
1.760621188570854656e+18 1.600000000000000000e+01
1.760621188637486592e+18 1.600000000000000000e+01
1.760621188703966720e+18 1.600000000000000000e+01
1.760621188770851584e+18 1.600000000000000000e+01
1.760621188837473536e+18 1.600000000000000000e+01
1.760621188903955712e+18 1.600000000000000000e+01
1.760621189037441792e+18 8.500000000000000000e+01
1.760621189104071680e+18 8.500000000000000000e+01
1.760621189170839808e+18 8.500000000000000000e+01
1.760621189370841856e+18 8.500000000000000000e+01
1.760621189437338624e+18 8.500000000000000000e+01
1.760621189504191744e+18 8.000000000000000000e+00
1.760621189570807808e+18 8.000000000000000000e+00
1.760621189637328640e+18 8.100000000000000000e+01
1.760621189970821632e+18 8.100000000000000000e+01
1.760621190704180736e+18 1.500000000000000000e+01
1.760621191037542656e+18 1.300000000000000000e+01
1.760621191104162816e+18 1.300000000000000000e+01
1.760621191170777856e+18 1.300000000000000000e+01
1.760621191237534720e+18 1.300000000000000000e+01
1.760621191304031488e+18 1.300000000000000000e+01
1.760621191370907904e+18 1.300000000000000000e+01
1.760621191437580544e+18 1.300000000000000000e+01
1.760621191504063488e+18 1.300000000000000000e+01
1.760621191571008768e+18 8.800000000000000000e+01
1.760621191637575680e+18 8.800000000000000000e+01
1.760621191704022528e+18 8.800000000000000000e+01
1.760621191770934528e+18 8.800000000000000000e+01
1.760621191837568768e+18 8.800000000000000000e+01
1.760621191904086528e+18 8.800000000000000000e+01
1.760621191970913536e+18 8.800000000000000000e+01
1.760621192170935552e+18 8.000000000000000000e+00
1.760621192570935808e+18 1.600000000000000000e+01
1.760621192637399552e+18 1.600000000000000000e+01
1.760621192704258560e+18 1.600000000000000000e+01
1.760621192770899712e+18 1.600000000000000000e+01
1.760621192837443584e+18 1.600000000000000000e+01
1.760621192904411904e+18 1.600000000000000000e+01
1.760621192970891776e+18 1.600000000000000000e+01
1.760621193037394688e+18 1.600000000000000000e+01
1.760621193170914560e+18 1.600000000000000000e+01
1.760621193237503744e+18 1.600000000000000000e+01
1.760621193304267520e+18 1.600000000000000000e+01
1.760621193370764800e+18 1.600000000000000000e+01
1.760621193504284672e+18 1.600000000000000000e+01
1.760621193570762752e+18 1.800000000000000000e+01
1.760621193637665792e+18 1.200000000000000000e+01
1.760621193704282880e+18 1.200000000000000000e+01
1.760621193770791680e+18 1.200000000000000000e+01
1.760621193870754816e+18 1.200000000000000000e+01
1.760621193904284672e+18 1.200000000000000000e+01
1.760621194104251648e+18 8.600000000000000000e+01
1.760621194204274688e+18 8.600000000000000000e+01
1.760621194304162816e+18 8.600000000000000000e+01
1.760621194370996736e+18 8.600000000000000000e+01
1.760621194437646592e+18 8.600000000000000000e+01
1.760621194537634560e+18 8.600000000000000000e+01
1.760621194571042816e+18 8.600000000000000000e+01
1.760621194637653504e+18 8.200000000000000000e+01
1.760621194704168704e+18 8.200000000000000000e+01
1.760621194771021568e+18 8.200000000000000000e+01
1.760621194904152576e+18 8.200000000000000000e+01
1.760621195004119552e+18 8.200000000000000000e+01
1.760621195037679616e+18 8.200000000000000000e+01
1.760621195104140800e+18 8.500000000000000000e+01
1.760621195270991616e+18 8.500000000000000000e+01
1.760621195337527808e+18 8.500000000000000000e+01
1.760621195537523712e+18 8.500000000000000000e+01
1.760621196204332544e+18 7.300000000000000000e+01
1.760621196337613568e+18 7.300000000000000000e+01
1.760621196537707520e+18 7.300000000000000000e+01
1.760621196670817536e+18 7.900000000000000000e+01
1.760621196804317696e+18 7.900000000000000000e+01
1.760621196870844672e+18 7.900000000000000000e+01
1.760621197004312832e+18 7.900000000000000000e+01
1.760621197070876672e+18 7.900000000000000000e+01
1.760621197137683712e+18 6.900000000000000000e+01
1.760621197204313856e+18 6.900000000000000000e+01
1.760621197270868736e+18 6.900000000000000000e+01
1.760621197604186880e+18 6.900000000000000000e+01
1.760621197671063552e+18 7.500000000000000000e+01
1.760621197804192768e+18 7.500000000000000000e+01
1.760621198071097600e+18 7.500000000000000000e+01
1.760621198204176640e+18 8.000000000000000000e+00
1.760621198337693696e+18 8.700000000000000000e+01
1.760621198404300800e+18 8.700000000000000000e+01
1.760621198537561600e+18 8.000000000000000000e+00
1.760621198604467712e+18 8.700000000000000000e+01
1.760621198737539840e+18 1.300000000000000000e+01
1.760621198804409856e+18 1.300000000000000000e+01
1.760621198937538560e+18 1.300000000000000000e+01
1.760621199004461824e+18 1.300000000000000000e+01
1.760621199071043840e+18 1.300000000000000000e+01
1.760621199137547776e+18 1.300000000000000000e+01
1.760621199237535744e+18 7.500000000000000000e+01
1.760621199337602560e+18 7.500000000000000000e+01
1.760621199470943744e+18 7.500000000000000000e+01
1.760621199570915584e+18 7.500000000000000000e+01
1.760621199670905600e+18 7.500000000000000000e+01
1.760621200471086848e+18 5.500000000000000000e+01
1.760621200637757696e+18 5.500000000000000000e+01
1.760621200771126784e+18 7.000000000000000000e+01
1.760621200837762560e+18 7.000000000000000000e+01
1.760621201104308480e+18 7.000000000000000000e+01
1.760621201171122688e+18 7.000000000000000000e+01
1.760621201837618688e+18 8.000000000000000000e+00
1.760621201904488448e+18 8.100000000000000000e+01
1.760621202104493568e+18 8.000000000000000000e+00
1.760621202571127552e+18 7.600000000000000000e+01
1.760621202637719552e+18 7.600000000000000000e+01
1.760621202970986496e+18 7.600000000000000000e+01
1.760621203037883648e+18 7.600000000000000000e+01
1.760621203104488704e+18 7.600000000000000000e+01
1.760621203304495616e+18 8.900000000000000000e+01
1.760621203371013632e+18 8.900000000000000000e+01
1.760621203437853696e+18 8.900000000000000000e+01
1.760621203504481792e+18 8.900000000000000000e+01
1.760621203604484864e+18 8.900000000000000000e+01
1.760621203637854464e+18 8.900000000000000000e+01
1.760621203704325632e+18 8.900000000000000000e+01
1.760621203837846784e+18 1.300000000000000000e+01
1.760621203937857536e+18 1.300000000000000000e+01
1.760621204037838592e+18 1.300000000000000000e+01
1.760621204104327680e+18 1.300000000000000000e+01
1.760621204171243776e+18 1.300000000000000000e+01
1.760621204271216640e+18 1.300000000000000000e+01
1.760621204304359680e+18 1.200000000000000000e+01
1.760621204371209728e+18 1.200000000000000000e+01
1.760621204437841664e+18 1.200000000000000000e+01
1.760621204504370688e+18 1.200000000000000000e+01
1.760621204604311808e+18 1.200000000000000000e+01
1.760621204637829888e+18 1.200000000000000000e+01
1.760621204704457728e+18 1.200000000000000000e+01
1.760621204771196672e+18 1.200000000000000000e+01
1.760621204837742592e+18 8.100000000000000000e+01
1.760621204937702656e+18 8.000000000000000000e+00
1.760621204971257600e+18 8.000000000000000000e+00
1.760621205037719808e+18 8.100000000000000000e+01
1.760621205104610560e+18 8.100000000000000000e+01
1.760621205271213824e+18 8.000000000000000000e+00
1.760621205304610816e+18 7.900000000000000000e+01
1.760621205371226880e+18 7.900000000000000000e+01
1.760621205437705728e+18 7.900000000000000000e+01
1.760621205504611840e+18 7.900000000000000000e+01
1.760621205604574720e+18 7.900000000000000000e+01
1.760621205637732864e+18 7.900000000000000000e+01
1.760621205704585728e+18 7.900000000000000000e+01
1.760621205837968640e+18 9.000000000000000000e+01
1.760621205937944576e+18 9.000000000000000000e+01
1.760621206037960704e+18 9.000000000000000000e+01
1.760621206137933824e+18 9.000000000000000000e+01
1.760621206204547584e+18 9.000000000000000000e+01
1.760621206271042560e+18 9.000000000000000000e+01
1.760621206471049728e+18 1.500000000000000000e+01
1.760621206537924864e+18 1.500000000000000000e+01
1.760621206737903616e+18 1.500000000000000000e+01
1.760621206804406528e+18 1.500000000000000000e+01
1.760621206871316736e+18 1.200000000000000000e+01
1.760621207004399872e+18 1.200000000000000000e+01
1.760621207071272704e+18 1.200000000000000000e+01
1.760621207137901824e+18 1.200000000000000000e+01
1.760621207204421632e+18 1.200000000000000000e+01
1.760621207337884672e+18 1.900000000000000000e+01
1.760621207404401664e+18 7.900000000000000000e+01
1.760621207471317760e+18 7.900000000000000000e+01
1.760621207537891584e+18 7.900000000000000000e+01
1.760621207604391680e+18 7.900000000000000000e+01
1.760621207671337728e+18 7.900000000000000000e+01
1.760621207804514560e+18 7.900000000000000000e+01
1.760621207871266560e+18 5.900000000000000000e+01
1.760621207937764608e+18 5.900000000000000000e+01
1.760621208004648704e+18 5.900000000000000000e+01
1.760621208071306752e+18 5.900000000000000000e+01
1.760621208137834752e+18 5.900000000000000000e+01
1.760621208204640512e+18 5.900000000000000000e+01
1.760621208271297792e+18 5.900000000000000000e+01
1.760621208337812736e+18 5.900000000000000000e+01
1.760621208404632576e+18 3.000000000000000000e+01
1.760621208471288576e+18 3.000000000000000000e+01
1.760621208537776640e+18 3.000000000000000000e+01
1.760621208604631552e+18 3.000000000000000000e+01
1.760621208671253760e+18 3.000000000000000000e+01
1.760621208737775616e+18 3.000000000000000000e+01
1.760621208804644608e+18 3.000000000000000000e+01
1.760621208938021632e+18 5.000000000000000000e+00
1.760621209004685568e+18 5.000000000000000000e+00
1.760621209071144704e+18 5.000000000000000000e+00
1.760621209138048768e+18 5.000000000000000000e+00
1.760621209204648704e+18 5.000000000000000000e+00
1.760621209271146752e+18 5.000000000000000000e+00
1.760621209338045696e+18 5.000000000000000000e+00
1.760621209404637696e+18 2.300000000000000000e+01
1.760621209471141632e+18 2.300000000000000000e+01
1.760621209538006784e+18 2.300000000000000000e+01
1.760621209604616704e+18 2.300000000000000000e+01
1.760621209671161600e+18 2.300000000000000000e+01
1.760621209738016512e+18 2.300000000000000000e+01
1.760621209804642560e+18 2.300000000000000000e+01
1.760621209871270656e+18 2.300000000000000000e+01
1.760621209971392512e+18 3.200000000000000000e+01
1.760621210004518656e+18 3.200000000000000000e+01
1.760621210071375616e+18 3.200000000000000000e+01
1.760621210138010624e+18 3.200000000000000000e+01
1.760621210204520704e+18 3.200000000000000000e+01
1.760621210404508672e+18 2.300000000000000000e+01
1.760621210471409920e+18 2.300000000000000000e+01
1.760621210538015488e+18 2.300000000000000000e+01
1.760621210638003712e+18 2.300000000000000000e+01
1.760621210671374848e+18 2.300000000000000000e+01
1.760621210738008832e+18 2.300000000000000000e+01
1.760621210871365888e+18 2.300000000000000000e+01
1.760621211471365632e+18 2.900000000000000000e+01
1.760621211537892608e+18 2.900000000000000000e+01
1.760621211637845760e+18 2.900000000000000000e+01
1.760621211704745728e+18 2.900000000000000000e+01
1.760621211737897728e+18 2.900000000000000000e+01
1.760621211837828608e+18 2.900000000000000000e+01
1.760621211904694784e+18 2.900000000000000000e+01
1.760621212104728576e+18 5.000000000000000000e+00
1.760621212238070784e+18 5.000000000000000000e+00
1.760621212304693760e+18 5.400000000000000000e+01
1.760621212371237632e+18 5.000000000000000000e+00
1.760621212438072576e+18 6.000000000000000000e+01
1.760621212504689664e+18 6.000000000000000000e+01
1.760621212571190528e+18 6.000000000000000000e+01
1.760621212638105600e+18 6.000000000000000000e+01
1.760621212704689664e+18 6.000000000000000000e+01
1.760621212771187712e+18 5.000000000000000000e+01
1.760621212838065664e+18 6.000000000000000000e+01
1.760621212904685824e+18 6.000000000000000000e+01
1.760621212971312640e+18 5.800000000000000000e+01
1.760621213038060544e+18 5.800000000000000000e+01
1.760621213104596736e+18 5.800000000000000000e+01
1.760621213171431680e+18 5.800000000000000000e+01
1.760621213238055680e+18 5.800000000000000000e+01
1.760621213304594688e+18 5.800000000000000000e+01
1.760621213371466752e+18 5.800000000000000000e+01
1.760621213438048512e+18 5.800000000000000000e+01
1.760621213504553728e+18 7.100000000000000000e+01
1.760621213571468544e+18 7.100000000000000000e+01
1.760621213904574720e+18 7.100000000000000000e+01
1.760621214037971712e+18 8.200000000000000000e+01
1.760621214104881664e+18 8.200000000000000000e+01
1.760621214171419648e+18 8.200000000000000000e+01
1.760621214237952768e+18 8.200000000000000000e+01
1.760621214304816640e+18 8.200000000000000000e+01
1.760621214371410688e+18 8.200000000000000000e+01
1.760621214437932800e+18 8.200000000000000000e+01
1.760621215038058752e+18 8.900000000000000000e+01
1.760621215104783872e+18 8.900000000000000000e+01
1.760621215171306496e+18 8.900000000000000000e+01
1.760621215238191616e+18 8.900000000000000000e+01
1.760621215338183680e+18 8.900000000000000000e+01
1.760621215371332608e+18 8.900000000000000000e+01
1.760621215438180608e+18 8.900000000000000000e+01
1.760621215504792576e+18 8.000000000000000000e+00
1.760621215571272704e+18 8.000000000000000000e+00
1.760621215671304704e+18 8.000000000000000000e+00
1.760621215904791552e+18 8.000000000000000000e+00
1.760621216004799488e+18 8.000000000000000000e+01
1.760621216038160640e+18 8.000000000000000000e+01
1.760621216104669696e+18 8.000000000000000000e+01
1.760621216171540736e+18 8.000000000000000000e+01
1.760621216238162688e+18 8.000000000000000000e+01
1.760621216338141696e+18 8.000000000000000000e+01
1.760621216371561728e+18 8.000000000000000000e+01
1.760621216438186752e+18 8.000000000000000000e+01
1.760621216504692736e+18 9.000000000000000000e+01
1.760621216571538688e+18 9.000000000000000000e+01
1.760621216704740864e+18 9.000000000000000000e+01
1.760621216771546624e+18 9.000000000000000000e+01
1.760621216838243840e+18 9.000000000000000000e+01
1.760621216904674816e+18 9.000000000000000000e+01
1.760621217038160640e+18 1.900000000000000000e+01
1.760621217138042624e+18 1.900000000000000000e+01
1.760621217204731648e+18 1.900000000000000000e+01
1.760621217271491840e+18 1.900000000000000000e+01
1.760621217337981696e+18 1.900000000000000000e+01
1.760621217404853504e+18 1.900000000000000000e+01
1.760621217471479552e+18 1.900000000000000000e+01
1.760621217537994496e+18 1.100000000000000000e+01
1.760621217604869632e+18 1.100000000000000000e+01
1.760621217671492608e+18 1.100000000000000000e+01
1.760621217738014720e+18 1.100000000000000000e+01
1.760621217871484672e+18 1.100000000000000000e+01
1.760621217937986560e+18 1.100000000000000000e+01
1.760621218004855552e+18 1.100000000000000000e+01
1.760621218071518720e+18 -8.100000000000000000e+01
1.760621218138101504e+18 8.100000000000000000e+01
1.760621218271352832e+18 8.100000000000000000e+01
1.760621218404848640e+18 8.100000000000000000e+01
1.760621218471392512e+18 8.100000000000000000e+01
1.760621218538230784e+18 8.700000000000000000e+01
1.760621218604883712e+18 8.700000000000000000e+01
1.760621218671422720e+18 8.700000000000000000e+01
1.760621218804876544e+18 8.700000000000000000e+01
1.760621218871345664e+18 8.700000000000000000e+01
1.760621218938217728e+18 8.700000000000000000e+01
1.760621219071428864e+18 1.300000000000000000e+01
1.760621219138207744e+18 1.300000000000000000e+01
1.760621219271496704e+18 1.300000000000000000e+01
1.760621219338256640e+18 1.300000000000000000e+01
1.760621219404720896e+18 1.300000000000000000e+01
1.760621219471633664e+18 1.300000000000000000e+01
1.760621219538207744e+18 1.300000000000000000e+01
1.760621219604732672e+18 1.500000000000000000e+01
1.760621219671589632e+18 1.500000000000000000e+01
1.760621219738226688e+18 1.500000000000000000e+01
1.760621219804736512e+18 1.500000000000000000e+01
1.760621219938210816e+18 1.500000000000000000e+01
1.760621220004707584e+18 1.500000000000000000e+01
1.760621220071600640e+18 1.500000000000000000e+01
1.760621220138211840e+18 8.900000000000000000e+01
1.760621220204836608e+18 8.900000000000000000e+01
1.760621220271567616e+18 8.900000000000000000e+01
1.760621220338078720e+18 8.900000000000000000e+01
1.760621220404939776e+18 8.900000000000000000e+01
1.760621220471568640e+18 8.900000000000000000e+01
1.760621220538079744e+18 8.900000000000000000e+01
1.760621220604960768e+18 8.000000000000000000e+01
1.760621220671586816e+18 8.000000000000000000e+01
1.760621220738102784e+18 8.000000000000000000e+01
1.760621220804952576e+18 8.000000000000000000e+01
1.760621220871590656e+18 8.000000000000000000e+01
1.760621220938056704e+18 8.000000000000000000e+01
1.760621221004966656e+18 8.000000000000000000e+01
1.760621221071564800e+18 8.000000000000000000e+01
1.760621221138112768e+18 8.600000000000000000e+01
1.760621221204969728e+18 8.600000000000000000e+01
1.760621221271456768e+18 8.600000000000000000e+01
1.760621221338201856e+18 8.600000000000000000e+01
1.760621221404934656e+18 8.600000000000000000e+01
1.760621221471462656e+18 8.600000000000000000e+01
1.760621221538311680e+18 8.600000000000000000e+01
1.760621221604953856e+18 8.600000000000000000e+01
1.760621221738339584e+18 1.300000000000000000e+01
1.760621221804984576e+18 1.300000000000000000e+01
1.760621221871516672e+18 1.300000000000000000e+01
1.760621221938303744e+18 1.300000000000000000e+01
1.760621222038314496e+18 1.300000000000000000e+01
1.760621222071483648e+18 1.300000000000000000e+01
1.760621222704766720e+18 8.600000000000000000e+01
1.760621222771643648e+18 8.600000000000000000e+01
1.760621222838266624e+18 8.600000000000000000e+01
1.760621222904745472e+18 8.600000000000000000e+01
1.760621222971655680e+18 8.600000000000000000e+01
1.760621223038319616e+18 8.600000000000000000e+01
1.760621223104746496e+18 8.600000000000000000e+01
1.760621223171643648e+18 8.300000000000000000e+01
1.760621223238297600e+18 8.300000000000000000e+01
1.760621223304785664e+18 8.300000000000000000e+01
1.760621223371644672e+18 8.300000000000000000e+01
1.760621223438151680e+18 8.300000000000000000e+01
1.760621223505019648e+18 8.300000000000000000e+01
1.760621223571675904e+18 8.300000000000000000e+01
1.760621223638140672e+18 8.300000000000000000e+01
1.760621223771664640e+18 8.000000000000000000e+00
1.760621223838171648e+18 8.000000000000000000e+00
1.760621223905010688e+18 8.100000000000000000e+01
1.760621223971639552e+18 8.000000000000000000e+00
1.760621224038128640e+18 8.000000000000000000e+00
1.760621224105035776e+18 8.000000000000000000e+00
1.760621224171654656e+18 8.100000000000000000e+01
1.760621224238133760e+18 8.000000000000000000e+00
1.760621224305049600e+18 8.000000000000000000e+00
1.760621224438250752e+18 8.000000000000000000e+00
1.760621224505002752e+18 8.000000000000000000e+00
1.760621224571553792e+18 8.100000000000000000e+01
1.760621224638423808e+18 8.000000000000000000e+00
1.760621224704995584e+18 7.900000000000000000e+01
1.760621224771526656e+18 -7.900000000000000000e+01
1.760621224838370560e+18 7.900000000000000000e+01
1.760621224971505664e+18 7.900000000000000000e+01
1.760621225038384640e+18 7.900000000000000000e+01
1.760621225104997632e+18 7.900000000000000000e+01
1.760621225171517696e+18 7.900000000000000000e+01
1.760621225238381568e+18 7.800000000000000000e+01
1.760621225304992768e+18 7.800000000000000000e+01
1.760621225371510784e+18 7.800000000000000000e+01
1.760621225438370816e+18 7.800000000000000000e+01
1.760621225504861696e+18 7.800000000000000000e+01
1.760621225571753728e+18 7.800000000000000000e+01
1.760621225638393600e+18 7.800000000000000000e+01
1.760621226738249728e+18 7.500000000000000000e+01
1.760621226771765760e+18 7.500000000000000000e+01
1.760621226838225664e+18 7.500000000000000000e+01
1.760621226905135616e+18 7.500000000000000000e+01
1.760621226971749888e+18 7.500000000000000000e+01
1.760621227071710464e+18 7.500000000000000000e+01
1.760621227105138688e+18 7.500000000000000000e+01
1.760621227305144832e+18 7.300000000000000000e+01
1.760621227438265600e+18 7.300000000000000000e+01
1.760621227571621632e+18 7.300000000000000000e+01
1.760621228271575808e+18 7.500000000000000000e+01
1.760621228338445568e+18 7.500000000000000000e+01
1.760621228405081856e+18 7.500000000000000000e+01
1.760621228471566592e+18 7.500000000000000000e+01
1.760621228538442496e+18 7.500000000000000000e+01
1.760621228604945664e+18 7.500000000000000000e+01
1.760621228671822848e+18 7.500000000000000000e+01
1.760621228738434816e+18 7.500000000000000000e+01
1.760621228804944640e+18 7.500000000000000000e+01
1.760621228871808768e+18 7.500000000000000000e+01
1.760621229071845888e+18 7.500000000000000000e+01
1.760621229138482688e+18 7.500000000000000000e+01
1.760621229204947712e+18 7.500000000000000000e+01
1.760621229605111552e+18 7.700000000000000000e+01
1.760621231005147648e+18 7.700000000000000000e+01
1.760621232871915520e+18 7.800000000000000000e+01
1.760621232938415872e+18 7.800000000000000000e+01
1.760621233005286656e+18 7.800000000000000000e+01
1.760621233138406656e+18 7.800000000000000000e+01
1.760621233205268736e+18 7.800000000000000000e+01
1.760621233305242880e+18 7.800000000000000000e+01
1.760621233338420736e+18 7.900000000000000000e+01
1.760621233438373632e+18 7.900000000000000000e+01
1.760621233505245696e+18 7.900000000000000000e+01
1.760621233538417664e+18 7.900000000000000000e+01
1.760621233638376704e+18 7.900000000000000000e+01
1.760621233705237504e+18 7.900000000000000000e+01
1.760621233771730688e+18 7.900000000000000000e+01
1.760621233838609664e+18 8.000000000000000000e+01
1.760621233905221632e+18 8.000000000000000000e+01
1.760621233971728640e+18 8.000000000000000000e+01
1.760621234038603776e+18 8.000000000000000000e+01
1.760621234105230592e+18 8.000000000000000000e+01
1.760621234171730688e+18 8.000000000000000000e+01
1.760621234238551552e+18 8.000000000000000000e+01
1.760621234305227776e+18 8.000000000000000000e+01
1.760621234371717632e+18 7.900000000000000000e+01
1.760621234438597632e+18 7.900000000000000000e+01
1.760621234505205504e+18 7.900000000000000000e+01
1.760621234571713792e+18 7.900000000000000000e+01
1.760621234638594560e+18 7.900000000000000000e+01
1.760621234705209856e+18 7.900000000000000000e+01
1.760621234771841792e+18 7.900000000000000000e+01
1.760621235438575872e+18 7.600000000000000000e+01
1.760621235505129472e+18 7.600000000000000000e+01
1.760621235571969792e+18 7.600000000000000000e+01
1.760621235638891776e+18 7.600000000000000000e+01
1.760621235705130496e+18 7.600000000000000000e+01
1.760621235771985664e+18 7.600000000000000000e+01
1.760621235971972608e+18 7.500000000000000000e+01
1.760621236105332736e+18 7.500000000000000000e+01
1.760621236171990528e+18 7.500000000000000000e+01
1.760621236305327616e+18 7.500000000000000000e+01
1.760621236905318656e+18 7.500000000000000000e+01
1.760621237138687488e+18 7.500000000000000000e+01
1.760621237171828736e+18 7.500000000000000000e+01
1.760621237438699776e+18 7.600000000000000000e+01
1.760621237571833600e+18 7.600000000000000000e+01
1.760621237638677504e+18 7.600000000000000000e+01
1.760621237705295616e+18 7.600000000000000000e+01
1.760621237805327616e+18 7.600000000000000000e+01
1.760621237838756608e+18 7.600000000000000000e+01
1.760621237905194752e+18 7.600000000000000000e+01
1.760621237972040704e+18 7.600000000000000000e+01
1.760621238138682624e+18 7.600000000000000000e+01
1.760621238305213696e+18 7.600000000000000000e+01
1.760621238372082688e+18 7.600000000000000000e+01
1.760621238472089856e+18 7.600000000000000000e+01
1.760621238505198592e+18 7.600000000000000000e+01
1.760621238572089600e+18 7.600000000000000000e+01
1.760621238638703616e+18 7.600000000000000000e+01
1.760621238705187840e+18 7.600000000000000000e+01
1.760621238805161728e+18 7.600000000000000000e+01
1.760621238838685696e+18 7.600000000000000000e+01
1.760621238905346560e+18 7.600000000000000000e+01
1.760621239005286656e+18 7.600000000000000000e+01
1.760621239205415680e+18 7.600000000000000000e+01
1.760621239272006656e+18 7.600000000000000000e+01
1.760621239338503680e+18 7.600000000000000000e+01
1.760621239405380608e+18 7.600000000000000000e+01
1.760621239472027904e+18 7.600000000000000000e+01
1.760621239672007680e+18 7.600000000000000000e+01
1.760621239805414656e+18 7.600000000000000000e+01
1.760621239872013568e+18 7.600000000000000000e+01
1.760621239938634752e+18 7.600000000000000000e+01
1.760621240005391616e+18 7.600000000000000000e+01
1.760621240138771712e+18 7.600000000000000000e+01
1.760621240205379840e+18 7.600000000000000000e+01
1.760621240271875584e+18 7.600000000000000000e+01
1.760621240538772480e+18 7.900000000000000000e+01
1.760621240605359872e+18 7.900000000000000000e+01
1.760621240671945472e+18 7.900000000000000000e+01
1.760621240738782720e+18 7.900000000000000000e+01
1.760621240805424640e+18 7.900000000000000000e+01
1.760621240871981568e+18 7.900000000000000000e+01
1.760621241005241600e+18 8.000000000000000000e+00
1.760621241472167680e+18 1.200000000000000000e+01
1.760621241538752768e+18 1.200000000000000000e+01
1.760621241605231872e+18 1.200000000000000000e+01
1.760621241672124672e+18 1.200000000000000000e+01
1.760621241805235712e+18 1.200000000000000000e+01
1.760621241872129792e+18 1.200000000000000000e+01
1.760621241938741760e+18 1.200000000000000000e+01
1.760621242005361920e+18 9.000000000000000000e+01
1.760621242072113664e+18 9.000000000000000000e+01
1.760621242138633728e+18 9.000000000000000000e+01
1.760621242205499648e+18 9.000000000000000000e+01
1.760621242272140800e+18 9.000000000000000000e+01
1.760621242338613760e+18 9.000000000000000000e+01
1.760621242405485568e+18 9.000000000000000000e+01
1.760621242505495808e+18 1.000000000000000000e+01
1.760621242572084736e+18 1.000000000000000000e+01
1.760621242638608640e+18 1.000000000000000000e+01
1.760621242705490688e+18 1.000000000000000000e+01
1.760621242772123648e+18 1.000000000000000000e+01
1.760621242838608640e+18 1.000000000000000000e+01
1.760621242905491712e+18 1.000000000000000000e+01
1.760621242972116736e+18 1.000000000000000000e+01
1.760621243038728704e+18 1.000000000000000000e+01
1.760621243171975680e+18 1.000000000000000000e+01
1.760621243305481728e+18 1.000000000000000000e+01
1.760621243371980544e+18 1.000000000000000000e+01
1.760621243505472768e+18 1.000000000000000000e+01
1.760621243571974656e+18 8.600000000000000000e+01
1.760621243638829824e+18 8.600000000000000000e+01
1.760621243705463552e+18 8.600000000000000000e+01
1.760621243771973632e+18 8.600000000000000000e+01
1.760621243838834688e+18 8.600000000000000000e+01
1.760621243905451776e+18 8.600000000000000000e+01
1.760621243971955712e+18 8.600000000000000000e+01
1.760621244038826752e+18 8.800000000000000000e+01
1.760621244105328896e+18 8.900000000000000000e+01
1.760621244172084480e+18 8.900000000000000000e+01
1.760621244238821632e+18 8.900000000000000000e+01
1.760621244305314816e+18 8.900000000000000000e+01
1.760621244372184832e+18 8.900000000000000000e+01
1.760621244438817792e+18 8.900000000000000000e+01
1.760621244505319680e+18 8.900000000000000000e+01
1.760621244572188672e+18 1.000000000000000000e+01
1.760621244638809600e+18 1.000000000000000000e+01
1.760621244705313792e+18 1.000000000000000000e+01
1.760621244772188672e+18 1.000000000000000000e+01
1.760621244838803712e+18 1.000000000000000000e+01
1.760621244905311488e+18 1.000000000000000000e+01
1.760621244972176896e+18 1.000000000000000000e+01
1.760621245038801664e+18 1.000000000000000000e+01
1.760621245105307648e+18 1.100000000000000000e+01
1.760621245572178688e+18 1.600000000000000000e+01
1.760621245638671616e+18 1.600000000000000000e+01
1.760621245705539584e+18 1.600000000000000000e+01
1.760621245772193792e+18 1.600000000000000000e+01
1.760621245838713600e+18 1.600000000000000000e+01
1.760621245905547520e+18 1.600000000000000000e+01
1.760621245972244736e+18 1.600000000000000000e+01
1.760621246038660864e+18 1.600000000000000000e+01
1.760621246105578752e+18 1.300000000000000000e+01
1.760621246172154624e+18 1.300000000000000000e+01
1.760621246238744832e+18 1.300000000000000000e+01
1.760621246305559552e+18 1.300000000000000000e+01
1.760621246372031744e+18 1.300000000000000000e+01
1.760621246438937600e+18 1.300000000000000000e+01
1.760621246505581568e+18 1.300000000000000000e+01
1.760621246638900736e+18 8.000000000000000000e+01
1.760621246705558784e+18 8.000000000000000000e+01
1.760621246772044544e+18 8.000000000000000000e+01
1.760621246838939648e+18 8.000000000000000000e+01
1.760621246905534720e+18 8.000000000000000000e+01
1.760621246972056576e+18 8.000000000000000000e+01
1.760621247038905600e+18 8.000000000000000000e+01
1.760621247105524736e+18 8.000000000000000000e+01
1.760621247238874624e+18 7.300000000000000000e+01
1.760621247305416704e+18 7.300000000000000000e+01
1.760621247438897664e+18 7.300000000000000000e+01
1.760621247538930688e+18 7.300000000000000000e+01
1.760621248205417728e+18 7.300000000000000000e+01
1.760621248338760704e+18 7.300000000000000000e+01
1.760621248405638656e+18 7.300000000000000000e+01
1.760621248472279808e+18 1.300000000000000000e+01
1.760621248605654784e+18 7.300000000000000000e+01
1.760621248672270848e+18 8.300000000000000000e+01
1.760621248738769664e+18 8.300000000000000000e+01
1.760621248805662720e+18 8.300000000000000000e+01
1.760621248872266752e+18 8.300000000000000000e+01
1.760621248938733568e+18 8.300000000000000000e+01
1.760621249005617664e+18 8.300000000000000000e+01
1.760621249072236800e+18 8.300000000000000000e+01
1.760621249138744576e+18 8.300000000000000000e+01
1.760621249205617664e+18 1.000000000000000000e+01
1.760621249272245760e+18 1.000000000000000000e+01
1.760621249338878720e+18 1.000000000000000000e+01
1.760621249405622784e+18 1.000000000000000000e+01
1.760621249472119552e+18 1.000000000000000000e+01
1.760621249538986752e+18 1.000000000000000000e+01
1.760621249605618688e+18 1.000000000000000000e+01
1.760621250205609728e+18 6.200000000000000000e+01
1.760621250405464576e+18 6.200000000000000000e+01
1.760621250605468672e+18 6.200000000000000000e+01
1.760621250672341504e+18 6.200000000000000000e+01
1.760621250738991616e+18 5.800000000000000000e+01
1.760621250805459712e+18 5.800000000000000000e+01
1.760621250872334592e+18 5.800000000000000000e+01
1.760621250938957568e+18 5.800000000000000000e+01
1.760621251005459712e+18 5.800000000000000000e+01
1.760621251072366592e+18 5.800000000000000000e+01
1.760621251138955520e+18 5.800000000000000000e+01
1.760621252272310784e+18 5.800000000000000000e+01
1.760621252339104768e+18 5.800000000000000000e+01
1.760621252405714688e+18 5.800000000000000000e+01
1.760621252472215552e+18 5.800000000000000000e+01
1.760621252539073792e+18 5.800000000000000000e+01
1.760621252605704704e+18 5.800000000000000000e+01
1.760621252672200704e+18 5.800000000000000000e+01
1.760621252872185600e+18 4.600000000000000000e+01
1.760621252972210688e+18 4.600000000000000000e+01
1.760621253239085568e+18 3.600000000000000000e+01
1.760621253305710848e+18 3.600000000000000000e+01
1.760621253339049472e+18 3.600000000000000000e+01
1.760621253439082496e+18 3.600000000000000000e+01
1.760621253505569792e+18 3.600000000000000000e+01
1.760621253572461568e+18 3.600000000000000000e+01
1.760621253605547776e+18 3.600000000000000000e+01
1.760621253672457728e+18 3.600000000000000000e+01
1.760621253739065600e+18 3.600000000000000000e+01
1.760621253805582848e+18 2.600000000000000000e+01
1.760621253905560832e+18 2.600000000000000000e+01
1.760621253972437504e+18 2.600000000000000000e+01
1.760621254105560832e+18 2.600000000000000000e+01
1.760621254139044864e+18 2.600000000000000000e+01
1.760621254239093760e+18 2.600000000000000000e+01
1.760621254505687808e+18 6.000000000000000000e+00
1.760621254572414720e+18 6.000000000000000000e+00
1.760621254805815808e+18 1.100000000000000000e+01
1.760621254905769472e+18 1.100000000000000000e+01
1.760621254938954496e+18 1.100000000000000000e+01
1.760621255005794816e+18 1.100000000000000000e+01
1.760621255172410624e+18 1.100000000000000000e+01
1.760621255238892800e+18 1.100000000000000000e+01
1.760621255305772800e+18 9.000000000000000000e+00
1.760621255372392704e+18 9.000000000000000000e+00
1.760621255438912512e+18 9.000000000000000000e+00
1.760621255505762560e+18 9.000000000000000000e+00
1.760621255572260608e+18 9.000000000000000000e+00
1.760621255639135488e+18 9.000000000000000000e+00
1.760621255705775616e+18 9.000000000000000000e+00
1.760621256372257792e+18 6.000000000000000000e+00
1.760621256505747712e+18 6.000000000000000000e+00
1.760621256572420608e+18 6.000000000000000000e+00
1.760621256639116800e+18 6.000000000000000000e+00
1.760621256772497664e+18 6.000000000000000000e+00
1.760621256839115520e+18 9.000000000000000000e+00
1.760621257039133696e+18 9.000000000000000000e+00
1.760621257239151616e+18 9.000000000000000000e+00
1.760621257639000576e+18 1.300000000000000000e+01
1.760621257705789440e+18 1.300000000000000000e+01
1.760621257772504576e+18 1.300000000000000000e+01
1.760621258305847552e+18 1.900000000000000000e+01
1.760621258372478720e+18 1.900000000000000000e+01
1.760621258438996736e+18 1.900000000000000000e+01
1.760621258505870592e+18 1.900000000000000000e+01
1.760621258605868544e+18 1.900000000000000000e+01
1.760621258672357888e+18 1.900000000000000000e+01
1.760621258739123456e+18 1.900000000000000000e+01
1.760621258872374784e+18 1.900000000000000000e+01
1.760621259005864704e+18 1.900000000000000000e+01
1.760621259205863680e+18 1.900000000000000000e+01
1.760621259272351744e+18 1.900000000000000000e+01
1.760621259339234560e+18 1.800000000000000000e+01
1.760621259405839616e+18 1.800000000000000000e+01
1.760621259472344576e+18 1.800000000000000000e+01
1.760621259539230464e+18 1.800000000000000000e+01
1.760621259739226624e+18 1.800000000000000000e+01
1.760621259805716736e+18 1.800000000000000000e+01
1.760621260139233536e+18 1.000000000000000000e+00
1.760621261405931776e+18 3.000000000000000000e+00
1.760621261472560640e+18 3.000000000000000000e+00
1.760621261539043584e+18 3.000000000000000000e+00
1.760621261605915904e+18 3.000000000000000000e+00
1.760621261672548864e+18 3.000000000000000000e+00
1.760621261739037696e+18 3.000000000000000000e+00
1.760621261805915648e+18 3.000000000000000000e+00
1.760621261939285760e+18 6.000000000000000000e+00
1.760621262005913856e+18 6.000000000000000000e+00
1.760621262072406784e+18 6.000000000000000000e+00
1.760621262139284736e+18 6.000000000000000000e+00
1.760621262205906688e+18 6.000000000000000000e+00
1.760621262272449792e+18 6.000000000000000000e+00
1.760621262339322624e+18 6.000000000000000000e+00
1.760621262939271680e+18 6.000000000000000000e+00
1.760621263005777664e+18 6.000000000000000000e+00
1.760621263072679680e+18 6.000000000000000000e+00
1.760621263139287808e+18 6.000000000000000000e+00
1.760621263205776640e+18 6.000000000000000000e+00
1.760621263272658688e+18 6.000000000000000000e+00
1.760621263339277824e+18 6.000000000000000000e+00
1.760621263472672768e+18 5.000000000000000000e+00
1.760621263539288832e+18 5.000000000000000000e+00
1.760621263639295488e+18 5.000000000000000000e+00
1.760621263705804544e+18 5.000000000000000000e+00
1.760621263772670720e+18 5.000000000000000000e+00
1.760621263839281920e+18 5.000000000000000000e+00
1.760621264439145472e+18 2.000000000000000000e+00
1.760621264506024704e+18 2.000000000000000000e+00
1.760621264572651520e+18 2.000000000000000000e+00
1.760621264639165696e+18 2.000000000000000000e+00
1.760621264706031616e+18 2.000000000000000000e+00
1.760621264772663552e+18 2.000000000000000000e+00
1.760621264839146496e+18 2.000000000000000000e+00
1.760621264906002688e+18 2.000000000000000000e+00
1.760621265572516608e+18 -2.000000000000000000e+00
1.760621265972598784e+18 3.000000000000000000e+00
1.760621266039356672e+18 3.000000000000000000e+00
1.760621266105848832e+18 3.000000000000000000e+00
1.760621266172722688e+18 3.000000000000000000e+00
1.760621266239347712e+18 3.000000000000000000e+00
1.760621266305845760e+18 3.000000000000000000e+00
1.760621266372741632e+18 3.000000000000000000e+00
1.760621266439341824e+18 3.000000000000000000e+00
1.760621267906088704e+18 7.000000000000000000e+00
1.760621268039360768e+18 2.000000000000000000e+01
1.760621268106072576e+18 2.000000000000000000e+01
1.760621268172618752e+18 2.000000000000000000e+01
1.760621268239450624e+18 2.000000000000000000e+01
1.760621268306111488e+18 2.000000000000000000e+01
1.760621268372626688e+18 2.000000000000000000e+01
1.760621268506076672e+18 2.800000000000000000e+01
1.760621268572561664e+18 2.800000000000000000e+01
1.760621268639441664e+18 2.800000000000000000e+01
1.760621268706076672e+18 2.800000000000000000e+01
1.760621268839481600e+18 2.800000000000000000e+01
1.760621268906046720e+18 2.800000000000000000e+01
1.760621268972577536e+18 2.800000000000000000e+01
1.760621269172827648e+18 3.700000000000000000e+01
1.760621269339458816e+18 3.700000000000000000e+01
1.760621269439438592e+18 3.700000000000000000e+01
1.760621269672830464e+18 6.600000000000000000e+01
1.760621269772807680e+18 6.600000000000000000e+01
1.760621270206238720e+18 3.700000000000000000e+01
1.760621270272798720e+18 3.000000000000000000e+00
1.760621270406177792e+18 3.700000000000000000e+01
1.760621270472806656e+18 3.000000000000000000e+00
1.760621270606185728e+18 2.500000000000000000e+01
1.760621270672797696e+18 2.500000000000000000e+01
1.760621270739286784e+18 2.500000000000000000e+01
1.760621270939283712e+18 2.500000000000000000e+01
1.760621271006160640e+18 2.500000000000000000e+01
1.760621271072796672e+18 2.900000000000000000e+01
1.760621271139457792e+18 2.900000000000000000e+01
1.760621271206194688e+18 2.900000000000000000e+01
1.760621271272653568e+18 2.900000000000000000e+01
1.760621271339520768e+18 -2.900000000000000000e+01
1.760621271406146816e+18 2.900000000000000000e+01
1.760621271472652800e+18 2.900000000000000000e+01
1.760621271539514880e+18 3.900000000000000000e+01
1.760621271606137856e+18 3.300000000000000000e+01
1.760621271672645632e+18 3.300000000000000000e+01
1.760621271739508736e+18 3.300000000000000000e+01
1.760621271806134784e+18 3.300000000000000000e+01
1.760621271872598528e+18 3.300000000000000000e+01
1.760621271939503616e+18 3.300000000000000000e+01
1.760621272006135808e+18 3.300000000000000000e+01
1.760621272606008832e+18 6.800000000000000000e+01
1.760621272739488512e+18 4.800000000000000000e+01
1.760621272872871680e+18 6.800000000000000000e+01
1.760621272939491840e+18 4.800000000000000000e+01
1.760621273072854784e+18 3.900000000000000000e+01
1.760621273139485696e+18 3.900000000000000000e+01
1.760621273206152704e+18 3.900000000000000000e+01
1.760621273272901888e+18 3.900000000000000000e+01
1.760621273339365632e+18 3.900000000000000000e+01
1.760621273406229760e+18 3.900000000000000000e+01
1.760621273472901632e+18 3.900000000000000000e+01
1.760621273539393536e+18 3.900000000000000000e+01
1.760621273606287616e+18 3.900000000000000000e+01
1.760621273672862720e+18 3.900000000000000000e+01
1.760621273739405568e+18 3.900000000000000000e+01
1.760621273806267648e+18 3.900000000000000000e+01
1.760621273872904704e+18 3.900000000000000000e+01
1.760621273939364608e+18 3.900000000000000000e+01
1.760621274006240512e+18 3.900000000000000000e+01
1.760621274072872704e+18 3.900000000000000000e+01
1.760621274139384832e+18 3.500000000000000000e+01
1.760621274206274816e+18 3.500000000000000000e+01
1.760621274272748800e+18 3.500000000000000000e+01
1.760621274339504640e+18 3.500000000000000000e+01
1.760621274406235648e+18 3.500000000000000000e+01
1.760621274472726528e+18 3.500000000000000000e+01
1.760621274539650560e+18 3.500000000000000000e+01
1.760621274606240768e+18 3.600000000000000000e+01
1.760621274672730624e+18 3.600000000000000000e+01
1.760621274739610624e+18 3.600000000000000000e+01
1.760621274806237696e+18 3.600000000000000000e+01
1.760621274872733696e+18 3.600000000000000000e+01
1.760621274939613696e+18 3.600000000000000000e+01
1.760621275039610624e+18 3.600000000000000000e+01
1.760621275072735744e+18 3.600000000000000000e+01
1.760621275139598592e+18 2.800000000000000000e+01
1.760621275206286592e+18 2.800000000000000000e+01
1.760621275272854528e+18 2.800000000000000000e+01
1.760621275372861696e+18 2.800000000000000000e+01
1.760621275406102784e+18 2.800000000000000000e+01
1.760621275472989696e+18 2.800000000000000000e+01
1.760621275539649792e+18 2.800000000000000000e+01
1.760621276172966656e+18 1.500000000000000000e+01
1.760621276372957696e+18 1.500000000000000000e+01
1.760621276506332672e+18 1.500000000000000000e+01
1.760621276572971520e+18 1.500000000000000000e+01
1.760621277172948480e+18 2.800000000000000000e+01
1.760621277239425536e+18 2.800000000000000000e+01
1.760621277306303744e+18 2.800000000000000000e+01
1.760621277372826624e+18 2.800000000000000000e+01
1.760621277439570688e+18 2.800000000000000000e+01
1.760621277506276608e+18 2.800000000000000000e+01
1.760621277572797696e+18 2.800000000000000000e+01
1.760621277639659520e+18 2.900000000000000000e+01
1.760621277706271744e+18 2.900000000000000000e+01
1.760621277772799744e+18 2.900000000000000000e+01
1.760621277839663616e+18 2.900000000000000000e+01
1.760621277906285824e+18 2.900000000000000000e+01
1.760621277972785664e+18 2.900000000000000000e+01
1.760621278039660800e+18 2.900000000000000000e+01
1.760621278106284544e+18 2.900000000000000000e+01
1.760621278172810752e+18 2.500000000000000000e+01
1.760621278239657728e+18 2.500000000000000000e+01
1.760621278306284544e+18 2.500000000000000000e+01
1.760621278372783616e+18 2.500000000000000000e+01
1.760621278439656704e+18 2.500000000000000000e+01
1.760621278506151680e+18 2.500000000000000000e+01
1.760621278573027584e+18 2.500000000000000000e+01
1.760621278706147584e+18 3.200000000000000000e+01
1.760621278773067776e+18 3.200000000000000000e+01
1.760621278839688704e+18 3.200000000000000000e+01
1.760621278906146816e+18 3.200000000000000000e+01
1.760621278973078784e+18 3.200000000000000000e+01
1.760621279039701760e+18 3.200000000000000000e+01
1.760621279106195712e+18 3.200000000000000000e+01
1.760621279173048832e+18 3.600000000000000000e+01
1.760621279239682560e+18 3.600000000000000000e+01
1.760621279306152704e+18 3.600000000000000000e+01
1.760621279373054720e+18 3.600000000000000000e+01
1.760621279439670528e+18 3.600000000000000000e+01
1.760621279507209728e+18 3.600000000000000000e+01
1.760621279573006592e+18 3.600000000000000000e+01
1.760621279639529728e+18 3.600000000000000000e+01
1.760621279706413824e+18 3.900000000000000000e+01
1.760621279773014784e+18 3.900000000000000000e+01
1.760621279839546624e+18 3.900000000000000000e+01
1.760621279906391552e+18 3.900000000000000000e+01
1.760621279973027584e+18 3.900000000000000000e+01
1.760621280039546624e+18 3.900000000000000000e+01
1.760621280106397696e+18 3.900000000000000000e+01
1.760621280173023744e+18 3.900000000000000000e+01
1.760621280239520768e+18 2.700000000000000000e+01
1.760621281172950784e+18 9.000000000000000000e+00
1.760621281239747840e+18 5.000000000000000000e+00
1.760621281306391808e+18 5.000000000000000000e+00
1.760621281406375680e+18 5.000000000000000000e+00
1.760621281439742464e+18 5.000000000000000000e+00
1.760621281506401792e+18 5.000000000000000000e+00
1.760621281739744768e+18 3.000000000000000000e+00
1.760621281773169664e+18 3.000000000000000000e+00
1.760621281839781888e+18 3.000000000000000000e+00
1.760621281906229760e+18 3.000000000000000000e+00
1.760621281973137664e+18 3.000000000000000000e+00
1.760621282073096704e+18 3.000000000000000000e+00
1.760621282106264576e+18 3.000000000000000000e+00
1.760621282273124608e+18 6.000000000000000000e+00
1.760621282739587840e+18 8.000000000000000000e+00
1.760621282873095680e+18 8.000000000000000000e+00
1.760621282939596544e+18 8.000000000000000000e+00
1.760621283006456576e+18 8.000000000000000000e+00
1.760621283073085696e+18 8.000000000000000000e+00
1.760621283139623680e+18 8.000000000000000000e+00
1.760621283406447616e+18 2.700000000000000000e+01
1.760621283473114624e+18 2.700000000000000000e+01
1.760621283539573760e+18 2.700000000000000000e+01
1.760621283606447616e+18 2.700000000000000000e+01
1.760621283672943616e+18 2.700000000000000000e+01
1.760621283739819776e+18 1.800000000000000000e+01
1.760621283806446848e+18 1.800000000000000000e+01
1.760621283872942592e+18 1.800000000000000000e+01
1.760621284006461696e+18 1.800000000000000000e+01
1.760621284072963840e+18 1.800000000000000000e+01
1.760621284139811840e+18 1.800000000000000000e+01
1.760621284206476800e+18 1.800000000000000000e+01
1.760621284272959744e+18 8.000000000000000000e+00
1.760621284339843840e+18 8.000000000000000000e+00
1.760621284406477568e+18 8.000000000000000000e+00
1.760621284472933888e+18 8.000000000000000000e+00
1.760621284539856640e+18 8.000000000000000000e+00
1.760621284606489600e+18 8.000000000000000000e+00
1.760621284673079808e+18 8.000000000000000000e+00
1.760621286473194496e+18 6.000000000000000000e+00
1.760621286773034496e+18 5.200000000000000000e+01
1.760621286873078528e+18 1.200000000000000000e+01
1.760621287006575616e+18 1.200000000000000000e+01
1.760621287106533888e+18 1.200000000000000000e+01
1.760621287139956736e+18 1.200000000000000000e+01
1.760621287206600704e+18 1.200000000000000000e+01
1.760621287273095680e+18 1.200000000000000000e+01
1.760621287339941632e+18 2.000000000000000000e+01
1.760621287439900672e+18 2.000000000000000000e+01
1.760621287473037824e+18 2.000000000000000000e+01
1.760621287539954688e+18 2.000000000000000000e+01
1.760621287606577664e+18 2.000000000000000000e+01
1.760621287673054720e+18 2.000000000000000000e+01
1.760621287773153792e+18 2.000000000000000000e+01
1.760621287839869696e+18 -2.600000000000000000e+01
1.760621287906387456e+18 2.400000000000000000e+01
1.760621288173250560e+18 2.400000000000000000e+01
1.760621288839742720e+18 1.000000000000000000e+01
1.760621288906629632e+18 1.000000000000000000e+01
1.760621288973246464e+18 1.000000000000000000e+01
1.760621289039733760e+18 1.000000000000000000e+01
1.760621289106612736e+18 1.000000000000000000e+01
1.760621289173290752e+18 1.000000000000000000e+01
1.760621289239770624e+18 1.000000000000000000e+01
1.760621289306611712e+18 1.000000000000000000e+01
1.760621289439754752e+18 1.200000000000000000e+01
1.760621289573224704e+18 1.200000000000000000e+01
1.760621289706639872e+18 1.200000000000000000e+01
1.760621289773268736e+18 1.200000000000000000e+01
1.760621290373101824e+18 1.200000000000000000e+01
1.760621290439976704e+18 1.200000000000000000e+01
1.760621290506664704e+18 1.200000000000000000e+01
1.760621290773134592e+18 1.200000000000000000e+01
1.760621290840015616e+18 4.200000000000000000e+01
1.760621291373338624e+18 8.000000000000000000e+00
1.760621291473343488e+18 8.000000000000000000e+00
1.760621291506479616e+18 8.000000000000000000e+00
1.760621291573404672e+18 8.000000000000000000e+00
1.760621291706491648e+18 8.000000000000000000e+00
1.760621291806481664e+18 8.000000000000000000e+00
1.760621291906599680e+18 1.600000000000000000e+01
1.760621291973332736e+18 1.600000000000000000e+01
1.760621292039875840e+18 1.600000000000000000e+01
1.760621292173372672e+18 1.600000000000000000e+01
1.760621292239857664e+18 1.600000000000000000e+01
1.760621292306734592e+18 1.600000000000000000e+01
1.760621292506742784e+18 2.700000000000000000e+01
1.760621292573334784e+18 2.700000000000000000e+01
1.760621292706727680e+18 2.700000000000000000e+01
1.760621292806694656e+18 2.700000000000000000e+01
1.760621292973195776e+18 -2.100000000000000000e+01
1.760621293140051712e+18 -2.100000000000000000e+01
1.760621293206701824e+18 -2.100000000000000000e+01
1.760621293273178624e+18 -2.100000000000000000e+01
1.760621293940038656e+18 9.000000000000000000e+00
1.760621294206535680e+18 9.000000000000000000e+00
1.760621294273420544e+18 9.000000000000000000e+00
1.760621294340032512e+18 9.000000000000000000e+00
1.760621294473405696e+18 1.300000000000000000e+01
1.760621294540025600e+18 1.300000000000000000e+01
1.760621294606499584e+18 1.300000000000000000e+01
1.760621294673479680e+18 1.300000000000000000e+01
1.760621294740017664e+18 1.300000000000000000e+01
1.760621294806515712e+18 1.300000000000000000e+01
1.760621294873446656e+18 1.300000000000000000e+01
1.760621294940018688e+18 8.000000000000000000e+00
1.760621295073436672e+18 8.000000000000000000e+00
1.760621295206810624e+18 8.000000000000000000e+00
1.760621295273375744e+18 8.000000000000000000e+00
1.760621295406768896e+18 8.000000000000000000e+00
1.760621295473430528e+18 8.000000000000000000e+00
1.760621295539903744e+18 8.000000000000000000e+00
1.760621295606819584e+18 8.000000000000000000e+00
1.760621295673407744e+18 8.000000000000000000e+00
1.760621295740062720e+18 8.000000000000000000e+00
1.760621297173388800e+18 2.000000000000000000e+00
1.760621297206663680e+18 2.000000000000000000e+00
1.760621298173498624e+18 -2.100000000000000000e+01
1.760621298206770688e+18 -2.100000000000000000e+01
1.760621298406905600e+18 -2.100000000000000000e+01
1.760621298506847744e+18 -2.100000000000000000e+01
1.760621298606898688e+18 -2.100000000000000000e+01
1.760621298706848512e+18 -2.100000000000000000e+01
1.760621298773462784e+18 -2.100000000000000000e+01
1.760621300573595648e+18 2.600000000000000000e+01
1.760621300640177664e+18 2.600000000000000000e+01
1.760621300706684672e+18 2.600000000000000000e+01
1.760621300773559552e+18 2.600000000000000000e+01
1.760621300840228864e+18 2.600000000000000000e+01
1.760621300906717696e+18 2.600000000000000000e+01
1.760621300973558784e+18 2.600000000000000000e+01
1.760621301040259584e+18 2.900000000000000000e+01
1.760621301106682880e+18 2.900000000000000000e+01
1.760621301173573632e+18 2.900000000000000000e+01
1.760621301240177664e+18 2.900000000000000000e+01
1.760621301306803712e+18 2.900000000000000000e+01
1.760621301373559808e+18 2.900000000000000000e+01
1.760621301440054528e+18 2.900000000000000000e+01
1.760621301506931712e+18 -2.900000000000000000e+01
1.760621301573544704e+18 1.600000000000000000e+01
1.760621301640053760e+18 1.600000000000000000e+01
1.760621301706930688e+18 1.600000000000000000e+01
1.760621301773563648e+18 1.600000000000000000e+01
1.760621301840037632e+18 1.600000000000000000e+01
1.760621301906945792e+18 1.600000000000000000e+01
1.760621302540315648e+18 2.000000000000000000e+01
1.760621302573439488e+18 2.000000000000000000e+01
1.760621302640320768e+18 2.000000000000000000e+01
1.760621302706949632e+18 2.000000000000000000e+01
1.760621302773437696e+18 2.000000000000000000e+01
1.760621302873396736e+18 2.000000000000000000e+01
1.760621302906947584e+18 2.000000000000000000e+01
1.760621302973421568e+18 2.000000000000000000e+01
1.760621303040334592e+18 2.000000000000000000e+01
1.760621303106946816e+18 2.900000000000000000e+01
1.760621303206902784e+18 -2.900000000000000000e+01
1.760621303240325632e+18 -2.900000000000000000e+01
1.760621303306939648e+18 2.900000000000000000e+01
1.760621303373561600e+18 2.900000000000000000e+01
1.760621303440313600e+18 -2.900000000000000000e+01
1.760621303540272640e+18 2.900000000000000000e+01
1.760621303573671680e+18 2.900000000000000000e+01
1.760621303640268544e+18 2.900000000000000000e+01
1.760621303706821632e+18 2.900000000000000000e+01
1.760621303773676544e+18 2.900000000000000000e+01
1.760621303873632768e+18 2.900000000000000000e+01
1.760621303906815744e+18 2.900000000000000000e+01
1.760621304006766848e+18 2.900000000000000000e+01
1.760621304073643776e+18 1.200000000000000000e+01
1.760621304140246528e+18 1.200000000000000000e+01
1.760621304206779648e+18 1.200000000000000000e+01
1.760621304406876672e+18 1.200000000000000000e+01
1.760621304473628672e+18 1.200000000000000000e+01
1.760621304540128768e+18 1.200000000000000000e+01
1.760621304606998784e+18 -1.100000000000000000e+01
1.760621304673618688e+18 1.100000000000000000e+01
1.760621304873616640e+18 1.100000000000000000e+01
1.760621304940107520e+18 -1.100000000000000000e+01
1.760621305006991616e+18 -1.100000000000000000e+01
1.760621305140113664e+18 1.300000000000000000e+01
1.760621305206987520e+18 1.300000000000000000e+01
1.760621305273613568e+18 1.300000000000000000e+01
1.760621305340144640e+18 1.300000000000000000e+01
1.760621305406988544e+18 1.300000000000000000e+01
1.760621305473484800e+18 1.300000000000000000e+01
1.760621305540350720e+18 1.300000000000000000e+01
1.760621305606976768e+18 2.600000000000000000e+01
1.760621305673483520e+18 2.600000000000000000e+01
1.760621305740487680e+18 2.600000000000000000e+01
1.760621305806977792e+18 2.600000000000000000e+01
1.760621305873502720e+18 2.600000000000000000e+01
1.760621305940393728e+18 2.600000000000000000e+01
1.760621306007056640e+18 2.600000000000000000e+01
1.760621306073471744e+18 2.600000000000000000e+01
1.760621306140360704e+18 3.200000000000000000e+01
1.760621306207015680e+18 3.200000000000000000e+01
1.760621306340353792e+18 3.200000000000000000e+01
1.760621306407028736e+18 3.200000000000000000e+01
1.760621306473595648e+18 3.200000000000000000e+01
1.760621306540350720e+18 3.200000000000000000e+01
1.760621306673724672e+18 2.900000000000000000e+01
1.760621306740374528e+18 2.900000000000000000e+01
1.760621306806837760e+18 2.900000000000000000e+01
1.760621306873764864e+18 2.900000000000000000e+01
1.760621307006842624e+18 2.900000000000000000e+01
1.760621307140354560e+18 3.200000000000000000e+01
1.760621307206877696e+18 3.200000000000000000e+01
1.760621307273712640e+18 3.200000000000000000e+01
1.760621307340335616e+18 3.200000000000000000e+01
1.760621307406862848e+18 3.200000000000000000e+01
1.760621307473708544e+18 3.200000000000000000e+01
1.760621307540240640e+18 3.200000000000000000e+01
1.760621307673725696e+18 3.900000000000000000e+01
1.760621307740219648e+18 3.900000000000000000e+01
1.760621307907098880e+18 3.900000000000000000e+01
1.760621307940222720e+18 3.900000000000000000e+01
1.760621308007102720e+18 3.900000000000000000e+01
1.760621308073722624e+18 3.900000000000000000e+01
1.760621308140231680e+18 4.900000000000000000e+01
1.760621308207123712e+18 4.900000000000000000e+01
1.760621308273700608e+18 4.900000000000000000e+01
1.760621308340241664e+18 4.900000000000000000e+01
1.760621308473707776e+18 4.900000000000000000e+01
1.760621308673610752e+18 -5.300000000000000000e+01
1.760621308740484608e+18 5.300000000000000000e+01
1.760621308807101696e+18 5.300000000000000000e+01
1.760621308907070720e+18 5.300000000000000000e+01
1.760621308940478464e+18 5.300000000000000000e+01
1.760621309007108608e+18 5.300000000000000000e+01
1.760621309073596672e+18 5.300000000000000000e+01
1.760621309140467712e+18 5.900000000000000000e+01
1.760621309240431872e+18 3.900000000000000000e+01
1.760621309307055616e+18 3.900000000000000000e+01
1.760621309340461824e+18 3.900000000000000000e+01
1.760621309507049728e+18 3.900000000000000000e+01
1.760621309573702656e+18 3.900000000000000000e+01
1.760621309640412672e+18 3.000000000000000000e+01
1.760621309706935552e+18 3.000000000000000000e+00
1.760621309840418560e+18 3.000000000000000000e+00
1.760621309973786624e+18 3.000000000000000000e+00
1.760621310106906624e+18 3.000000000000000000e+00
1.760621310173825792e+18 3.600000000000000000e+01
1.760621310240406784e+18 3.600000000000000000e+01
1.760621310306907648e+18 3.600000000000000000e+01
1.760621310373820672e+18 3.600000000000000000e+01
1.760621310440402688e+18 3.600000000000000000e+01
1.760621310506904576e+18 3.600000000000000000e+01
1.760621310573779456e+18 3.600000000000000000e+01
1.760621310640312576e+18 3.600000000000000000e+01
1.760621310707024640e+18 3.800000000000000000e+01
1.760621310773796864e+18 3.800000000000000000e+01
1.760621310840278528e+18 3.800000000000000000e+01
1.760621310907146752e+18 3.800000000000000000e+01
1.760621310973764608e+18 3.800000000000000000e+01
1.760621311107184640e+18 3.800000000000000000e+01
1.760621311307195648e+18 4.200000000000000000e+01
1.760621311373742592e+18 6.200000000000000000e+01
1.760621311573827840e+18 4.200000000000000000e+01
1.760621311640421632e+18 6.200000000000000000e+01
1.760621311707147520e+18 3.200000000000000000e+01
1.760621311773643776e+18 3.200000000000000000e+01
1.760621311840539648e+18 3.200000000000000000e+01
1.760621311907129856e+18 3.200000000000000000e+01
1.760621311973639680e+18 3.200000000000000000e+01
1.760621312040549632e+18 3.200000000000000000e+01
1.760621312107136768e+18 3.200000000000000000e+01
1.760621312173665792e+18 3.200000000000000000e+01
1.760621312240508672e+18 -2.100000000000000000e+01
1.760621312307125504e+18 -2.100000000000000000e+01
1.760621312373658624e+18 -2.100000000000000000e+01
1.760621312507145728e+18 -2.100000000000000000e+01
1.760621312573645568e+18 -2.100000000000000000e+01
1.760621312640499712e+18 -2.100000000000000000e+01
1.760621312706992640e+18 -2.300000000000000000e+01
1.760621312773744640e+18 2.300000000000000000e+01
1.760621312840555776e+18 2.300000000000000000e+01
1.760621312973901824e+18 2.300000000000000000e+01
1.760621313173898752e+18 -2.300000000000000000e+01
1.760621313273903616e+18 2.600000000000000000e+01
1.760621313307025664e+18 2.600000000000000000e+01
1.760621313373885696e+18 2.600000000000000000e+01
1.760621313507035648e+18 2.600000000000000000e+01
1.760621313607011840e+18 2.600000000000000000e+01
1.760621313640529664e+18 2.600000000000000000e+01
1.760621313707154688e+18 2.800000000000000000e+01
1.760621313773903616e+18 3.200000000000000000e+01
1.760621313840421632e+18 3.200000000000000000e+01
1.760621313940360704e+18 3.200000000000000000e+01
1.760621313973864704e+18 3.200000000000000000e+01
1.760621314107286784e+18 3.200000000000000000e+01
1.760621314173903616e+18 3.200000000000000000e+01
1.760621314273848832e+18 2.200000000000000000e+01
1.760621314307270656e+18 2.200000000000000000e+01
1.760621314440398592e+18 2.200000000000000000e+01
1.760621314507268608e+18 2.200000000000000000e+01
1.760621314607214592e+18 2.200000000000000000e+01
1.760621314673837568e+18 2.200000000000000000e+01
1.760621314707294720e+18 2.200000000000000000e+01
1.760621315273704704e+18 1.900000000000000000e+01
1.760621315340582656e+18 1.900000000000000000e+01
1.760621315407201792e+18 1.900000000000000000e+01
1.760621315473702656e+18 1.900000000000000000e+01
1.760621315540578560e+18 1.900000000000000000e+01
1.760621315607195648e+18 1.900000000000000000e+01
1.760621315673762816e+18 1.900000000000000000e+01
1.760621315807262720e+18 2.000000000000000000e+01
1.760621315873795840e+18 2.000000000000000000e+01
1.760621315940571904e+18 -2.000000000000000000e+01
1.760621316007094528e+18 2.000000000000000000e+01
1.760621316073948672e+18 2.000000000000000000e+01
1.760621316140608768e+18 2.000000000000000000e+01
1.760621316207071744e+18 2.000000000000000000e+01
1.760621316273934592e+18 2.800000000000000000e+01
1.760621316340603648e+18 2.800000000000000000e+01
1.760621316407063808e+18 2.800000000000000000e+01
1.760621316473986560e+18 2.800000000000000000e+01
1.760621316607080704e+18 2.800000000000000000e+01
1.760621316673963776e+18 2.800000000000000000e+01
1.760621316740561664e+18 2.800000000000000000e+01
1.760621316873938688e+18 2.200000000000000000e+01
1.760621316940439808e+18 2.200000000000000000e+01
1.760621317007325696e+18 2.200000000000000000e+01
1.760621317073930752e+18 2.200000000000000000e+01
1.760621317140437504e+18 2.200000000000000000e+01
1.760621317340446720e+18 1.900000000000000000e+01
1.760621317407340800e+18 1.900000000000000000e+01
1.760621317540420864e+18 1.900000000000000000e+01
1.760621317607306752e+18 1.900000000000000000e+01
1.760621317740422656e+18 1.900000000000000000e+01
1.760621317807318784e+18 3.200000000000000000e+01
1.760621317873947648e+18 3.200000000000000000e+01
1.760621317940556800e+18 3.200000000000000000e+01
1.760621318007316480e+18 3.200000000000000000e+01
1.760621318073812736e+18 3.200000000000000000e+01
1.760621318140696832e+18 3.200000000000000000e+01
1.760621318207303680e+18 3.200000000000000000e+01
1.760621318307318784e+18 6.000000000000000000e+01
1.760621318340686848e+18 6.000000000000000000e+01
1.760621318540685568e+18 6.000000000000000000e+01
1.760621319340684544e+18 3.300000000000000000e+01
1.760621319407182592e+18 3.300000000000000000e+01
1.760621319474052608e+18 3.300000000000000000e+01
1.760621319640672768e+18 3.300000000000000000e+01
1.760621319674089728e+18 3.300000000000000000e+01
1.760621319740683776e+18 3.300000000000000000e+01
1.760621319807162880e+18 3.300000000000000000e+01
1.760621319874052864e+18 2.000000000000000000e+01
1.760621319974020608e+18 2.000000000000000000e+01
1.760621320007267840e+18 2.000000000000000000e+01
1.760621320174007552e+18 2.000000000000000000e+01
1.760621320240511744e+18 2.000000000000000000e+01
1.760621320374009600e+18 2.400000000000000000e+01
1.760621320507376640e+18 2.000000000000000000e+00
1.760621320774002688e+18 2.400000000000000000e+01
1.760621320907375616e+18 3.000000000000000000e+00
1.760621320974001664e+18 3.400000000000000000e+01
1.760621321040616704e+18 3.000000000000000000e+00
1.760621321107361792e+18 3.400000000000000000e+01
1.760621321173916672e+18 3.000000000000000000e+00
1.760621321307368704e+18 3.400000000000000000e+01
1.760621321973900800e+18 3.100000000000000000e+01
1.760621322040787712e+18 3.100000000000000000e+01
1.760621322107266560e+18 3.100000000000000000e+01
1.760621322174152704e+18 3.100000000000000000e+01
1.760621322240770560e+18 3.100000000000000000e+01
1.760621322307284480e+18 3.100000000000000000e+01
1.760621322374123520e+18 1.800000000000000000e+01
1.760621322440725504e+18 1.800000000000000000e+01
1.760621322507243520e+18 1.800000000000000000e+01
1.760621322574143744e+18 1.800000000000000000e+01
1.760621322640728832e+18 1.800000000000000000e+01
1.760621322707236864e+18 1.800000000000000000e+01
1.760621322774104576e+18 1.800000000000000000e+01
1.760621322840703744e+18 1.800000000000000000e+01
1.760621322907227648e+18 1.900000000000000000e+01
1.760621323007261696e+18 1.900000000000000000e+01
1.760621323040728576e+18 1.900000000000000000e+01
1.760621323107340544e+18 1.900000000000000000e+01
1.760621323174106624e+18 1.900000000000000000e+01
1.760621323240599552e+18 1.900000000000000000e+01
1.760621323374082560e+18 1.900000000000000000e+01
1.760621323507472640e+18 1.900000000000000000e+01
1.760621323574096640e+18 1.900000000000000000e+01
1.760621323674079744e+18 1.900000000000000000e+01
1.760621323707492608e+18 1.900000000000000000e+01
1.760621323774086656e+18 1.900000000000000000e+01
1.760621323840625664e+18 1.900000000000000000e+01
1.760621324040595712e+18 2.400000000000000000e+01
1.760621324440815616e+18 2.200000000000000000e+01
1.760621324507484672e+18 2.200000000000000000e+01
1.760621324573980672e+18 2.200000000000000000e+01
1.760621324673962496e+18 2.200000000000000000e+01
1.760621324707503872e+18 2.200000000000000000e+01
1.760621324773963776e+18 2.200000000000000000e+01
1.760621324840855552e+18 2.200000000000000000e+01
1.760621324907520768e+18 1.800000000000000000e+01
1.760621325007442688e+18 1.800000000000000000e+01
1.760621325040842752e+18 1.800000000000000000e+01
1.760621325107483648e+18 1.800000000000000000e+01
1.760621325174083584e+18 1.800000000000000000e+01
1.760621325240835584e+18 1.800000000000000000e+01
1.760621325340801792e+18 1.800000000000000000e+01
1.760621325374223616e+18 1.800000000000000000e+01
1.760621325440841728e+18 2.500000000000000000e+01
1.760621325507339776e+18 2.500000000000000000e+01
1.760621325607247616e+18 2.500000000000000000e+01
1.760621325674169856e+18 2.500000000000000000e+01
1.760621325740790528e+18 2.500000000000000000e+01
1.760621325807280896e+18 2.500000000000000000e+01
1.760621325874180864e+18 2.500000000000000000e+01
1.760621325940782848e+18 2.600000000000000000e+01
1.760621326007297792e+18 2.600000000000000000e+01
1.760621326140791552e+18 2.600000000000000000e+01
1.760621326207417600e+18 2.600000000000000000e+01
1.760621326274150656e+18 2.600000000000000000e+01
1.760621326340697856e+18 2.600000000000000000e+01
1.760621326407533568e+18 2.600000000000000000e+01
1.760621326474206720e+18 3.200000000000000000e+01
1.760621326540663808e+18 3.200000000000000000e+01
1.760621326607505920e+18 3.200000000000000000e+01
1.760621326674153472e+18 3.200000000000000000e+01
1.760621326740667648e+18 3.200000000000000000e+01
1.760621326807528704e+18 3.200000000000000000e+01
1.760621326874161664e+18 3.200000000000000000e+01
1.760621326940656640e+18 3.200000000000000000e+01
1.760621328007579648e+18 9.000000000000000000e+00
1.760621328074051584e+18 9.000000000000000000e+00
1.760621328274151680e+18 9.000000000000000000e+00
1.760621328340927488e+18 9.000000000000000000e+00
1.760621328474269696e+18 1.000000000000000000e+01
1.760621328540883712e+18 1.000000000000000000e+01
1.760621328607375616e+18 1.000000000000000000e+01
1.760621328740849664e+18 1.000000000000000000e+01
1.760621328874273792e+18 1.000000000000000000e+01
1.760621329007403520e+18 1.900000000000000000e+01
1.760621329074322688e+18 1.900000000000000000e+01
1.760621329140901632e+18 1.900000000000000000e+01
1.760621329374263808e+18 1.900000000000000000e+01
1.760621329407655680e+18 1.900000000000000000e+01
1.760621329474252800e+18 1.000000000000000000e+01
1.760621329540770816e+18 1.600000000000000000e+01
1.760621329607629824e+18 1.600000000000000000e+01
1.760621329674282752e+18 1.600000000000000000e+01
1.760621329807648768e+18 1.600000000000000000e+01
1.760621329874264832e+18 1.600000000000000000e+01
1.760621329940757760e+18 1.600000000000000000e+01
1.760621330074332672e+18 1.300000000000000000e+01
1.760621330207670784e+18 1.300000000000000000e+01
1.760621330274218752e+18 1.300000000000000000e+01
1.760621330374111744e+18 1.300000000000000000e+01
1.760621330407762688e+18 1.300000000000000000e+01
1.760621330474122752e+18 1.300000000000000000e+01
1.760621331040978688e+18 2.000000000000000000e+01
1.760621331107616768e+18 2.000000000000000000e+01
1.760621331174083584e+18 2.000000000000000000e+01
1.760621331240973824e+18 2.000000000000000000e+01
1.760621331307593472e+18 2.000000000000000000e+01
1.760621331374174720e+18 2.000000000000000000e+01
1.760621331440955648e+18 2.000000000000000000e+01
1.760621332040963584e+18 3.100000000000000000e+01
1.760621332107468544e+18 3.100000000000000000e+01
1.760621332174332672e+18 3.100000000000000000e+01
1.760621332240937728e+18 3.100000000000000000e+01
1.760621332307442688e+18 3.100000000000000000e+01
1.760621332374278656e+18 3.100000000000000000e+01
1.760621332440819712e+18 3.100000000000000000e+01
1.760621332507687680e+18 3.100000000000000000e+01
1.760621333107724544e+18 1.100000000000000000e+01
1.760621334107666688e+18 2.500000000000000000e+01
1.760621334174172672e+18 2.500000000000000000e+01
1.760621334241069824e+18 2.500000000000000000e+01
1.760621334307684608e+18 2.500000000000000000e+01
1.760621334374178560e+18 2.500000000000000000e+01
1.760621334441055744e+18 2.500000000000000000e+01
1.760621334574428672e+18 2.800000000000000000e+01
1.760621334641070592e+18 2.800000000000000000e+01
1.760621334707575808e+18 2.800000000000000000e+01
1.760621334774424832e+18 2.800000000000000000e+01
1.760621334841055744e+18 2.800000000000000000e+01
1.760621334907563776e+18 2.800000000000000000e+01
1.760621334974452736e+18 2.800000000000000000e+01
1.760621335074435584e+18 1.800000000000000000e+01
1.760621335307549696e+18 1.800000000000000000e+01
1.760621335507671552e+18 1.800000000000000000e+01
1.760621335574427648e+18 1.800000000000000000e+01
1.760621335640916480e+18 1.300000000000000000e+01
1.760621335740945664e+18 1.300000000000000000e+01
1.760621335774359808e+18 1.300000000000000000e+01
1.760621335840918784e+18 1.300000000000000000e+01
1.760621335974450688e+18 1.300000000000000000e+01
1.760621336074409728e+18 1.300000000000000000e+01
1.760621336240933632e+18 1.500000000000000000e+01
1.760621336340895744e+18 1.500000000000000000e+01
1.760621336407731712e+18 1.500000000000000000e+01
1.760621336440920576e+18 1.500000000000000000e+01
1.760621336541000704e+18 1.500000000000000000e+01
1.760621336741134592e+18 2.700000000000000000e+01
1.760621336941127680e+18 2.700000000000000000e+01
1.760621337074241536e+18 -2.700000000000000000e+01
1.760621337141125632e+18 2.600000000000000000e+01
1.760621337207743744e+18 2.600000000000000000e+01
1.760621337274282752e+18 2.600000000000000000e+01
1.760621337341083648e+18 2.600000000000000000e+01
1.760621337407729664e+18 2.600000000000000000e+01
1.760621337474279680e+18 2.600000000000000000e+01
1.760621337607605760e+18 1.800000000000000000e+01
1.760621337674379520e+18 1.200000000000000000e+01
1.760621337741118720e+18 1.200000000000000000e+01
1.760621337807605760e+18 1.200000000000000000e+01
1.760621338007667712e+18 1.200000000000000000e+01
1.760621338074482688e+18 1.200000000000000000e+01
1.760621338141133824e+18 8.000000000000000000e+00
1.760621338274492672e+18 8.000000000000000000e+00
1.760621338341231616e+18 8.000000000000000000e+00
1.760621338474510592e+18 8.000000000000000000e+00
1.760621338607738624e+18 8.000000000000000000e+00
1.760621339274465536e+18 1.200000000000000000e+01
1.760621339541004544e+18 1.200000000000000000e+01
1.760621339607845888e+18 1.200000000000000000e+01
1.760621339674327552e+18 2.300000000000000000e+01
1.760621339741095680e+18 2.300000000000000000e+01
1.760621339807827712e+18 2.300000000000000000e+01
1.760621339941220864e+18 2.300000000000000000e+01
1.760621340007857664e+18 2.300000000000000000e+01
1.760621340107843584e+18 2.300000000000000000e+01
1.760621340141218560e+18 2.300000000000000000e+01
1.760621342574534656e+18 2.700000000000000000e+01
1.760621342641032704e+18 2.700000000000000000e+01
1.760621342707909632e+18 3.600000000000000000e+01
1.760621342774404864e+18 3.600000000000000000e+01
1.760621342841210624e+18 3.600000000000000000e+01
1.760621342907904512e+18 3.600000000000000000e+01
1.760621342974452736e+18 3.600000000000000000e+01
1.760621343107895552e+18 3.600000000000000000e+01
1.760621343174398720e+18 3.600000000000000000e+01
1.760621343241279488e+18 3.000000000000000000e+01
1.760621343307904768e+18 3.000000000000000000e+01
1.760621343374387712e+18 3.000000000000000000e+01
1.760621343441337600e+18 3.000000000000000000e+01
1.760621343507961856e+18 3.000000000000000000e+01
1.760621343574433536e+18 3.000000000000000000e+01
1.760621343641264640e+18 3.000000000000000000e+01
1.760621343774563840e+18 1.800000000000000000e+01
1.760621343841312768e+18 1.800000000000000000e+01
1.760621343907762688e+18 1.800000000000000000e+01
1.760621344041290752e+18 1.800000000000000000e+01
1.760621344107762688e+18 1.800000000000000000e+01
1.760621344174693632e+18 1.800000000000000000e+01
1.760621344441285632e+18 2.300000000000000000e+01
1.760621344574630656e+18 2.300000000000000000e+01
1.760621344707755520e+18 2.300000000000000000e+01
1.760621344774642688e+18 2.200000000000000000e+01
1.760621344841173760e+18 2.200000000000000000e+01
1.760621344907883520e+18 2.200000000000000000e+01
1.760621344974654720e+18 2.200000000000000000e+01
1.760621345041149696e+18 2.200000000000000000e+01
1.760621345108040448e+18 2.200000000000000000e+01
1.760621345174646528e+18 2.200000000000000000e+01
1.760621345241163776e+18 2.800000000000000000e+01
1.760621345308011776e+18 2.600000000000000000e+01
1.760621345374670848e+18 2.600000000000000000e+01
1.760621345474650624e+18 2.600000000000000000e+01
1.760621345508016640e+18 2.600000000000000000e+01
1.760621345574646784e+18 2.600000000000000000e+01
1.760621345641153536e+18 2.600000000000000000e+01
1.760621345708054784e+18 2.600000000000000000e+01
1.760621345774667776e+18 3.300000000000000000e+01
1.760621345841247744e+18 3.300000000000000000e+01
1.760621345907991552e+18 3.300000000000000000e+01
1.760621345974505728e+18 3.300000000000000000e+01
1.760621346041398784e+18 3.300000000000000000e+01
1.760621346141395456e+18 3.300000000000000000e+01
1.760621346174505728e+18 3.300000000000000000e+01
1.760621346241383680e+18 3.300000000000000000e+01
1.760621346308016896e+18 2.600000000000000000e+01
1.760621346374522624e+18 2.600000000000000000e+01
1.760621346474496512e+18 2.600000000000000000e+01
1.760621346508016640e+18 2.600000000000000000e+01
1.760621346574507776e+18 2.600000000000000000e+01
1.760621346641351680e+18 2.600000000000000000e+01
1.760621346708004608e+18 2.600000000000000000e+01
1.760621346808018688e+18 1.600000000000000000e+01
1.760621346841426688e+18 1.600000000000000000e+01
1.760621346907889664e+18 1.600000000000000000e+01
1.760621346974626816e+18 1.600000000000000000e+01
1.760621347141363712e+18 1.600000000000000000e+01
1.760621347174743552e+18 1.600000000000000000e+01
1.760621347241390592e+18 1.600000000000000000e+01
1.760621347341346816e+18 1.500000000000000000e+01
1.760621347407836672e+18 1.500000000000000000e+01
1.760621347474703872e+18 1.500000000000000000e+01
1.760621347541332736e+18 1.500000000000000000e+01
1.760621347607832576e+18 1.500000000000000000e+01
1.760621347941237760e+18 1.800000000000000000e+01
1.760621348007955712e+18 1.800000000000000000e+01
1.760621348074696704e+18 1.800000000000000000e+01
1.760621348208082688e+18 1.800000000000000000e+01
1.760621348274683648e+18 1.800000000000000000e+01
1.760621348341189632e+18 2.400000000000000000e+01
1.760621348408113664e+18 2.400000000000000000e+01
1.760621348474692608e+18 2.400000000000000000e+01
1.760621348541196544e+18 2.600000000000000000e+01
1.760621348741218560e+18 2.400000000000000000e+01
1.760621348808074752e+18 -2.100000000000000000e+01
1.760621348874668544e+18 -2.100000000000000000e+01
1.760621348941309696e+18 -2.000000000000000000e+00
1.760621349074623488e+18 -2.100000000000000000e+01
1.760621349141448704e+18 -2.100000000000000000e+01
1.760621349274593536e+18 -2.100000000000000000e+01
1.760621349808056576e+18 1.700000000000000000e+01
1.760621350874808832e+18 1.500000000000000000e+01
1.760621350941448704e+18 1.500000000000000000e+01
1.760621351008058880e+18 1.500000000000000000e+01
1.760621351074776576e+18 1.500000000000000000e+01
1.760621351208237568e+18 1.500000000000000000e+01
1.760621351274816768e+18 1.500000000000000000e+01
1.760621352008194560e+18 7.000000000000000000e+00
1.760621352408165632e+18 2.000000000000000000e+00
1.760621352508142592e+18 2.000000000000000000e+00
1.760621352541554688e+18 2.000000000000000000e+00
1.760621352608154880e+18 2.000000000000000000e+00
1.760621352674654720e+18 2.000000000000000000e+00
1.760621352741557504e+18 2.000000000000000000e+00
1.760621352841508608e+18 2.000000000000000000e+00
1.760621353374878720e+18 1.800000000000000000e+01
1.760621353441514752e+18 1.800000000000000000e+01
1.760621353507986688e+18 1.800000000000000000e+01
1.760621353574863616e+18 1.800000000000000000e+01
1.760621353641488896e+18 1.800000000000000000e+01
1.760621353774839552e+18 1.800000000000000000e+01
1.760621353841485824e+18 1.800000000000000000e+01
1.760621353908008448e+18 2.800000000000000000e+01
1.760621354041480704e+18 2.800000000000000000e+01
1.760621354108097792e+18 2.800000000000000000e+01
1.760621354174853632e+18 2.800000000000000000e+01
1.760621354241352704e+18 2.800000000000000000e+01
1.760621354308217856e+18 2.800000000000000000e+01
1.760621354374822656e+18 2.800000000000000000e+01
1.760621354441352704e+18 1.800000000000000000e+01
1.760621354508261632e+18 1.800000000000000000e+01
1.760621354574990848e+18 1.800000000000000000e+01
1.760621354641412608e+18 1.800000000000000000e+01
1.760621354708278784e+18 1.800000000000000000e+01
1.760621354774877696e+18 1.800000000000000000e+01
1.760621356074731520e+18 1.200000000000000000e+01
1.760621356108205824e+18 1.200000000000000000e+01
1.760621356174855680e+18 1.200000000000000000e+01
1.760621356274827776e+18 1.200000000000000000e+01
1.760621356308079616e+18 1.200000000000000000e+01
1.760621357541487616e+18 3.000000000000000000e+00
1.760621357641490688e+18 3.000000000000000000e+00
1.760621357708344576e+18 3.000000000000000000e+00
1.760621357774959616e+18 3.000000000000000000e+00
1.760621357908317440e+18 3.000000000000000000e+00
1.760621358341563648e+18 6.000000000000000000e+00
1.760621358474787840e+18 1.000000000000000000e+01
1.760621358541670656e+18 1.000000000000000000e+01
1.760621358608294656e+18 1.000000000000000000e+01
1.760621358674780672e+18 1.000000000000000000e+01
1.760621358741667840e+18 1.000000000000000000e+01
1.760621358808296704e+18 1.000000000000000000e+01
1.760621358874788864e+18 1.000000000000000000e+01
1.760621358941658624e+18 1.000000000000000000e+01
1.760621359008282624e+18 1.600000000000000000e+01
1.760621359074782720e+18 1.600000000000000000e+01
1.760621359141657600e+18 1.600000000000000000e+01
1.760621359208317696e+18 1.600000000000000000e+01
1.760621359274902528e+18 1.600000000000000000e+01
1.760621359341649664e+18 1.600000000000000000e+01
1.760621359408149760e+18 1.600000000000000000e+01
1.760621359541652736e+18 8.000000000000000000e+00
1.760621359608218624e+18 8.000000000000000000e+00
1.760621359741708800e+18 8.000000000000000000e+00
1.760621359941664768e+18 8.000000000000000000e+00
1.760621360008133632e+18 8.000000000000000000e+00
1.760621360075040512e+18 8.000000000000000000e+00
1.760621360141692672e+18 8.000000000000000000e+00
1.760621360275060736e+18 8.000000000000000000e+00
1.760621360341553664e+18 8.000000000000000000e+00
1.760621360408301568e+18 8.000000000000000000e+00
1.760621360475065600e+18 8.000000000000000000e+00
1.760621360541540608e+18 5.000000000000000000e+00
1.760621360608437760e+18 5.000000000000000000e+00
1.760621360675038464e+18 5.000000000000000000e+00
1.760621360741501696e+18 5.000000000000000000e+00
1.760621360808410624e+18 5.000000000000000000e+00
1.760621360875006720e+18 5.000000000000000000e+00
1.760621360941542656e+18 5.000000000000000000e+00
1.760621361275033600e+18 0.000000000000000000e+00
1.760621361541752576e+18 1.000000000000000000e+01
1.760621361608365824e+18 1.000000000000000000e+01
1.760621361674876672e+18 1.000000000000000000e+01
1.760621361741772544e+18 1.000000000000000000e+01
1.760621361808370688e+18 1.000000000000000000e+01
1.760621361908394496e+18 1.000000000000000000e+01
1.760621361941755648e+18 1.000000000000000000e+01
1.760621362074853632e+18 8.000000000000000000e+00
1.760621362141777664e+18 8.000000000000000000e+00
1.760621362374984704e+18 8.000000000000000000e+00
1.760621362575112704e+18 3.000000000000000000e+00
1.760621362641781504e+18 3.000000000000000000e+00
1.760621362775095808e+18 3.000000000000000000e+00
1.760621362841739776e+18 3.000000000000000000e+00
1.760621362908228608e+18 3.000000000000000000e+00
1.760621362975105792e+18 3.000000000000000000e+00
1.760621363575076608e+18 -5.000000000000000000e+00
1.760621363641607680e+18 -5.000000000000000000e+00
1.760621363708466688e+18 5.000000000000000000e+00
1.760621363775072512e+18 -5.000000000000000000e+00
1.760621363841583616e+18 -5.000000000000000000e+00
1.760621363908507648e+18 5.000000000000000000e+00
1.760621363975079680e+18 -5.000000000000000000e+00
1.760621364041609728e+18 5.500000000000000000e+01
1.760621364108460544e+18 1.500000000000000000e+01
1.760621364175082752e+18 1.500000000000000000e+01
1.760621364441688832e+18 1.500000000000000000e+01
1.760621364574915584e+18 1.800000000000000000e+01
1.760621364641890816e+18 1.800000000000000000e+01
1.760621364708438528e+18 1.800000000000000000e+01
1.760621364774940672e+18 1.800000000000000000e+01
1.760621364841820672e+18 1.800000000000000000e+01
1.760621364908439552e+18 1.800000000000000000e+01
1.760621365041858560e+18 1.800000000000000000e+01
1.760621365108430592e+18 -5.000000000000000000e+00
1.760621365175077632e+18 5.000000000000000000e+00
1.760621365241823744e+18 5.000000000000000000e+00
1.760621365441842688e+18 5.000000000000000000e+00
1.760621365575107584e+18 -5.000000000000000000e+00
1.760621365708383744e+18 5.000000000000000000e+00
1.760621365841854464e+18 5.000000000000000000e+00
1.760621366041804800e+18 5.000000000000000000e+00
1.760621366641667584e+18 1.600000000000000000e+01
1.760621366708551680e+18 1.600000000000000000e+01
1.760621366908536576e+18 1.600000000000000000e+01
1.760621366975185664e+18 1.600000000000000000e+01
1.760621367108534528e+18 1.600000000000000000e+01
1.760621367175184640e+18 1.600000000000000000e+01
1.760621367241651712e+18 1.600000000000000000e+01
1.760621367308549632e+18 1.600000000000000000e+01
1.760621367375170816e+18 1.600000000000000000e+01
1.760621367441665536e+18 1.600000000000000000e+01
1.760621367508533760e+18 1.600000000000000000e+01
1.760621367575091712e+18 1.600000000000000000e+01
1.760621367775018752e+18 7.000000000000000000e+00
1.760621368175041792e+18 9.000000000000000000e+00
1.760621368608416768e+18 9.200000000000000000e+01
1.760621368641906688e+18 1.200000000000000000e+01
1.760621368708424448e+18 1.200000000000000000e+01
1.760621368775287552e+18 1.200000000000000000e+01
1.760621368841909760e+18 1.200000000000000000e+01
1.760621368975281664e+18 1.200000000000000000e+01
1.760621369041909760e+18 1.200000000000000000e+01
1.760621369108429568e+18 1.200000000000000000e+01
1.760621369275255808e+18 1.600000000000000000e+01
1.760621369341860864e+18 1.600000000000000000e+01
1.760621369475244800e+18 1.600000000000000000e+01
1.760621369541869568e+18 1.600000000000000000e+01
1.760621369875241728e+18 1.500000000000000000e+01
1.760621369941748736e+18 1.500000000000000000e+01
1.760621370008619776e+18 1.500000000000000000e+01
1.760621370075240704e+18 1.500000000000000000e+01
1.760621370141736704e+18 1.150000000000000000e+02
1.760621371142013696e+18 6.000000000000000000e+00
1.760621371675266816e+18 3.000000000000000000e+00
1.760621371741965824e+18 3.000000000000000000e+00
1.760621371808476672e+18 3.000000000000000000e+00
1.760621371875329792e+18 3.000000000000000000e+00
1.760621371941984768e+18 3.000000000000000000e+00
1.760621372008488704e+18 3.000000000000000000e+00
1.760621372075343616e+18 3.000000000000000000e+00
1.760621372141964800e+18 3.000000000000000000e+00
1.760621372475347712e+18 2.000000000000000000e+00
1.760621372675365632e+18 2.000000000000000000e+00
1.760621374308689664e+18 9.000000000000000000e+00
1.760621374708657664e+18 9.000000000000000000e+00
1.760621376308760576e+18 3.000000000000000000e+00
1.760621376375385856e+18 3.000000000000000000e+00
1.760621376441888512e+18 3.000000000000000000e+00
1.760621376508831744e+18 3.000000000000000000e+00
1.760621376641886720e+18 3.000000000000000000e+00
1.760621376708760832e+18 3.000000000000000000e+00
1.760621377308750592e+18 8.000000000000000000e+00
1.760621377442137600e+18 8.000000000000000000e+00
1.760621377708806656e+18 8.000000000000000000e+00
1.760621378375445504e+18 8.000000000000000000e+00
1.760621378442153728e+18 8.000000000000000000e+00
1.760621378508643584e+18 8.000000000000000000e+00
1.760621378675499776e+18 8.000000000000000000e+00
1.760621378708636672e+18 8.000000000000000000e+00
1.760621378775506688e+18 8.000000000000000000e+00
1.760621378842137600e+18 6.000000000000000000e+00
1.760621378908753664e+18 6.000000000000000000e+00
1.760621379008744704e+18 6.000000000000000000e+00
1.760621379042015744e+18 6.000000000000000000e+00
1.760621379108865792e+18 6.000000000000000000e+00
1.760621379175477760e+18 6.000000000000000000e+00
1.760621379342003456e+18 3.000000000000000000e+00
1.760621379375503872e+18 3.000000000000000000e+00
1.760621379442051584e+18 3.000000000000000000e+00
1.760621379508890624e+18 3.000000000000000000e+00
1.760621379575487488e+18 3.000000000000000000e+00
1.760621379675483648e+18 3.000000000000000000e+00
1.760621379708865536e+18 3.000000000000000000e+00
1.760621379775485696e+18 3.000000000000000000e+00
1.760621379841996544e+18 9.000000000000000000e+00
1.760621380075337728e+18 9.000000000000000000e+00
1.760621380342239744e+18 1.200000000000000000e+01
1.760621380408861696e+18 1.200000000000000000e+01
1.760621380608826624e+18 1.200000000000000000e+01
1.760621380675323648e+18 1.200000000000000000e+01
1.760621380742215680e+18 1.200000000000000000e+01
1.760621380808821760e+18 1.200000000000000000e+01
1.760621380875323648e+18 1.800000000000000000e+01
1.760621380942188800e+18 1.800000000000000000e+01
1.760621381008692736e+18 1.800000000000000000e+01
1.760621381075442688e+18 1.800000000000000000e+01
1.760621381142225664e+18 1.800000000000000000e+01
1.760621381208688640e+18 1.800000000000000000e+01
1.760621381275571712e+18 1.800000000000000000e+01
1.760621381342231808e+18 2.600000000000000000e+01
1.760621381408691712e+18 2.600000000000000000e+01
1.760621381475561728e+18 2.600000000000000000e+01
1.760621381542183680e+18 2.600000000000000000e+01
1.760621381608697600e+18 2.600000000000000000e+01
1.760621381675589632e+18 2.600000000000000000e+01
1.760621381742217728e+18 2.600000000000000000e+01
1.760621381808677632e+18 2.600000000000000000e+01
1.760621381875564544e+18 3.700000000000000000e+01
1.760621381942223872e+18 3.700000000000000000e+01
1.760621382075595520e+18 3.700000000000000000e+01
1.760621382142106880e+18 3.700000000000000000e+01
1.760621382208994560e+18 3.700000000000000000e+01
1.760621382275539712e+18 3.700000000000000000e+01
1.760621382342066688e+18 -3.700000000000000000e+01
1.760621382608922624e+18 -6.100000000000000000e+01
1.760621382875573760e+18 8.100000000000000000e+01
1.760621382942079744e+18 8.100000000000000000e+01
1.760621383008924672e+18 8.100000000000000000e+01
1.760621383075435520e+18 8.100000000000000000e+01
1.760621383142217728e+18 8.100000000000000000e+01
1.760621383208925696e+18 -8.100000000000000000e+01
1.760621383275402752e+18 8.100000000000000000e+01
1.760621383342312448e+18 8.100000000000000000e+01
1.760621383475400704e+18 8.600000000000000000e+01
1.760621383608925696e+18 8.600000000000000000e+01
1.760621383708934656e+18 8.600000000000000000e+01
1.760621383742339584e+18 8.600000000000000000e+01
1.760621383808941568e+18 8.600000000000000000e+01
1.760621383875405824e+18 8.700000000000000000e+01
1.760621384042277632e+18 8.700000000000000000e+01
1.760621384075613696e+18 8.000000000000000000e+00
1.760621384208800768e+18 8.700000000000000000e+01
1.760621384408796672e+18 8.000000000000000000e+01
1.760621384475677696e+18 8.000000000000000000e+01
1.760621384542334720e+18 8.000000000000000000e+01
1.760621384608812544e+18 8.000000000000000000e+01
1.760621384708781824e+18 8.000000000000000000e+01
1.760621384742308608e+18 8.000000000000000000e+01
1.760621384808795648e+18 8.000000000000000000e+01
1.760621384875638784e+18 8.000000000000000000e+01
1.760621384942294528e+18 7.200000000000000000e+01
1.760621385042285568e+18 7.200000000000000000e+01
1.760621385075694592e+18 7.200000000000000000e+01
1.760621385142170624e+18 7.200000000000000000e+01
1.760621385208936704e+18 7.200000000000000000e+01
1.760621385275669504e+18 7.200000000000000000e+01
1.760621385375642880e+18 7.200000000000000000e+01
1.760621385442113536e+18 6.200000000000000000e+01
1.760621385575627520e+18 6.200000000000000000e+01
1.760621385642132736e+18 6.200000000000000000e+01
1.760621385708998656e+18 6.200000000000000000e+01
1.760621385775619840e+18 6.200000000000000000e+01
1.760621385842118656e+18 6.200000000000000000e+01
1.760621385909026560e+18 6.800000000000000000e+01
1.760621385975599872e+18 4.800000000000000000e+01
1.760621386042116608e+18 4.800000000000000000e+01
1.760621386175441664e+18 4.800000000000000000e+01
1.760621386375484672e+18 6.800000000000000000e+01
1.760621387042448640e+18 6.500000000000000000e+01
1.760621387109027584e+18 4.500000000000000000e+01
1.760621387175694592e+18 4.500000000000000000e+01
1.760621387508906496e+18 5.400000000000000000e+01
1.760621387775749632e+18 5.400000000000000000e+01
1.760621387908836608e+18 5.400000000000000000e+01
1.760621388742259712e+18 3.400000000000000000e+01
1.760621388975699712e+18 3.800000000000000000e+01
1.760621389075727616e+18 3.800000000000000000e+01
1.760621389109103616e+18 3.800000000000000000e+01
1.760621389175716608e+18 3.800000000000000000e+01
1.760621389242330880e+18 3.800000000000000000e+01
1.760621389309100544e+18 3.800000000000000000e+01
1.760621389409143808e+18 3.800000000000000000e+01
1.760621389442477824e+18 3.800000000000000000e+01
1.760621389509107712e+18 6.200000000000000000e+01
1.760621389575614720e+18 6.200000000000000000e+01
1.760621389642443776e+18 6.200000000000000000e+01
1.760621389742453504e+18 6.200000000000000000e+01
1.760621389775596544e+18 6.200000000000000000e+01
1.760621389909136896e+18 6.200000000000000000e+01
1.760621390075562752e+18 4.800000000000000000e+01
1.760621390109093632e+18 8.000000000000000000e+00
1.760621390175633664e+18 4.800000000000000000e+01
1.760621390408942592e+18 4.800000000000000000e+01
1.760621390575849728e+18 3.400000000000000000e+01
1.760621390942418688e+18 3.400000000000000000e+01
1.760621391008947712e+18 2.500000000000000000e+01
1.760621391075764736e+18 2.500000000000000000e+01
1.760621391142413568e+18 2.500000000000000000e+01
1.760621391208917504e+18 2.500000000000000000e+01
1.760621391275759616e+18 2.500000000000000000e+01
1.760621391609153792e+18 3.000000000000000000e+00
1.760621391675774464e+18 3.400000000000000000e+01
1.760621391742279680e+18 3.000000000000000000e+00
1.760621391809190656e+18 3.400000000000000000e+01
1.760621391875808768e+18 3.400000000000000000e+01
1.760621391942276608e+18 3.000000000000000000e+00
1.760621392542514688e+18 3.500000000000000000e+01
1.760621392675652864e+18 3.500000000000000000e+01
1.760621392742536704e+18 3.500000000000000000e+01
1.760621392809156608e+18 3.500000000000000000e+01
1.760621392875658752e+18 3.500000000000000000e+01
1.760621392942559744e+18 3.500000000000000000e+01
1.760621393009170688e+18 3.500000000000000000e+01
1.760621393075687680e+18 8.000000000000000000e+00
1.760621393142511616e+18 8.000000000000000000e+00
1.760621393209171712e+18 8.000000000000000000e+00
1.760621393275669504e+18 8.000000000000000000e+00
1.760621393342515712e+18 8.000000000000000000e+00
1.760621393742516736e+18 1.700000000000000000e+01
1.760621393809059584e+18 1.700000000000000000e+01
1.760621393875901696e+18 1.700000000000000000e+01
1.760621393942498560e+18 1.700000000000000000e+01
1.760621394009022720e+18 1.700000000000000000e+01
1.760621394075896832e+18 1.800000000000000000e+01
1.760621394142520576e+18 1.800000000000000000e+01
1.760621394209025536e+18 1.800000000000000000e+01
1.760621394342534656e+18 1.800000000000000000e+01
1.760621394442384640e+18 1.800000000000000000e+01
1.760621394475886592e+18 1.800000000000000000e+01
1.760621394609279744e+18 1.000000000000000000e+01
1.760621394675872512e+18 1.000000000000000000e+01
1.760621394742417664e+18 1.000000000000000000e+01
1.760621394809243648e+18 1.000000000000000000e+01
1.760621394875896576e+18 1.000000000000000000e+01
1.760621394942359808e+18 1.000000000000000000e+01
1.760621395009271552e+18 1.000000000000000000e+01
1.760621395109252608e+18 5.000000000000000000e+00
1.760621395142399744e+18 5.000000000000000000e+00
1.760621395342362624e+18 5.000000000000000000e+00
1.760621395475736576e+18 5.000000000000000000e+00
1.760621396775948800e+18 1.200000000000000000e+01
1.760621396842572800e+18 1.200000000000000000e+01
1.760621396909069824e+18 1.200000000000000000e+01
1.760621397042590720e+18 1.200000000000000000e+01
1.760621397109072640e+18 1.800000000000000000e+01
1.760621397175989504e+18 1.800000000000000000e+01
1.760621397242530560e+18 1.800000000000000000e+01
1.760621397309083648e+18 1.800000000000000000e+01
1.760621397375943680e+18 1.800000000000000000e+01
1.760621397442564608e+18 1.800000000000000000e+01
1.760621397509192704e+18 1.800000000000000000e+01
1.760621397575939584e+18 1.800000000000000000e+01
1.760621397642437632e+18 2.700000000000000000e+01
1.760621397775974656e+18 2.700000000000000000e+01
1.760621397842476544e+18 -2.700000000000000000e+01
1.760621397909308672e+18 -2.700000000000000000e+01
1.760621397975936768e+18 2.700000000000000000e+01
1.760621398042455552e+18 2.000000000000000000e+00
1.760621398109302784e+18 2.800000000000000000e+01
1.760621398175975680e+18 2.800000000000000000e+01
1.760621398242468608e+18 2.800000000000000000e+01
1.760621398309336576e+18 2.800000000000000000e+01
1.760621398376210688e+18 2.800000000000000000e+01
1.760621398442449664e+18 2.800000000000000000e+01
1.760621398509293824e+18 2.800000000000000000e+01
1.760621398575970560e+18 2.800000000000000000e+01
1.760621398642695680e+18 2.300000000000000000e+01
1.760621398709317632e+18 2.300000000000000000e+01
1.760621398775812608e+18 2.300000000000000000e+01
1.760621398842683904e+18 2.300000000000000000e+01
1.760621398909303552e+18 2.300000000000000000e+01
1.760621398975815680e+18 2.300000000000000000e+01
1.760621399042704640e+18 2.300000000000000000e+01
1.760621399109292800e+18 2.300000000000000000e+01
1.760621399175842816e+18 2.700000000000000000e+01
1.760621399242740736e+18 2.700000000000000000e+01
1.760621399309298688e+18 2.700000000000000000e+01
1.760621399375808768e+18 2.700000000000000000e+01
1.760621399509318656e+18 -2.700000000000000000e+01
1.760621399642681600e+18 2.900000000000000000e+01
1.760621399709169664e+18 2.900000000000000000e+01
1.760621399809211648e+18 2.900000000000000000e+01
1.760621399842676736e+18 2.900000000000000000e+01
1.760621399909267712e+18 2.900000000000000000e+01
1.760621399976035584e+18 2.900000000000000000e+01
1.760621400042711808e+18 2.900000000000000000e+01
1.760621400142684672e+18 3.000000000000000000e+01
1.760621400176033792e+18 3.600000000000000000e+01
1.760621400242718720e+18 3.600000000000000000e+01
1.760621400309150720e+18 3.600000000000000000e+01
1.760621400376058624e+18 3.600000000000000000e+01
1.760621400476069632e+18 3.600000000000000000e+01
1.760621400509188608e+18 3.600000000000000000e+01
1.760621400576078592e+18 3.600000000000000000e+01
1.760621400709527808e+18 3.400000000000000000e+01
1.760621400842572800e+18 3.000000000000000000e+00
1.760621400909448704e+18 3.400000000000000000e+01
1.760621400976049664e+18 3.000000000000000000e+00
1.760621401042562816e+18 3.000000000000000000e+00
1.760621401176067584e+18 1.600000000000000000e+01
1.760621401242555648e+18 1.600000000000000000e+01
1.760621401376037632e+18 1.600000000000000000e+01
1.760621401475985664e+18 1.600000000000000000e+01
1.760621401542503680e+18 1.600000000000000000e+01
1.760621401609374720e+18 1.600000000000000000e+01
1.760621401642677760e+18 1.600000000000000000e+01
1.760621401809322496e+18 1.200000000000000000e+01
1.760621401942737664e+18 1.200000000000000000e+01
1.760621402009386752e+18 1.200000000000000000e+01
1.760621402075869696e+18 1.200000000000000000e+01
1.760621402142742528e+18 1.200000000000000000e+01
1.760621402209364736e+18 1.600000000000000000e+01
1.760621402275864576e+18 1.600000000000000000e+01
1.760621402409364736e+18 1.600000000000000000e+01
1.760621402542819840e+18 1.600000000000000000e+01
1.760621402609358848e+18 1.600000000000000000e+01
1.760621402675981824e+18 1.000000000000000000e+01
1.760621402742733824e+18 2.900000000000000000e+01
1.760621402809229568e+18 2.900000000000000000e+01
1.760621402876182784e+18 2.900000000000000000e+01
1.760621402942740736e+18 2.900000000000000000e+01
1.760621403009265664e+18 2.900000000000000000e+01
1.760621403076105472e+18 2.900000000000000000e+01
1.760621403142733568e+18 2.900000000000000000e+01
1.760621403209232640e+18 3.200000000000000000e+01
1.760621403276160768e+18 3.200000000000000000e+01
1.760621403342745856e+18 3.200000000000000000e+01
1.760621403409218816e+18 3.200000000000000000e+01
1.760621403476131584e+18 3.200000000000000000e+01
1.760621403542718720e+18 3.200000000000000000e+01
1.760621403609259520e+18 3.200000000000000000e+01
1.760621403676131840e+18 3.200000000000000000e+01
1.760621403742633472e+18 -2.800000000000000000e+01
1.760621403809464576e+18 2.800000000000000000e+01
1.760621403876140544e+18 2.800000000000000000e+01
1.760621403942620672e+18 2.800000000000000000e+01
1.760621404009483520e+18 2.800000000000000000e+01
1.760621404076162560e+18 2.800000000000000000e+01
1.760621404142606848e+18 2.800000000000000000e+01
1.760621404209482752e+18 3.800000000000000000e+01
1.760621404276104704e+18 3.100000000000000000e+01
1.760621404342589696e+18 3.100000000000000000e+01
1.760621404409459712e+18 -3.100000000000000000e+01
1.760621404542608640e+18 -3.100000000000000000e+01
1.760621404609458688e+18 3.100000000000000000e+01
1.760621404676059648e+18 -3.100000000000000000e+01
1.760621404742766592e+18 3.400000000000000000e+01
1.760621404875985664e+18 3.000000000000000000e+00
1.760621404942833664e+18 3.400000000000000000e+01
1.760621405175976704e+18 3.000000000000000000e+00
1.760621405209473536e+18 3.400000000000000000e+01
1.760621406509280768e+18 2.400000000000000000e+01
1.760621406609336576e+18 2.400000000000000000e+01
1.760621406842725632e+18 2.600000000000000000e+01
1.760621406876220672e+18 2.600000000000000000e+01
1.760621406942716672e+18 2.600000000000000000e+01
1.760621407009579776e+18 2.600000000000000000e+01
1.760621407109555712e+18 2.600000000000000000e+01
1.760621407176174592e+18 2.600000000000000000e+01
1.760621407242672640e+18 2.600000000000000000e+01
1.760621407309543680e+18 2.900000000000000000e+01
1.760621407576160768e+18 2.900000000000000000e+01
1.760621407642669568e+18 2.900000000000000000e+01
1.760621407709535488e+18 2.900000000000000000e+01
1.760621407775996672e+18 3.400000000000000000e+01
1.760621407842800640e+18 3.400000000000000000e+01
1.760621407909526528e+18 3.000000000000000000e+00
1.760621407976037632e+18 3.000000000000000000e+00
1.760621408042940672e+18 3.400000000000000000e+01
1.760621408109527552e+18 3.000000000000000000e+00
1.760621408176023808e+18 3.400000000000000000e+01
1.760621408242904576e+18 3.000000000000000000e+00
1.760621408309524736e+18 3.300000000000000000e+01
1.760621408376025600e+18 3.300000000000000000e+01
1.760621408442893824e+18 3.300000000000000000e+01
1.760621408509524480e+18 3.300000000000000000e+01
1.760621408576047616e+18 3.300000000000000000e+01
1.760621408642890752e+18 3.300000000000000000e+01
1.760621408709525504e+18 3.300000000000000000e+01
1.760621408909389824e+18 2.600000000000000000e+01
1.760621409176273664e+18 2.400000000000000000e+01
1.760621409309409536e+18 1.900000000000000000e+01
1.760621409376302592e+18 1.900000000000000000e+01
1.760621409442913792e+18 1.900000000000000000e+01
1.760621409509376768e+18 1.900000000000000000e+01
1.760621409642925824e+18 1.900000000000000000e+01
1.760621409709399808e+18 1.900000000000000000e+01
1.760621409876266752e+18 2.500000000000000000e+01
1.760621409909514752e+18 2.500000000000000000e+01
1.760621409976265728e+18 2.500000000000000000e+01
1.760621410042765568e+18 2.500000000000000000e+01
1.760621410109640704e+18 2.500000000000000000e+01
1.760621410176203776e+18 2.500000000000000000e+01
1.760621410242791680e+18 2.500000000000000000e+01
1.760621410442762496e+18 3.400000000000000000e+01
1.760621410542773760e+18 3.400000000000000000e+01
1.760621410576247808e+18 3.400000000000000000e+01
1.760621410642740736e+18 3.400000000000000000e+01
1.760621410709649664e+18 3.400000000000000000e+01
1.760621410776262656e+18 3.400000000000000000e+01
1.760621410876144640e+18 3.800000000000000000e+01
1.760621410909644544e+18 3.800000000000000000e+01
1.760621410976133632e+18 3.800000000000000000e+01
1.760621411043046656e+18 3.800000000000000000e+01
1.760621411109640704e+18 3.800000000000000000e+01
1.760621411209661696e+18 3.800000000000000000e+01
1.760621411243032576e+18 3.800000000000000000e+01
1.760621411443021824e+18 2.300000000000000000e+01
1.760621411576148736e+18 2.300000000000000000e+01
1.760621411643013632e+18 2.300000000000000000e+01
1.760621411709637632e+18 -2.300000000000000000e+01
1.760621411776131584e+18 2.300000000000000000e+01
1.760621411876231680e+18 2.300000000000000000e+01
1.760621411909515520e+18 2.300000000000000000e+01
1.760621411976259584e+18 2.300000000000000000e+01
1.760621412109497856e+18 2.300000000000000000e+01
1.760621412209518592e+18 2.300000000000000000e+01
1.760621412242971648e+18 2.300000000000000000e+01
1.760621412309500672e+18 -2.300000000000000000e+01
1.760621412376372480e+18 2.500000000000000000e+01
1.760621412609454592e+18 2.500000000000000000e+01
1.760621413009568768e+18 2.700000000000000000e+01
1.760621413209699584e+18 2.700000000000000000e+01
1.760621413276297472e+18 2.700000000000000000e+01
1.760621413342860800e+18 2.700000000000000000e+01
1.760621414411229696e+18 2.000000000000000000e+00
1.760621414476258816e+18 2.000000000000000000e+00
1.760621414543098624e+18 2.000000000000000000e+00
1.760621414609677824e+18 2.000000000000000000e+00
1.760621414676181760e+18 2.000000000000000000e+00
1.760621414743076608e+18 2.000000000000000000e+00
1.760621414809698560e+18 2.000000000000000000e+00
1.760621414876182784e+18 2.000000000000000000e+00
1.760621414943046656e+18 2.000000000000000000e+00
1.760621415009553664e+18 2.000000000000000000e+00
1.760621415076451840e+18 2.000000000000000000e+00
1.760621415276441600e+18 2.000000000000000000e+00
1.760621415343051776e+18 2.000000000000000000e+00
1.760621416476428800e+18 1.300000000000000000e+01
1.760621416576419584e+18 1.300000000000000000e+01
1.760621416609804544e+18 1.300000000000000000e+01
1.760621416676438528e+18 1.300000000000000000e+01
1.760621416742920704e+18 1.300000000000000000e+01
1.760621416809812736e+18 1.300000000000000000e+01
1.760621416909758464e+18 1.300000000000000000e+01
1.760621417476298496e+18 8.000000000000000000e+00
1.760621417576270592e+18 8.000000000000000000e+00
1.760621417609805568e+18 8.000000000000000000e+00
1.760621417676263680e+18 8.000000000000000000e+00
1.760621417743208704e+18 8.000000000000000000e+00
1.760621417843124736e+18 8.000000000000000000e+00
1.760621417909759744e+18 8.000000000000000000e+00
1.760621417976241664e+18 -5.000000000000000000e+00
1.760621418176496640e+18 5.000000000000000000e+00
1.760621418243153664e+18 -5.000000000000000000e+00
1.760621418309627648e+18 5.000000000000000000e+00
1.760621418376485632e+18 5.000000000000000000e+00
1.760621418509614592e+18 1.300000000000000000e+01
1.760621418576506624e+18 1.300000000000000000e+01
1.760621418709614848e+18 1.300000000000000000e+01
1.760621418776463872e+18 1.300000000000000000e+01
1.760621418843130624e+18 1.300000000000000000e+01
1.760621418909599744e+18 1.300000000000000000e+01
1.760621418976491776e+18 1.000000000000000000e+01
1.760621419043105536e+18 1.000000000000000000e+01
1.760621419109737728e+18 1.000000000000000000e+01
1.760621419176507648e+18 1.000000000000000000e+01
1.760621419242984704e+18 1.000000000000000000e+01
1.760621419309857536e+18 1.000000000000000000e+01
1.760621419376513792e+18 1.000000000000000000e+01
1.760621419976471552e+18 5.000000000000000000e+00
1.760621420043002624e+18 5.000000000000000000e+00
1.760621420109897728e+18 5.000000000000000000e+00
1.760621420176348672e+18 5.000000000000000000e+00
1.760621420243218688e+18 5.000000000000000000e+00
1.760621420309864704e+18 5.000000000000000000e+00
1.760621420376365568e+18 5.000000000000000000e+00
1.760621420443213824e+18 5.000000000000000000e+00
1.760621421043252736e+18 2.000000000000000000e+00
1.760621421109828608e+18 2.000000000000000000e+00
1.760621421176468736e+18 2.000000000000000000e+00
1.760621421243224576e+18 2.000000000000000000e+00
1.760621421309698560e+18 2.000000000000000000e+00
1.760621421376596736e+18 2.000000000000000000e+00
1.760621421443214592e+18 2.000000000000000000e+00
1.760621421509697792e+18 3.000000000000000000e+00
1.760621421576632832e+18 3.000000000000000000e+00
1.760621421643217664e+18 3.000000000000000000e+00
1.760621421709732864e+18 3.000000000000000000e+00
1.760621421776587776e+18 3.000000000000000000e+00
1.760621421843216640e+18 3.000000000000000000e+00
1.760621421943204608e+18 3.000000000000000000e+00
1.760621421976585728e+18 3.000000000000000000e+00
1.760621424076423680e+18 2.000000000000000000e+00
1.760621424143282688e+18 2.000000000000000000e+00
1.760621424209902848e+18 2.000000000000000000e+00
1.760621424276529664e+18 2.000000000000000000e+00
1.760621424409774848e+18 2.000000000000000000e+00
1.760621424476654848e+18 2.000000000000000000e+00
1.760621425076696576e+18 2.000000000000000000e+00
1.760621425143316736e+18 2.000000000000000000e+00
1.760621425209765632e+18 2.000000000000000000e+00
1.760621425276637696e+18 2.000000000000000000e+00
1.760621425343134720e+18 2.000000000000000000e+00
1.760621425410210560e+18 2.000000000000000000e+00
1.760621425610009600e+18 3.000000000000000000e+00
1.760621425676641792e+18 5.000000000000000000e+00
1.760621425743128832e+18 3.000000000000000000e+00
1.760621425810010624e+18 3.000000000000000000e+00
1.760621425876680704e+18 3.000000000000000000e+00
1.760621425943140864e+18 3.000000000000000000e+00
1.760621426010006784e+18 3.000000000000000000e+00
1.760621426076696576e+18 3.000000000000000000e+00
1.760621426143142656e+18 3.000000000000000000e+00
1.760621426276635648e+18 3.000000000000000000e+00
1.760621426343317760e+18 3.000000000000000000e+00
1.760621426410008576e+18 3.000000000000000000e+00
1.760621426476531712e+18 3.000000000000000000e+00
1.760621426543381760e+18 3.000000000000000000e+00
1.760621426610015744e+18 5.000000000000000000e+00
1.760621426676464896e+18 3.000000000000000000e+00
1.760621426743394560e+18 3.000000000000000000e+00
1.760621426809986560e+18 3.000000000000000000e+00
1.760621426876501760e+18 3.000000000000000000e+00
1.760621426943391488e+18 3.000000000000000000e+00
1.760621427143385600e+18 2.000000000000000000e+00
1.760621427210027776e+18 2.000000000000000000e+00
1.760621427310008832e+18 2.000000000000000000e+00
1.760621427343391744e+18 2.000000000000000000e+00
1.760621427409900544e+18 2.000000000000000000e+00
1.760621427476771584e+18 2.000000000000000000e+00
1.760621427543403520e+18 2.000000000000000000e+00
1.760621427643386624e+18 3.000000000000000000e+00
1.760621427676769792e+18 3.000000000000000000e+00
1.760621427743416832e+18 3.000000000000000000e+00
1.760621427809890816e+18 3.000000000000000000e+00
1.760621427876781824e+18 3.000000000000000000e+00
1.760621427976747776e+18 3.000000000000000000e+00
1.760621428009882624e+18 3.000000000000000000e+00
1.760621428076773632e+18 3.000000000000000000e+00
1.760621428143383808e+18 3.000000000000000000e+00
1.760621428209884672e+18 3.000000000000000000e+00
1.760621428309848832e+18 3.000000000000000000e+00
1.760621428343384832e+18 3.000000000000000000e+00
1.760621428409999616e+18 3.000000000000000000e+00
1.760621428476750592e+18 3.000000000000000000e+00
1.760621428543232768e+18 3.000000000000000000e+00
1.760621429176720640e+18 3.000000000000000000e+00
1.760621429243210752e+18 3.000000000000000000e+00
1.760621429310070784e+18 3.000000000000000000e+00
1.760621429376702720e+18 3.000000000000000000e+00
1.760621429443330816e+18 3.000000000000000000e+00
1.760621429510061824e+18 3.000000000000000000e+00
1.760621429576577536e+18 3.000000000000000000e+00
1.760621429643451648e+18 5.000000000000000000e+00
1.760621429776571648e+18 3.000000000000000000e+00
1.760621429843444480e+18 3.000000000000000000e+00
1.760621429910071552e+18 3.000000000000000000e+00
1.760621429976569600e+18 3.000000000000000000e+00
1.760621430110063872e+18 3.000000000000000000e+00
1.760621431176802560e+18 3.000000000000000000e+00
1.760621431243439616e+18 3.000000000000000000e+00
1.760621431309920768e+18 3.000000000000000000e+00
1.760621431376853760e+18 3.000000000000000000e+00
1.760621431443435776e+18 3.000000000000000000e+00
1.760621431510042624e+18 3.000000000000000000e+00
1.760621431576791808e+18 3.000000000000000000e+00
1.760621431643283712e+18 3.000000000000000000e+00
1.760621431710164736e+18 2.000000000000000000e+00
1.760621431776818688e+18 2.000000000000000000e+00
1.760621431910162688e+18 2.000000000000000000e+00
1.760621432010198528e+18 2.000000000000000000e+00
1.760621432043325696e+18 2.000000000000000000e+00
1.760621432110183680e+18 2.000000000000000000e+00
1.760621432176809728e+18 2.000000000000000000e+00
1.760621432243300608e+18 2.000000000000000000e+00
1.760621432343302656e+18 2.000000000000000000e+00
1.760621432376814592e+18 2.000000000000000000e+00
1.760621432443418624e+18 2.000000000000000000e+00
1.760621432510144768e+18 2.000000000000000000e+00
1.760621432576675584e+18 2.000000000000000000e+00
1.760621432676676864e+18 2.000000000000000000e+00
1.760621432710204672e+18 2.000000000000000000e+00
1.760621432776690688e+18 2.000000000000000000e+00
1.760621432843558912e+18 2.000000000000000000e+00
1.760621432910184704e+18 2.000000000000000000e+00
1.760621433010166528e+18 2.000000000000000000e+00
1.760621433043566592e+18 2.000000000000000000e+00
1.760621433110181632e+18 2.000000000000000000e+00
1.760621433243561728e+18 3.000000000000000000e+00
1.760621433343548672e+18 3.000000000000000000e+00
1.760621433376676864e+18 3.000000000000000000e+00
1.760621433443562752e+18 3.000000000000000000e+00
1.760621433510070528e+18 3.000000000000000000e+00
1.760621433576836608e+18 3.000000000000000000e+00
1.760621433676900608e+18 3.000000000000000000e+00
1.760621433710059520e+18 5.000000000000000000e+00
1.760621433776925440e+18 5.000000000000000000e+00
1.760621433843526656e+18 5.000000000000000000e+00
1.760621433910028800e+18 5.000000000000000000e+00
1.760621434010014720e+18 5.000000000000000000e+00
1.760621434043565824e+18 5.000000000000000000e+00
1.760621434143581696e+18 5.000000000000000000e+00
1.760621434210037760e+18 5.000000000000000000e+00
1.760621434276934656e+18 5.000000000000000000e+00
1.760621434343550720e+18 5.000000000000000000e+00
1.760621434410000640e+18 5.000000000000000000e+00
1.760621434476869632e+18 5.000000000000000000e+00
1.760621434543372544e+18 5.000000000000000000e+00
1.760621434610131712e+18 5.000000000000000000e+00
1.760621434676913664e+18 5.000000000000000000e+00
1.760621434743399680e+18 6.000000000000000000e+00
1.760621435143388672e+18 6.000000000000000000e+00
1.760621435743617792e+18 5.000000000000000000e+00
1.760621435810227712e+18 5.000000000000000000e+00
1.760621435876760832e+18 5.000000000000000000e+00
1.760621435943613696e+18 5.000000000000000000e+00
1.760621436010270720e+18 5.000000000000000000e+00
1.760621436076832768e+18 5.000000000000000000e+00
1.760621436143613696e+18 5.000000000000000000e+00
1.760621436210297600e+18 5.000000000000000000e+00
1.760621436276783616e+18 3.000000000000000000e+00
1.760621436343652608e+18 3.000000000000000000e+00
1.760621436410225664e+18 3.000000000000000000e+00
1.760621436476724736e+18 3.000000000000000000e+00
1.760621436543607808e+18 3.000000000000000000e+00
1.760621436610117632e+18 3.000000000000000000e+00
1.760621436676846848e+18 3.000000000000000000e+00
1.760621436743609600e+18 0.000000000000000000e+00
1.760621437276970752e+18 6.000000000000000000e+00
1.760621437543606784e+18 6.000000000000000000e+00
1.760621437610199808e+18 6.000000000000000000e+00
1.760621437710240512e+18 6.000000000000000000e+00
1.760621437743484672e+18 6.000000000000000000e+00
1.760621437810348800e+18 2.800000000000000000e+01
1.760621437876979712e+18 2.800000000000000000e+01
1.760621437943474688e+18 2.800000000000000000e+01
1.760621438043476480e+18 2.800000000000000000e+01
1.760621438076967680e+18 2.800000000000000000e+01
1.760621438210341632e+18 2.800000000000000000e+01
1.760621438376943616e+18 4.600000000000000000e+01
1.760621438410361856e+18 4.600000000000000000e+01
1.760621438476966656e+18 4.600000000000000000e+01
1.760621438543488768e+18 4.600000000000000000e+01
1.760621438610350592e+18 4.600000000000000000e+01
1.760621438710316544e+18 4.600000000000000000e+01
1.760621438743612672e+18 4.600000000000000000e+01
1.760621438810326528e+18 5.000000000000000000e+01
1.760621438876850688e+18 5.000000000000000000e+01
1.760621438943722752e+18 5.000000000000000000e+01
1.760621439043693824e+18 5.000000000000000000e+01
1.760621439076842752e+18 5.000000000000000000e+01
1.760621439143765760e+18 5.000000000000000000e+01
1.760621439210377728e+18 5.000000000000000000e+01
1.760621439276842496e+18 5.000000000000000000e+01
1.760621439376813568e+18 4.600000000000000000e+01
1.760621439410345728e+18 4.600000000000000000e+01
1.760621439543723520e+18 6.600000000000000000e+01
1.760621439643688704e+18 4.600000000000000000e+01
1.760621439710171648e+18 4.600000000000000000e+01
1.760621439776924672e+18 6.600000000000000000e+01
1.760621439843674624e+18 3.500000000000000000e+01
1.760621439910176768e+18 3.500000000000000000e+01
1.760621439977041664e+18 3.500000000000000000e+01
1.760621440043654656e+18 3.500000000000000000e+01
1.760621440110167808e+18 3.500000000000000000e+01
1.760621440177036800e+18 3.500000000000000000e+01
1.760621440243658752e+18 3.500000000000000000e+01
1.760621440310136832e+18 1.300000000000000000e+01
1.760621440443658496e+18 1.300000000000000000e+01
1.760621440510142464e+18 1.300000000000000000e+01
1.760621440577030656e+18 1.300000000000000000e+01
1.760621440643646720e+18 1.300000000000000000e+01
1.760621440710284800e+18 1.300000000000000000e+01
1.760621442043803648e+18 1.600000000000000000e+01
1.760621442110399744e+18 1.600000000000000000e+01
1.760621442176884736e+18 1.600000000000000000e+01
1.760621442310384640e+18 1.600000000000000000e+01
1.760621442376890624e+18 3.600000000000000000e+01
1.760621442443754752e+18 3.600000000000000000e+01
1.760621442510380800e+18 3.600000000000000000e+01
1.760621442576921600e+18 3.600000000000000000e+01
1.760621442710395648e+18 3.600000000000000000e+01
1.760621442777040640e+18 3.600000000000000000e+01
1.760621442910271744e+18 5.400000000000000000e+01
1.760621443110250752e+18 5.400000000000000000e+01
1.760621443177135616e+18 5.400000000000000000e+01
1.760621443243783680e+18 5.400000000000000000e+01
1.760621443410268672e+18 6.500000000000000000e+01
1.760621443443768832e+18 5.500000000000000000e+01
1.760621443910525696e+18 5.900000000000000000e+01
1.760621443977104640e+18 5.900000000000000000e+01
1.760621444077100800e+18 5.900000000000000000e+01
1.760621444110512640e+18 5.900000000000000000e+01
1.760621444177125632e+18 5.900000000000000000e+01
1.760621444243666688e+18 5.900000000000000000e+01
1.760621444310531584e+18 5.900000000000000000e+01
1.760621444410484736e+18 5.600000000000000000e+01
1.760621444443646720e+18 5.600000000000000000e+01
1.760621444510513664e+18 5.600000000000000000e+01
1.760621444577132800e+18 5.600000000000000000e+01
1.760621444643634688e+18 5.600000000000000000e+01
1.760621444743613696e+18 5.600000000000000000e+01
1.760621444810481664e+18 5.600000000000000000e+01
1.760621444876970752e+18 5.600000000000000000e+01
1.760621445410457600e+18 7.100000000000000000e+01
1.760621445543829760e+18 7.100000000000000000e+01
1.760621445943837696e+18 7.900000000000000000e+01
1.760621446010332672e+18 7.900000000000000000e+01
1.760621446077179648e+18 7.900000000000000000e+01
1.760621446143817728e+18 7.900000000000000000e+01
1.760621446277181696e+18 7.900000000000000000e+01
1.760621446343819520e+18 7.900000000000000000e+01
1.760621446410322688e+18 7.500000000000000000e+01
1.760621446477304576e+18 7.500000000000000000e+01
1.760621446543862528e+18 7.500000000000000000e+01
1.760621446610316800e+18 7.500000000000000000e+01
1.760621446677189632e+18 7.500000000000000000e+01
1.760621446743816704e+18 7.500000000000000000e+01
1.760621447143754752e+18 7.300000000000000000e+01
1.760621447477235712e+18 8.000000000000000000e+00
1.760621447610610688e+18 8.100000000000000000e+01
1.760621447677220608e+18 8.100000000000000000e+01
1.760621447877225728e+18 8.100000000000000000e+01
1.760621448010549760e+18 8.500000000000000000e+01
1.760621448077073664e+18 8.500000000000000000e+01
1.760621448143926528e+18 8.500000000000000000e+01
1.760621448210580480e+18 8.500000000000000000e+01
1.760621449010458624e+18 7.200000000000000000e+01
1.760621449143914752e+18 7.200000000000000000e+01
1.760621449210433792e+18 7.200000000000000000e+01
1.760621449277310720e+18 7.200000000000000000e+01
1.760621449343979520e+18 7.200000000000000000e+01
1.760621449477310720e+18 6.800000000000000000e+01
1.760621449543980544e+18 6.800000000000000000e+01
1.760621449610460672e+18 6.800000000000000000e+01
1.760621449677298688e+18 6.800000000000000000e+01
1.760621449777268736e+18 6.800000000000000000e+01
1.760621449810447616e+18 6.800000000000000000e+01
1.760621449877302528e+18 6.800000000000000000e+01
1.760621449943948800e+18 6.800000000000000000e+01
1.760621450010551808e+18 8.900000000000000000e+01
1.760621450143794688e+18 8.900000000000000000e+01
1.760621450210645760e+18 8.900000000000000000e+01
1.760621450277304576e+18 8.900000000000000000e+01
1.760621450377252608e+18 8.900000000000000000e+01
1.760621450443753728e+18 8.900000000000000000e+01
1.760621450543819776e+18 1.600000000000000000e+01
1.760621450643746560e+18 1.600000000000000000e+01
1.760621450710639616e+18 1.600000000000000000e+01
1.760621450843726592e+18 1.600000000000000000e+01
1.760621450910638592e+18 1.600000000000000000e+01
1.760621450977257728e+18 1.600000000000000000e+01
1.760621451577077504e+18 2.200000000000000000e+01
1.760621451643990784e+18 2.200000000000000000e+01
1.760621451710619648e+18 2.200000000000000000e+01
1.760621451777109504e+18 2.200000000000000000e+01
1.760621451843984640e+18 2.200000000000000000e+01
1.760621451910639872e+18 2.200000000000000000e+01
1.760621451977103616e+18 2.200000000000000000e+01
1.760621452044016640e+18 1.000000000000000000e+01
1.760621452110479616e+18 1.000000000000000000e+01
1.760621452177386752e+18 1.000000000000000000e+01
1.760621452244005632e+18 1.000000000000000000e+01
1.760621452444018688e+18 1.000000000000000000e+01
1.760621452577345536e+18 1.900000000000000000e+01
1.760621452644025600e+18 1.900000000000000000e+01
1.760621452710530816e+18 1.900000000000000000e+01
1.760621452777405696e+18 1.900000000000000000e+01
1.760621452844008704e+18 1.900000000000000000e+01
1.760621452910490624e+18 1.900000000000000000e+01
1.760621452977334784e+18 1.900000000000000000e+01
1.760621453043982848e+18 1.900000000000000000e+01
1.760621453110610688e+18 2.000000000000000000e+01
1.760621453177379584e+18 2.000000000000000000e+01
1.760621453310715648e+18 2.000000000000000000e+01
1.760621453377352704e+18 2.000000000000000000e+01
1.760621453443852544e+18 2.000000000000000000e+01
1.760621453510721792e+18 2.000000000000000000e+01
1.760621453577360640e+18 2.000000000000000000e+01
1.760621454110732800e+18 1.400000000000000000e+01
1.760621454644097536e+18 2.200000000000000000e+01
1.760621454710722560e+18 2.200000000000000000e+01
1.760621454810713856e+18 2.200000000000000000e+01
1.760621454844147712e+18 2.200000000000000000e+01
1.760621454910703616e+18 2.200000000000000000e+01
1.760621454977199872e+18 2.200000000000000000e+01
1.760621455044095744e+18 2.200000000000000000e+01
1.760621455144083712e+18 2.200000000000000000e+01
1.760621455710588672e+18 3.300000000000000000e+01
1.760621455810554624e+18 3.300000000000000000e+01
1.760621455877392896e+18 3.300000000000000000e+01
1.760621455944052736e+18 3.300000000000000000e+01
1.760621456010550784e+18 3.300000000000000000e+01
1.760621456077404672e+18 3.300000000000000000e+01
1.760621456144025600e+18 3.300000000000000000e+01
1.760621456210670592e+18 2.800000000000000000e+01
1.760621456277414912e+18 2.800000000000000000e+01
1.760621456343916544e+18 2.800000000000000000e+01
1.760621456410781696e+18 2.800000000000000000e+01
1.760621456477403648e+18 2.800000000000000000e+01
1.760621456543907584e+18 2.800000000000000000e+01
1.760621456610756608e+18 2.800000000000000000e+01
1.760621456677409536e+18 2.800000000000000000e+01
1.760621456743906816e+18 2.700000000000000000e+01
1.760621457410799616e+18 2.400000000000000000e+01
1.760621457477270528e+18 2.400000000000000000e+01
1.760621457677355776e+18 2.400000000000000000e+01
1.760621457744201728e+18 8.300000000000000000e+01
1.760621457810803712e+18 8.300000000000000000e+01
1.760621457877295616e+18 8.300000000000000000e+01
1.760621457944229632e+18 8.300000000000000000e+01
1.760621458010745856e+18 8.300000000000000000e+01
1.760621458077290752e+18 8.300000000000000000e+01
1.760621458144180736e+18 8.300000000000000000e+01
1.760621458210771712e+18 8.300000000000000000e+01
1.760621458744146688e+18 5.200000000000000000e+01
1.760621458844154624e+18 5.200000000000000000e+01
1.760621458877537792e+18 5.200000000000000000e+01
1.760621458944178688e+18 5.200000000000000000e+01
1.760621459010626816e+18 5.200000000000000000e+01
1.760621459077552896e+18 5.200000000000000000e+01
1.760621459177488640e+18 5.200000000000000000e+01
1.760621459210699776e+18 5.200000000000000000e+01
1.760621459844022784e+18 3.300000000000000000e+01
1.760621459877545472e+18 3.300000000000000000e+01
1.760621459944020736e+18 3.300000000000000000e+01
1.760621460010862592e+18 3.300000000000000000e+01
1.760621460077528832e+18 3.300000000000000000e+01
1.760621460177496576e+18 3.300000000000000000e+01
1.760621460210884608e+18 3.300000000000000000e+01
1.760621460844234752e+18 6.300000000000000000e+01
1.760621460877401600e+18 6.300000000000000000e+01
1.760621461010851584e+18 6.300000000000000000e+01
1.760621461177348608e+18 6.300000000000000000e+01
1.760621461210892800e+18 6.300000000000000000e+01
1.760621462910937856e+18 7.900000000000000000e+01
1.760621462977607680e+18 7.900000000000000000e+01
1.760621463177592832e+18 7.900000000000000000e+01
1.760621463310926592e+18 2.900000000000000000e+01
1.760621463377599744e+18 8.000000000000000000e+00
1.760621463510940672e+18 8.100000000000000000e+01
1.760621463644311552e+18 8.100000000000000000e+01
1.760621463710963712e+18 8.000000000000000000e+00
1.760621463844298496e+18 8.500000000000000000e+01
1.760621463977439744e+18 8.500000000000000000e+01
1.760621464044327680e+18 8.500000000000000000e+01
1.760621464244327680e+18 8.500000000000000000e+01
1.760621464377427456e+18 8.800000000000000000e+01
1.760621464444303872e+18 8.800000000000000000e+01
1.760621464510798592e+18 8.800000000000000000e+01
1.760621464577661696e+18 8.800000000000000000e+01
1.760621464644285696e+18 8.800000000000000000e+01
1.760621464710787840e+18 8.800000000000000000e+01
1.760621464777673728e+18 8.800000000000000000e+01
1.760621464844314624e+18 8.900000000000000000e+01
1.760621464910810624e+18 8.900000000000000000e+01
1.760621464977685760e+18 8.900000000000000000e+01
1.760621465044317696e+18 8.900000000000000000e+01
1.760621465110816768e+18 8.900000000000000000e+01
1.760621465210827520e+18 8.900000000000000000e+01
1.760621465244315648e+18 8.900000000000000000e+01
1.760621465310811648e+18 8.900000000000000000e+01
1.760621465377675776e+18 9.000000000000000000e+01
1.760621465444308736e+18 9.000000000000000000e+01
1.760621465544171520e+18 9.000000000000000000e+01
1.760621465577705728e+18 9.000000000000000000e+01
1.760621465711055872e+18 9.000000000000000000e+01
1.760621465777685760e+18 9.000000000000000000e+01
1.760621465911086848e+18 9.300000000000000000e+01
1.760621466044173824e+18 9.300000000000000000e+01
1.760621466111063808e+18 9.300000000000000000e+01
1.760621466244186624e+18 9.300000000000000000e+01
1.760621466311048704e+18 9.300000000000000000e+01
1.760621467477489664e+18 2.000000000000000000e+00
1.760621467610868736e+18 2.000000000000000000e+00
1.760621467677744640e+18 2.000000000000000000e+00
1.760621467744367616e+18 2.000000000000000000e+00
1.760621467810806784e+18 2.000000000000000000e+00
1.760621467877798912e+18 2.000000000000000000e+00
1.760621467944381696e+18 3.000000000000000000e+00
1.760621468010865664e+18 3.000000000000000000e+00
1.760621468077739776e+18 3.000000000000000000e+00
1.760621468144511744e+18 3.000000000000000000e+00
1.760621468210857728e+18 3.000000000000000000e+00
1.760621468277732608e+18 3.000000000000000000e+00
1.760621468344389632e+18 3.000000000000000000e+00
1.760621468410858752e+18 3.000000000000000000e+00
1.760621468477756672e+18 3.000000000000000000e+00
1.760621468544391680e+18 3.000000000000000000e+00
1.760621468610977536e+18 3.000000000000000000e+00
1.760621468678150656e+18 3.000000000000000000e+00
1.760621468744265728e+18 3.000000000000000000e+00
1.760621468811095808e+18 3.000000000000000000e+00
1.760621468877745664e+18 3.000000000000000000e+00
1.760621469477723648e+18 5.000000000000000000e+00
1.760621469544223744e+18 5.000000000000000000e+00
1.760621469611090688e+18 5.000000000000000000e+00
1.760621469677603840e+18 5.000000000000000000e+00
1.760621469744480512e+18 5.000000000000000000e+00
1.760621469811107584e+18 5.000000000000000000e+00
1.760621469877610752e+18 5.000000000000000000e+00
1.760621470477582592e+18 9.000000000000000000e+00
1.760621470611126784e+18 9.000000000000000000e+00
1.760621470744488704e+18 9.000000000000000000e+00
1.760621470810958592e+18 9.000000000000000000e+00
1.760621470910963712e+18 9.000000000000000000e+00
1.760621470944466688e+18 9.000000000000000000e+00
1.760621471010966784e+18 1.100000000000000000e+01
1.760621471077861888e+18 1.100000000000000000e+01
1.760621471144487680e+18 1.100000000000000000e+01
1.760621471244475648e+18 1.100000000000000000e+01
1.760621471277831680e+18 1.100000000000000000e+01
1.760621471344531712e+18 1.100000000000000000e+01
1.760621471410972672e+18 1.100000000000000000e+01
1.760621471477819648e+18 1.300000000000000000e+01
1.760621471577838592e+18 1.300000000000000000e+01
1.760621471611012608e+18 1.300000000000000000e+01
1.760621471677845760e+18 1.300000000000000000e+01
1.760621471744344832e+18 1.300000000000000000e+01
1.760621471811236608e+18 1.300000000000000000e+01
1.760621471911211776e+18 1.300000000000000000e+01
1.760621471944336640e+18 1.300000000000000000e+01
1.760621473111156736e+18 1.500000000000000000e+01
1.760621473244528896e+18 1.500000000000000000e+01
1.760621473311146752e+18 1.500000000000000000e+01
1.760621473444590592e+18 1.500000000000000000e+01
1.760621473511152640e+18 1.500000000000000000e+01
1.760621473577656832e+18 1.500000000000000000e+01
1.760621473644520704e+18 1.500000000000000000e+01
1.760621473711232768e+18 1.500000000000000000e+01
1.760621473844567808e+18 1.500000000000000000e+01
1.760621473911021824e+18 1.500000000000000000e+01
1.760621474111017728e+18 1.600000000000000000e+01
1.760621474177891840e+18 1.600000000000000000e+01
1.760621474244511488e+18 1.600000000000000000e+01
1.760621474311061504e+18 1.600000000000000000e+01
1.760621474377888768e+18 1.600000000000000000e+01
1.760621474444542720e+18 1.600000000000000000e+01
1.760621474511006720e+18 1.800000000000000000e+01
1.760621474577899776e+18 1.700000000000000000e+01
1.760621474644568576e+18 1.700000000000000000e+01
1.760621474711027712e+18 1.700000000000000000e+01
1.760621474777909760e+18 1.700000000000000000e+01
1.760621474844388608e+18 1.700000000000000000e+01
1.760621474977900800e+18 1.700000000000000000e+01
1.760621475044398848e+18 1.800000000000000000e+01
1.760621475177933568e+18 1.800000000000000000e+01
1.760621475244396800e+18 1.800000000000000000e+01
1.760621475311262720e+18 1.800000000000000000e+01
1.760621475377896704e+18 1.800000000000000000e+01
1.760621475444403712e+18 1.800000000000000000e+01
1.760621475511266816e+18 1.800000000000000000e+01
1.760621477178048512e+18 0.000000000000000000e+00
1.760621478144474624e+18 3.000000000000000000e+00
1.760621478211351552e+18 3.000000000000000000e+00
1.760621478277954560e+18 3.000000000000000000e+00
1.760621478344445696e+18 3.000000000000000000e+00
1.760621478411319808e+18 3.000000000000000000e+00
1.760621478477951744e+18 3.000000000000000000e+00
1.760621478544467712e+18 3.000000000000000000e+00
1.760621478611330816e+18 5.000000000000000000e+00
1.760621478744437760e+18 -5.000000000000000000e+00
1.760621478877923840e+18 5.000000000000000000e+00
1.760621478944586752e+18 5.000000000000000000e+00
1.760621479011315712e+18 5.000000000000000000e+00
1.760621479077797632e+18 -5.000000000000000000e+00
1.760621479277821696e+18 7.000000000000000000e+00
1.760621479411358720e+18 7.000000000000000000e+00
1.760621480211177472e+18 6.000000000000000000e+00
1.760621480678067712e+18 1.300000000000000000e+01
1.760621480744690688e+18 1.300000000000000000e+01
1.760621480811211520e+18 1.300000000000000000e+01
1.760621480878065664e+18 1.300000000000000000e+01
1.760621480978074880e+18 1.300000000000000000e+01
1.760621481011312640e+18 1.300000000000000000e+01
1.760621481078064640e+18 1.300000000000000000e+01
1.760621481211439616e+18 2.000000000000000000e+01
1.760621481311428864e+18 2.000000000000000000e+01
1.760621481344551680e+18 2.000000000000000000e+01
1.760621481478035712e+18 2.000000000000000000e+01
1.760621481544562688e+18 2.000000000000000000e+01
1.760621481611485696e+18 2.000000000000000000e+01
1.760621481678049536e+18 1.600000000000000000e+01
1.760621481744539648e+18 1.600000000000000000e+01
1.760621481811442688e+18 1.600000000000000000e+01
1.760621481878054656e+18 1.600000000000000000e+01
1.760621481944565760e+18 1.600000000000000000e+01
1.760621482011399680e+18 1.600000000000000000e+01
1.760621482077919744e+18 1.600000000000000000e+01
1.760621482677944576e+18 6.200000000000000000e+01
1.760621482744812800e+18 6.200000000000000000e+01
1.760621482877937920e+18 6.200000000000000000e+01
1.760621482977887744e+18 6.200000000000000000e+01
1.760621483044741632e+18 6.200000000000000000e+01
1.760621483111267584e+18 6.200000000000000000e+01
1.760621483178011648e+18 3.800000000000000000e+01
1.760621483244748544e+18 3.800000000000000000e+01
1.760621483378134784e+18 3.800000000000000000e+01
1.760621483444796672e+18 3.800000000000000000e+01
1.760621483511249664e+18 3.800000000000000000e+01
1.760621483578113792e+18 3.800000000000000000e+01
1.760621483644745472e+18 3.800000000000000000e+01
1.760621483711248640e+18 6.200000000000000000e+01
1.760621483778133504e+18 6.200000000000000000e+01
1.760621483844737792e+18 6.200000000000000000e+01
1.760621483911243776e+18 6.200000000000000000e+01
1.760621484044743680e+18 6.200000000000000000e+01
1.760621484111371776e+18 6.200000000000000000e+01
1.760621485711509760e+18 3.800000000000000000e+01
1.760621485777968640e+18 3.800000000000000000e+01
1.760621485844864512e+18 3.800000000000000000e+01
1.760621485911480576e+18 3.800000000000000000e+01
1.760621486111515648e+18 3.800000000000000000e+01
1.760621486178118656e+18 3.800000000000000000e+01
1.760621486778252544e+18 2.100000000000000000e+01
1.760621486911374592e+18 2.100000000000000000e+01
1.760621487011365632e+18 2.100000000000000000e+01
1.760621487211472640e+18 2.100000000000000000e+01
1.760621487478222592e+18 5.400000000000000000e+01
1.760621487744717568e+18 6.600000000000000000e+01
1.760621487811589632e+18 6.600000000000000000e+01
1.760621487944693504e+18 6.600000000000000000e+01
1.760621488011575808e+18 6.600000000000000000e+01
1.760621488078191872e+18 6.600000000000000000e+01
1.760621488144688640e+18 6.600000000000000000e+01
1.760621488211559680e+18 6.600000000000000000e+01
1.760621488278065664e+18 6.600000000000000000e+01
1.760621488344791552e+18 6.600000000000000000e+01
1.760621488411550720e+18 6.600000000000000000e+01
1.760621488478058496e+18 6.600000000000000000e+01
1.760621488544912640e+18 6.600000000000000000e+01
1.760621488611542784e+18 6.600000000000000000e+01
1.760621488678051584e+18 6.600000000000000000e+01
1.760621488744906752e+18 6.600000000000000000e+01
1.760621488811558656e+18 6.700000000000000000e+01
1.760621488878043648e+18 6.700000000000000000e+01
1.760621488944882688e+18 6.700000000000000000e+01
1.760621489011529728e+18 6.700000000000000000e+01
1.760621489078051584e+18 6.700000000000000000e+01
1.760621489144918784e+18 6.700000000000000000e+01
1.760621489211535616e+18 6.700000000000000000e+01
1.760621489278171904e+18 6.100000000000000000e+01
1.760621489344862720e+18 6.100000000000000000e+01
1.760621489411411712e+18 6.100000000000000000e+01
1.760621489478284544e+18 6.100000000000000000e+01
1.760621489544887808e+18 6.100000000000000000e+01
1.760621489611399680e+18 6.100000000000000000e+01
1.760621489678278656e+18 6.100000000000000000e+01
1.760621489744900608e+18 6.100000000000000000e+01
1.760621489811401728e+18 5.900000000000000000e+01
1.760621489878274560e+18 5.900000000000000000e+01
1.760621489944908544e+18 5.900000000000000000e+01
1.760621490011451648e+18 5.900000000000000000e+01
1.760621490078273792e+18 5.900000000000000000e+01
1.760621490144917760e+18 5.900000000000000000e+01
1.760621490211399680e+18 5.900000000000000000e+01
1.760621490278277632e+18 5.900000000000000000e+01
1.760621490344816640e+18 7.200000000000000000e+01
1.760621490411577600e+18 7.200000000000000000e+01
1.760621490478266624e+18 7.200000000000000000e+01
1.760621490544762624e+18 7.200000000000000000e+01
1.760621490611644672e+18 7.200000000000000000e+01
1.760621490678291712e+18 7.200000000000000000e+01
1.760621490744774656e+18 7.200000000000000000e+01
1.760621490811635712e+18 7.100000000000000000e+01
1.760621490878289664e+18 7.100000000000000000e+01
1.760621490944758528e+18 7.100000000000000000e+01
1.760621491011652608e+18 7.100000000000000000e+01
1.760621491078297600e+18 7.100000000000000000e+01
1.760621491144789760e+18 7.100000000000000000e+01
1.760621491278296832e+18 7.100000000000000000e+01
1.760621491344898816e+18 4.300000000000000000e+01
1.760621491478134528e+18 4.300000000000000000e+01
1.760621491611636736e+18 4.300000000000000000e+01
1.760621491678155776e+18 4.300000000000000000e+01
1.760621491745020672e+18 6.300000000000000000e+01
1.760621491945032704e+18 1.700000000000000000e+01
1.760621492045056512e+18 1.700000000000000000e+01
1.760621492278128640e+18 1.700000000000000000e+01
1.760621492378270720e+18 1.000000000000000000e+01
1.760621492445047552e+18 1.000000000000000000e+01
1.760621492511522816e+18 1.000000000000000000e+01
1.760621492578391808e+18 1.000000000000000000e+01
1.760621492645012736e+18 1.000000000000000000e+01
1.760621492711510784e+18 1.000000000000000000e+01
1.760621492778371584e+18 1.000000000000000000e+01
1.760621492911481600e+18 1.500000000000000000e+01
1.760621493044988672e+18 1.500000000000000000e+01
1.760621493111493632e+18 1.500000000000000000e+01
1.760621493178335744e+18 1.500000000000000000e+01
1.760621493244986880e+18 1.500000000000000000e+01
1.760621493378367744e+18 3.700000000000000000e+01
1.760621493444863744e+18 3.700000000000000000e+01
1.760621493511612672e+18 3.700000000000000000e+01
1.760621493711718912e+18 3.700000000000000000e+01
1.760621493778339584e+18 3.700000000000000000e+01
1.760621493844840704e+18 6.700000000000000000e+01
1.760621493911717632e+18 6.700000000000000000e+01
1.760621493978359808e+18 6.700000000000000000e+01
1.760621494044886528e+18 6.700000000000000000e+01
1.760621494111724544e+18 6.700000000000000000e+01
1.760621494178346752e+18 6.700000000000000000e+01
1.760621494244861696e+18 6.700000000000000000e+01
1.760621494311712768e+18 6.700000000000000000e+01
1.760621494378309632e+18 8.000000000000000000e+01
1.760621494444997888e+18 8.000000000000000000e+01
1.760621494511756544e+18 8.000000000000000000e+01
1.760621494578214656e+18 8.000000000000000000e+01
1.760621494645115648e+18 8.000000000000000000e+01
1.760621494711741696e+18 8.000000000000000000e+01
1.760621494778201600e+18 8.000000000000000000e+01
1.760621494845077760e+18 8.000000000000000000e+01
1.760621494911699712e+18 1.500000000000000000e+02
1.760621494978186496e+18 1.500000000000000000e+02
1.760621495045069568e+18 1.500000000000000000e+02
1.760621495111697664e+18 1.500000000000000000e+02
1.760621495178208512e+18 1.500000000000000000e+02
1.760621495245163776e+18 1.500000000000000000e+02
1.760621495311736576e+18 1.500000000000000000e+02
1.760621495378244608e+18 1.810000000000000000e+02
1.760621495445096704e+18 1.810000000000000000e+02
1.760621495511582720e+18 1.810000000000000000e+02
1.760621495578314752e+18 1.810000000000000000e+02
1.760621495645062656e+18 1.810000000000000000e+02
1.760621495711560704e+18 1.810000000000000000e+02
1.760621495778437632e+18 1.810000000000000000e+02
1.760621495845075712e+18 1.810000000000000000e+02
1.760621495911601664e+18 2.660000000000000000e+02
1.760621495978476800e+18 2.660000000000000000e+02
1.760621496045089792e+18 2.660000000000000000e+02
1.760621496111619584e+18 2.660000000000000000e+02
1.760621496178467840e+18 2.660000000000000000e+02
1.760621496245099776e+18 2.660000000000000000e+02
1.760621496311575552e+18 2.660000000000000000e+02
1.760621496378425600e+18 2.660000000000000000e+02
1.760621496445109504e+18 3.600000000000000000e+02
1.760621496578507776e+18 3.600000000000000000e+02
1.760621496644941568e+18 3.600000000000000000e+02
1.760621496711816704e+18 3.600000000000000000e+02
1.760621496778442496e+18 3.600000000000000000e+02
1.760621496978442752e+18 2.700000000000000000e+02
1.760621497044939776e+18 2.700000000000000000e+02
1.760621497111800576e+18 2.700000000000000000e+02
1.760621497178441728e+18 2.700000000000000000e+02
1.760621497244942592e+18 2.700000000000000000e+02
1.760621497311812608e+18 2.700000000000000000e+02
1.760621497378410496e+18 2.700000000000000000e+02
1.760621497444989696e+18 2.630000000000000000e+02
1.760621497578438656e+18 2.630000000000000000e+02
1.760621497645070848e+18 2.430000000000000000e+02
1.760621497711822848e+18 2.430000000000000000e+02
1.760621497778289920e+18 2.430000000000000000e+02
1.760621497845177600e+18 2.430000000000000000e+02
1.760621497911778816e+18 2.430000000000000000e+02
1.760621498211781632e+18 1.940000000000000000e+02
1.760621498411779584e+18 1.940000000000000000e+02
1.760621498478251776e+18 2.000000000000000000e+02
1.760621498545150720e+18 2.090000000000000000e+02
1.760621498611755520e+18 2.090000000000000000e+02
1.760621498678388480e+18 2.090000000000000000e+02
1.760621498745168640e+18 2.090000000000000000e+02
1.760621498811647744e+18 2.090000000000000000e+02
1.760621498878530816e+18 2.090000000000000000e+02
1.760621498945143808e+18 2.090000000000000000e+02
1.760621499278550528e+18 2.240000000000000000e+02
1.760621499345145600e+18 2.200000000000000000e+01
1.760621499411644672e+18 2.240000000000000000e+02
1.760621499545159680e+18 2.090000000000000000e+02
1.760621499611631616e+18 2.090000000000000000e+02
1.760621499678474752e+18 2.090000000000000000e+02
1.760621499745027840e+18 2.090000000000000000e+02
1.760621499811873792e+18 2.090000000000000000e+02
1.760621499878507520e+18 2.090000000000000000e+02
1.760621499945012480e+18 2.090000000000000000e+02
1.760621500011925760e+18 2.090000000000000000e+02
1.760621500078538752e+18 1.560000000000000000e+02
1.760621500144995584e+18 1.560000000000000000e+02
1.760621500211899648e+18 1.560000000000000000e+02
1.760621500278492672e+18 1.560000000000000000e+02
1.760621500344983552e+18 1.560000000000000000e+02
1.760621500411872512e+18 1.560000000000000000e+02
1.760621500478489600e+18 1.560000000000000000e+02
1.760621500544998656e+18 8.660000000000000000e+02
1.760621500611861760e+18 8.600000000000000000e+01
1.760621500678496512e+18 8.600000000000000000e+01
1.760621500745115648e+18 8.600000000000000000e+01
1.760621500811857664e+18 8.600000000000000000e+01
1.760621500878361600e+18 8.600000000000000000e+01
1.760621500945272576e+18 8.600000000000000000e+01
1.760621501011856896e+18 8.600000000000000000e+01
1.760621501078357760e+18 7.800000000000000000e+01
1.760621501145231616e+18 7.800000000000000000e+01
1.760621501211940864e+18 7.800000000000000000e+01
1.760621501278351872e+18 7.800000000000000000e+01
1.760621501345272832e+18 7.800000000000000000e+01
1.760621501411849728e+18 7.800000000000000000e+01
1.760621501478386688e+18 7.800000000000000000e+01
1.760621501545289728e+18 7.800000000000000000e+01
1.760621501611850752e+18 7.900000000000000000e+01
1.760621501678347520e+18 7.900000000000000000e+01
1.760621501745280768e+18 7.900000000000000000e+01
1.760621501811777536e+18 7.900000000000000000e+01
1.760621501878597632e+18 7.900000000000000000e+01
1.760621501945218560e+18 7.900000000000000000e+01
1.760621502011764736e+18 7.900000000000000000e+01
1.760621502078575616e+18 8.600000000000000000e+01
1.760621502145242624e+18 8.600000000000000000e+01
1.760621502211706624e+18 8.600000000000000000e+01
1.760621502278604800e+18 8.600000000000000000e+01
1.760621502345222656e+18 8.600000000000000000e+01
1.760621502445278720e+18 8.600000000000000000e+01
1.760621502478614528e+18 8.600000000000000000e+01
1.760621502545230592e+18 8.600000000000000000e+01
1.760621502678599680e+18 2.000000000000000000e+01
1.760621502745239808e+18 2.000000000000000000e+01
1.760621503011970816e+18 2.010000000000000000e+02
1.760621503178580736e+18 1.450000000000000000e+02
1.760621503245109760e+18 1.450000000000000000e+02
1.760621503311953664e+18 1.450000000000000000e+02
1.760621503378604544e+18 1.450000000000000000e+02
1.760621503511968512e+18 1.450000000000000000e+02
1.760621503578591488e+18 8.450000000000000000e+02
1.760621503645120512e+18 8.100000000000000000e+01
1.760621503711969536e+18 8.100000000000000000e+01
1.760621503778607616e+18 8.100000000000000000e+01
1.760621503845207808e+18 8.100000000000000000e+01
1.760621503911963648e+18 8.100000000000000000e+01
1.760621503978471680e+18 8.100000000000000000e+01
1.760621504045331712e+18 8.100000000000000000e+01
1.760621504111971584e+18 7.700000000000000000e+01
1.760621504245324544e+18 7.700000000000000000e+01
1.760621504445323776e+18 7.700000000000000000e+01
1.760621504645335552e+18 6.900000000000000000e+01
1.760621504711983616e+18 6.900000000000000000e+01
1.760621504778431744e+18 6.900000000000000000e+01
1.760621504845299712e+18 6.900000000000000000e+01
1.760621504911843840e+18 6.900000000000000000e+01
1.760621504978676736e+18 6.900000000000000000e+01
1.760621505045333504e+18 6.900000000000000000e+01
1.760621505111799808e+18 6.600000000000000000e+01
1.760621505178668800e+18 6.600000000000000000e+01
1.760621505245295872e+18 6.600000000000000000e+01
1.760621505311820800e+18 6.600000000000000000e+01
1.760621505378651648e+18 6.600000000000000000e+01
1.760621505445329664e+18 6.600000000000000000e+01
1.760621505511783680e+18 6.600000000000000000e+01
1.760621505578661632e+18 6.600000000000000000e+01
1.760621505645277696e+18 7.200000000000000000e+01
1.760621505711785728e+18 7.200000000000000000e+01
1.760621505778657792e+18 7.200000000000000000e+01
1.760621505845282816e+18 7.200000000000000000e+01
1.760621505911941888e+18 7.200000000000000000e+01
1.760621505978697728e+18 7.200000000000000000e+01
1.760621506045210624e+18 7.200000000000000000e+01
1.760621506112031744e+18 7.200000000000000000e+01
1.760621506178653696e+18 7.800000000000000000e+01
1.760621506245132800e+18 7.800000000000000000e+01
1.760621506312028672e+18 7.800000000000000000e+01
1.760621506378671616e+18 7.800000000000000000e+01
1.760621506445229824e+18 7.800000000000000000e+01
1.760621506512065536e+18 7.800000000000000000e+01
1.760621506578646784e+18 7.800000000000000000e+01
1.760621506645174784e+18 8.300000000000000000e+01
1.760621506712019712e+18 8.300000000000000000e+01
1.760621506778732800e+18 8.300000000000000000e+01
1.760621506845148672e+18 8.300000000000000000e+01
1.760621506912024832e+18 8.300000000000000000e+01
1.760621506978490624e+18 8.300000000000000000e+01
1.760621507045573632e+18 8.300000000000000000e+01
1.760621507112038656e+18 8.300000000000000000e+01
1.760621507178518784e+18 7.700000000000000000e+01
1.760621507378718720e+18 7.700000000000000000e+01
1.760621507512022784e+18 7.700000000000000000e+01
1.760621507645412608e+18 7.400000000000000000e+01
1.760621507712062720e+18 7.400000000000000000e+01
1.760621508045375488e+18 7.400000000000000000e+01
1.760621508178786816e+18 8.900000000000000000e+01
1.760621508245422592e+18 8.900000000000000000e+01
1.760621508311873792e+18 8.900000000000000000e+01
1.760621508378733568e+18 8.900000000000000000e+01
1.760621508445372672e+18 8.900000000000000000e+01
1.760621508511883776e+18 8.900000000000000000e+01
1.760621508578741760e+18 8.900000000000000000e+01
1.760621508645411840e+18 8.900000000000000000e+01
1.760621508711898624e+18 7.800000000000000000e+01
1.760621508778794752e+18 7.800000000000000000e+01
1.760621508845364480e+18 7.800000000000000000e+01
1.760621508911906816e+18 7.800000000000000000e+01
1.760621508978775808e+18 7.800000000000000000e+01
1.760621509045257472e+18 7.800000000000000000e+01
1.760621509145266688e+18 7.800000000000000000e+01
1.760621509212144640e+18 6.600000000000000000e+01
1.760621509278750720e+18 6.600000000000000000e+01
1.760621509345251840e+18 6.600000000000000000e+01
1.760621509412129536e+18 6.600000000000000000e+01
1.760621509478748672e+18 6.600000000000000000e+01
1.760621509545291776e+18 6.600000000000000000e+01
1.760621509612121600e+18 6.600000000000000000e+01
1.760621509678735616e+18 6.600000000000000000e+01
1.760621510212115712e+18 3.500000000000000000e+01
1.760621510278622720e+18 3.500000000000000000e+01
1.760621510345474816e+18 3.500000000000000000e+01
1.760621510412082688e+18 3.500000000000000000e+01
1.760621510478596608e+18 3.500000000000000000e+01
1.760621510545515776e+18 3.500000000000000000e+01
1.760621510612084736e+18 3.500000000000000000e+01
1.760621510678557696e+18 3.500000000000000000e+01
1.760621510745455616e+18 5.700000000000000000e+01
1.760621510812077824e+18 5.700000000000000000e+01
1.760621510878583552e+18 5.700000000000000000e+01
1.760621510945454592e+18 5.700000000000000000e+01
1.760621511012078848e+18 5.700000000000000000e+01
1.760621511078702592e+18 5.700000000000000000e+01
1.760621511145487872e+18 5.700000000000000000e+01
1.760621511211961856e+18 5.120000000000000000e+02
1.760621511278818560e+18 2.120000000000000000e+02
1.760621511411948800e+18 2.120000000000000000e+02
1.760621511611944704e+18 2.120000000000000000e+02
1.760621511745451776e+18 1.090000000000000000e+02
1.760621511811939840e+18 1.090000000000000000e+02
1.760621511878793728e+18 1.090000000000000000e+02
1.760621511945441792e+18 1.090000000000000000e+02
1.760621512011960832e+18 1.090000000000000000e+02
1.760621512145342464e+18 1.090000000000000000e+02
1.760621512212237568e+18 1.090000000000000000e+02
1.760621512278867712e+18 7.300000000000000000e+01
1.760621512345372672e+18 7.300000000000000000e+01
1.760621512412186624e+18 7.300000000000000000e+01
1.760621512478843648e+18 7.300000000000000000e+01
1.760621512612183552e+18 7.300000000000000000e+01
1.760621512678848768e+18 7.300000000000000000e+01
1.760621512745333760e+18 3.300000000000000000e+01
1.760621512812197632e+18 6.700000000000000000e+01
1.760621512878808832e+18 6.700000000000000000e+01
1.760621512945300480e+18 6.700000000000000000e+01
1.760621513012192768e+18 6.700000000000000000e+01
1.760621513078818816e+18 6.700000000000000000e+01
1.760621513145429504e+18 6.700000000000000000e+01
1.760621513212206592e+18 6.700000000000000000e+01
1.760621513278678528e+18 6.500000000000000000e+01
1.760621513345559552e+18 6.500000000000000000e+01
1.760621513412187648e+18 6.500000000000000000e+01
1.760621513512209664e+18 6.500000000000000000e+01
1.760621513545581568e+18 6.500000000000000000e+01
1.760621513612213504e+18 6.500000000000000000e+01
1.760621513678663680e+18 6.500000000000000000e+01
1.760621513745567744e+18 6.500000000000000000e+01
1.760621513845587712e+18 7.300000000000000000e+01
1.760621513878675712e+18 7.300000000000000000e+01
1.760621513945534720e+18 7.300000000000000000e+01
1.760621514012184576e+18 7.300000000000000000e+01
1.760621514078681600e+18 7.300000000000000000e+01
1.760621514145553664e+18 7.300000000000000000e+01
1.760621514212029696e+18 7.300000000000000000e+01
1.760621514278953728e+18 7.300000000000000000e+01
1.760621514345565696e+18 7.700000000000000000e+01
1.760621514412085760e+18 7.700000000000000000e+01
1.760621514478954752e+18 7.700000000000000000e+01
1.760621514545530880e+18 7.700000000000000000e+01
1.760621514845569536e+18 7.200000000000000000e+01
1.760621514878921728e+18 7.200000000000000000e+01
1.760621514945581568e+18 7.200000000000000000e+01
1.760621515012065536e+18 7.200000000000000000e+01
1.760621515078925568e+18 7.200000000000000000e+01
1.760621515178903552e+18 7.200000000000000000e+01
1.760621515212196608e+18 7.200000000000000000e+01
1.760621515278949632e+18 7.200000000000000000e+01
1.760621515345431552e+18 6.600000000000000000e+01
1.760621515412292608e+18 6.600000000000000000e+01
1.760621515512267520e+18 6.600000000000000000e+01
1.760621515545434624e+18 6.600000000000000000e+01
1.760621515612313856e+18 6.600000000000000000e+01
1.760621515678937600e+18 6.600000000000000000e+01
1.760621515745452544e+18 6.600000000000000000e+01
1.760621515845391872e+18 5.800000000000000000e+01
1.760621515912249600e+18 5.800000000000000000e+01
1.760621516045394688e+18 5.800000000000000000e+01
1.760621516112258560e+18 5.800000000000000000e+01
1.760621516178881536e+18 5.800000000000000000e+01
1.760621516245521664e+18 5.800000000000000000e+01
1.760621516312248832e+18 6.800000000000000000e+01
1.760621516445622784e+18 6.900000000000000000e+01
1.760621516512251648e+18 6.900000000000000000e+01
1.760621516578742784e+18 6.900000000000000000e+01
1.760621516645625600e+18 6.900000000000000000e+01
1.760621516712248576e+18 6.900000000000000000e+01
1.760621516778744576e+18 6.900000000000000000e+01
1.760621516845649664e+18 7.800000000000000000e+01
1.760621516912239872e+18 7.800000000000000000e+01
1.760621516978739712e+18 7.800000000000000000e+01
1.760621517112235776e+18 7.800000000000000000e+01
1.760621517178733568e+18 7.800000000000000000e+01
1.760621517312101632e+18 7.800000000000000000e+01
1.760621517378923776e+18 7.000000000000000000e+01
1.760621517445604608e+18 7.000000000000000000e+01
1.760621517512120832e+18 7.000000000000000000e+01
1.760621517579027712e+18 7.000000000000000000e+01
1.760621517645603584e+18 7.000000000000000000e+01
1.760621517712181504e+18 7.000000000000000000e+01
1.760621517778978560e+18 7.000000000000000000e+01
1.760621517845644800e+18 5.800000000000000000e+01
1.760621517912147712e+18 5.800000000000000000e+01
1.760621518045626624e+18 5.800000000000000000e+01
1.760621518112129792e+18 5.800000000000000000e+01
1.760621518178978560e+18 5.800000000000000000e+01
1.760621518245648640e+18 5.800000000000000000e+01
1.760621518312223744e+18 5.800000000000000000e+01
1.760621518378978816e+18 5.100000000000000000e+01
1.760621518445525760e+18 5.100000000000000000e+01
1.760621518512452608e+18 5.100000000000000000e+01
1.760621518579006720e+18 5.100000000000000000e+01
1.760621518645491712e+18 5.100000000000000000e+01
1.760621518712381696e+18 5.100000000000000000e+01
1.760621518778971648e+18 5.100000000000000000e+01
1.760621518845479680e+18 5.300000000000000000e+01
1.760621518912336640e+18 5.800000000000000000e+01
1.760621518978974464e+18 5.800000000000000000e+01
1.760621519045488640e+18 5.800000000000000000e+01
1.760621519112376576e+18 5.800000000000000000e+01
1.760621519212360704e+18 5.800000000000000000e+01
1.760621519245491712e+18 5.800000000000000000e+01
1.760621519378860800e+18 7.900000000000000000e+01
1.760621519445632768e+18 7.900000000000000000e+01
1.760621519578849792e+18 7.900000000000000000e+01
1.760621519645720832e+18 7.900000000000000000e+01
1.760621519712325632e+18 7.900000000000000000e+01
1.760621519778861824e+18 7.900000000000000000e+01
1.760621519878843904e+18 2.800000000000000000e+01
1.760621519912386560e+18 9.800000000000000000e+01
1.760621520112370688e+18 9.800000000000000000e+01
1.760621520212338688e+18 9.800000000000000000e+01
1.760621520245758720e+18 9.800000000000000000e+01
1.760621520312335616e+18 9.800000000000000000e+01
1.760621520378948608e+18 9.800000000000000000e+01
1.760621520445749760e+18 2.620000000000000000e+02
1.760621520579076864e+18 2.420000000000000000e+02
1.760621520645737728e+18 2.420000000000000000e+02
1.760621520779109632e+18 2.420000000000000000e+02
1.760621520879057664e+18 2.420000000000000000e+02
1.760621521412309760e+18 7.600000000000000000e+01
1.760621521479035648e+18 7.600000000000000000e+01
1.760621521545565696e+18 7.600000000000000000e+01
1.760621521612430592e+18 7.600000000000000000e+01
1.760621521679026688e+18 7.600000000000000000e+01
1.760621521745539584e+18 7.600000000000000000e+01
1.760621521812413696e+18 7.600000000000000000e+01
1.760621521879089664e+18 7.600000000000000000e+01
1.760621521945538816e+18 8.600000000000000000e+01
1.760621522012416512e+18 8.600000000000000000e+01
1.760621522079040768e+18 8.600000000000000000e+01
1.760621522145498880e+18 8.600000000000000000e+01
1.760621522212403712e+18 8.600000000000000000e+01
1.760621522279068672e+18 8.600000000000000000e+01
1.760621522345535744e+18 8.600000000000000000e+01
1.760621522412409856e+18 8.600000000000000000e+01
1.760621522478877696e+18 5.100000000000000000e+01
1.760621522545655808e+18 5.100000000000000000e+01
1.760621522612440576e+18 5.100000000000000000e+01
1.760621522678920704e+18 5.100000000000000000e+01
1.760621522745812736e+18 5.100000000000000000e+01
1.760621522812428800e+18 5.100000000000000000e+01
1.760621522878937600e+18 5.100000000000000000e+01
1.760621523012398592e+18 6.200000000000000000e+01
1.760621523078943744e+18 6.200000000000000000e+01
1.760621523145788672e+18 6.200000000000000000e+01
1.760621523212456704e+18 6.200000000000000000e+01
1.760621523278973696e+18 6.200000000000000000e+01
1.760621523345764608e+18 4.200000000000000000e+01
1.760621523479058688e+18 3.600000000000000000e+01
1.760621523545827584e+18 3.600000000000000000e+01
1.760621523679199744e+18 3.600000000000000000e+01
1.760621523745757696e+18 3.600000000000000000e+01
1.760621523812296704e+18 3.600000000000000000e+01
1.760621523879132672e+18 3.600000000000000000e+01
1.760621523945827840e+18 3.600000000000000000e+01
1.760621524012265728e+18 3.000000000000000000e+01
1.760621524079136512e+18 3.000000000000000000e+01
1.760621524145797632e+18 3.000000000000000000e+01
1.760621524212269824e+18 3.000000000000000000e+01
1.760621524279149824e+18 3.000000000000000000e+01
1.760621524345760512e+18 3.000000000000000000e+01
1.760621524412263680e+18 3.000000000000000000e+01
1.760621524479135744e+18 3.300000000000000000e+01
1.760621524545638656e+18 3.300000000000000000e+01
1.760621524612370688e+18 3.300000000000000000e+01
1.760621524679101696e+18 3.300000000000000000e+01
1.760621524745648640e+18 3.300000000000000000e+01
1.760621524812521728e+18 3.300000000000000000e+01
1.760621524912520704e+18 3.300000000000000000e+01
1.760621524945695744e+18 3.300000000000000000e+01
1.760621525012512768e+18 3.700000000000000000e+01
1.760621525079141632e+18 3.700000000000000000e+01
1.760621525145640704e+18 3.700000000000000000e+01
1.760621525245669632e+18 3.700000000000000000e+01
1.760621525279142656e+18 3.700000000000000000e+01
1.760621525345603584e+18 3.700000000000000000e+01
1.760621525412518656e+18 3.700000000000000000e+01
1.760621525579134720e+18 3.000000000000000000e+01
1.760621525612523776e+18 3.000000000000000000e+01
1.760621525679011584e+18 3.000000000000000000e+01
1.760621525745892864e+18 3.000000000000000000e+01
1.760621525812512512e+18 3.000000000000000000e+01
1.760621525912498688e+18 3.000000000000000000e+01
1.760621525945902592e+18 3.000000000000000000e+01
1.760621526578966528e+18 1.500000000000000000e+01
1.760621526612517632e+18 1.500000000000000000e+01
1.760621526679116800e+18 1.500000000000000000e+01
1.760621526845878528e+18 1.500000000000000000e+01
1.760621526912338688e+18 1.500000000000000000e+01
1.760621526979241728e+18 1.500000000000000000e+01
1.760621527045836800e+18 3.000000000000000000e+01
1.760621527112320768e+18 3.000000000000000000e+01
1.760621527179211520e+18 3.000000000000000000e+01
1.760621527245834496e+18 3.000000000000000000e+01
1.760621527312335616e+18 3.000000000000000000e+01
1.760621527379203840e+18 3.000000000000000000e+01
1.760621527445828608e+18 3.000000000000000000e+01
1.760621527512314880e+18 3.000000000000000000e+01
1.760621527579195648e+18 -3.100000000000000000e+01
1.760621527712458496e+18 3.100000000000000000e+01
1.760621527779193600e+18 3.100000000000000000e+01
1.760621527845705728e+18 3.100000000000000000e+01
1.760621527912578560e+18 3.100000000000000000e+01
1.760621527979201792e+18 3.100000000000000000e+01
1.760621528045737728e+18 2.800000000000000000e+01
1.760621528112564480e+18 2.800000000000000000e+01
1.760621528179172864e+18 2.800000000000000000e+01
1.760621528245756672e+18 2.800000000000000000e+01
1.760621528312633856e+18 2.800000000000000000e+01
1.760621528379192576e+18 2.800000000000000000e+01
1.760621528445720576e+18 2.800000000000000000e+01
1.760621528512599808e+18 2.800000000000000000e+01
1.760621528579227648e+18 3.600000000000000000e+01
1.760621528645688832e+18 3.600000000000000000e+01
1.760621528712637696e+18 3.600000000000000000e+01
1.760621528779105536e+18 3.600000000000000000e+01
1.760621528845933568e+18 3.600000000000000000e+01
1.760621528912565760e+18 3.600000000000000000e+01
1.760621528979111680e+18 3.600000000000000000e+01
1.760621529045960704e+18 5.000000000000000000e+01
1.760621529112561664e+18 5.900000000000000000e+01
1.760621529179062528e+18 5.900000000000000000e+01
1.760621529245917696e+18 5.900000000000000000e+01
1.760621529379064832e+18 5.900000000000000000e+01
1.760621529445925632e+18 5.900000000000000000e+01
1.760621529512562688e+18 5.900000000000000000e+01
1.760621529579073792e+18 -2.400000000000000000e+01
1.760621529645969664e+18 -2.400000000000000000e+01
1.760621529712574720e+18 2.400000000000000000e+01
1.760621530112440576e+18 1.800000000000000000e+01
1.760621530179285760e+18 1.800000000000000000e+01
1.760621530279286528e+18 1.800000000000000000e+01
1.760621530312454656e+18 1.800000000000000000e+01
1.760621530379280640e+18 1.800000000000000000e+01
1.760621530712426752e+18 1.700000000000000000e+01
1.760621531179318784e+18 2.000000000000000000e+01
1.760621531279243776e+18 2.000000000000000000e+01
1.760621531312703488e+18 -2.000000000000000000e+01
1.760621531379254528e+18 2.000000000000000000e+01
1.760621531445847808e+18 2.000000000000000000e+01
1.760621531512686848e+18 2.000000000000000000e+01
1.760621531612654592e+18 -2.000000000000000000e+01
1.760621531645822720e+18 2.000000000000000000e+01
1.760621531779277568e+18 2.200000000000000000e+01
1.760621531845909504e+18 2.200000000000000000e+01
1.760621531946031616e+18 -2.200000000000000000e+01
1.760621532012648704e+18 2.200000000000000000e+01
1.760621532146024704e+18 2.200000000000000000e+01
1.760621532179157760e+18 2.000000000000000000e+01
1.760621532279148544e+18 2.000000000000000000e+01
1.760621532346027520e+18 2.000000000000000000e+01
1.760621532412637696e+18 2.000000000000000000e+01
1.760621532479112704e+18 2.000000000000000000e+01
1.760621532546004736e+18 2.000000000000000000e+01
1.760621532612626688e+18 2.000000000000000000e+01
1.760621532746046720e+18 1.900000000000000000e+01
1.760621532812610560e+18 1.900000000000000000e+01
1.760621532879244544e+18 1.900000000000000000e+01
1.760621532945991680e+18 1.900000000000000000e+01
1.760621533012489728e+18 1.900000000000000000e+01
1.760621533079364864e+18 1.900000000000000000e+01
1.760621533145988608e+18 1.900000000000000000e+01
1.760621533412490496e+18 2.400000000000000000e+01
1.760621533479372800e+18 2.000000000000000000e+00
1.760621533612488704e+18 -2.600000000000000000e+01
1.760621533812486656e+18 1.900000000000000000e+01
1.760621533879406592e+18 1.900000000000000000e+01
1.760621533945885696e+18 1.900000000000000000e+01
1.760621534012730624e+18 1.900000000000000000e+01
1.760621534145844736e+18 1.900000000000000000e+01
1.760621534212746496e+18 1.900000000000000000e+01
1.760621534279386880e+18 2.300000000000000000e+01
1.760621534345845760e+18 2.300000000000000000e+01
1.760621534412729856e+18 2.300000000000000000e+01
1.760621534479402752e+18 2.300000000000000000e+01
1.760621534545861632e+18 2.300000000000000000e+01
1.760621534612718592e+18 2.300000000000000000e+01
1.760621534679372800e+18 2.300000000000000000e+01
1.760621534745874688e+18 -2.300000000000000000e+01
1.760621534812727808e+18 1.500000000000000000e+01
1.760621534879354624e+18 1.500000000000000000e+01
1.760621534945976832e+18 1.500000000000000000e+01
1.760621535012725504e+18 1.500000000000000000e+01
1.760621535079245568e+18 1.500000000000000000e+01
1.760621535146090752e+18 1.500000000000000000e+01
1.760621535212720640e+18 1.500000000000000000e+01
1.760621535346095616e+18 9.800000000000000000e+01
1.760621535412735744e+18 9.800000000000000000e+01
1.760621535479220736e+18 9.800000000000000000e+01
1.760621535546108672e+18 9.800000000000000000e+01
1.760621535612739584e+18 9.800000000000000000e+01
1.760621535679192832e+18 9.800000000000000000e+01
1.760621535746102528e+18 9.800000000000000000e+01
1.760621535812728576e+18 1.600000000000000000e+01
1.760621535879208448e+18 1.600000000000000000e+01
1.760621535979376896e+18 1.600000000000000000e+01
1.760621536012606720e+18 1.600000000000000000e+01
1.760621536079476480e+18 1.600000000000000000e+01
1.760621536312599552e+18 1.600000000000000000e+01
1.760621536879456768e+18 5.800000000000000000e+01
1.760621536979455744e+18 5.800000000000000000e+01
1.760621537012746496e+18 5.800000000000000000e+01
1.760621537079503872e+18 5.800000000000000000e+01
1.760621537145994752e+18 5.800000000000000000e+01
1.760621537212853760e+18 5.800000000000000000e+01
1.760621537312822528e+18 5.800000000000000000e+01
1.760621537479487744e+18 6.900000000000000000e+01
1.760621537579434752e+18 6.900000000000000000e+01
1.760621537679461632e+18 5.900000000000000000e+01
1.760621537779434752e+18 5.900000000000000000e+01
1.760621537812842496e+18 6.900000000000000000e+01
1.760621538379287808e+18 5.700000000000000000e+01
1.760621538512765696e+18 5.700000000000000000e+01
1.760621539046160640e+18 5.700000000000000000e+01
1.760621539912653568e+18 -3.100000000000000000e+01
1.760621539979518720e+18 3.100000000000000000e+01
1.760621540046208512e+18 3.100000000000000000e+01
1.760621540112795648e+18 3.100000000000000000e+01
1.760621540179539712e+18 3.100000000000000000e+01
1.760621540312951552e+18 3.100000000000000000e+01
1.760621540512888576e+18 -2.100000000000000000e+01
1.760621540779562752e+18 -2.100000000000000000e+01
1.760621540846001664e+18 -2.100000000000000000e+01
1.760621540912893696e+18 7.000000000000000000e+00
1.760621541179391744e+18 1.000000000000000000e+00
1.760621542012897792e+18 1.000000000000000000e+01
1.760621542112888576e+18 1.000000000000000000e+01
1.760621542246247680e+18 1.000000000000000000e+01
1.760621542346246656e+18 1.000000000000000000e+01
1.760621542379644672e+18 1.000000000000000000e+01
1.760621542446268672e+18 2.200000000000000000e+01
1.760621542512800768e+18 2.200000000000000000e+01
1.760621542579647744e+18 2.200000000000000000e+01
1.760621542679634688e+18 2.200000000000000000e+01
1.760621542746232832e+18 2.200000000000000000e+01
1.760621542812742656e+18 2.200000000000000000e+01
1.760621542879597568e+18 2.200000000000000000e+01
1.760621542946222848e+18 2.200000000000000000e+01
1.760621543012724736e+18 2.200000000000000000e+01
1.760621543079588608e+18 2.200000000000000000e+01
1.760621543146238464e+18 2.200000000000000000e+01
1.760621543212862720e+18 2.200000000000000000e+01
1.760621543279573760e+18 2.200000000000000000e+01
1.760621543346075648e+18 2.200000000000000000e+01
1.760621543412969472e+18 2.200000000000000000e+01
1.760621543546099712e+18 7.000000000000000000e+00
1.760621543679578880e+18 1.000000000000000000e+00
1.760621544479439616e+18 9.000000000000000000e+00
1.760621544679444736e+18 9.000000000000000000e+00
1.760621545012972544e+18 1.300000000000000000e+01
1.760621545079464704e+18 1.300000000000000000e+01
1.760621545146313728e+18 1.300000000000000000e+01
1.760621545279606528e+18 1.300000000000000000e+01
1.760621545346356736e+18 1.300000000000000000e+01
1.760621545412807680e+18 1.300000000000000000e+01
1.760621546012792576e+18 2.000000000000000000e+00
1.760621546079681536e+18 2.000000000000000000e+00
1.760621546146336768e+18 2.000000000000000000e+00
1.760621546212804864e+18 2.000000000000000000e+00
1.760621546279681792e+18 2.000000000000000000e+00
1.760621546379692800e+18 2.000000000000000000e+00
1.760621546412978688e+18 2.000000000000000000e+00
1.760621546546218752e+18 5.000000000000000000e+00
1.760621546613052672e+18 5.000000000000000000e+00
1.760621546679655680e+18 5.000000000000000000e+00
1.760621546746209536e+18 5.000000000000000000e+00
1.760621546813069568e+18 5.000000000000000000e+00
1.760621546879648768e+18 5.000000000000000000e+00
1.760621546946187776e+18 5.000000000000000000e+00
1.760621547046212608e+18 1.000000000000000000e+01
1.760621547146197760e+18 1.000000000000000000e+01
1.760621547213093632e+18 1.000000000000000000e+01
1.760621547379531520e+18 1.000000000000000000e+01
1.760621547413079808e+18 1.000000000000000000e+01
1.760621547479570688e+18 1.000000000000000000e+01
1.760621547546440704e+18 2.000000000000000000e+00
1.760621547713030656e+18 2.600000000000000000e+01
1.760621547779493632e+18 2.400000000000000000e+01
1.760621547846415872e+18 2.600000000000000000e+01
1.760621547913036544e+18 2.400000000000000000e+01
1.760621547979512576e+18 2.400000000000000000e+01
1.760621548246439680e+18 -2.700000000000000000e+01
1.760621548379504640e+18 2.700000000000000000e+01
1.760621548579725824e+18 1.200000000000000000e+01
1.760621548646397696e+18 1.200000000000000000e+01
1.760621548779768832e+18 1.200000000000000000e+01
1.760621548846378496e+18 1.200000000000000000e+01
1.760621548912894720e+18 1.200000000000000000e+01
1.760621548979707648e+18 1.200000000000000000e+01
1.760621549646217472e+18 2.500000000000000000e+01
1.760621549713166592e+18 2.500000000000000000e+01
1.760621549846303744e+18 2.500000000000000000e+01
1.760621549913111808e+18 2.500000000000000000e+01
1.760621549979737856e+18 2.500000000000000000e+01
1.760621550046267648e+18 3.500000000000000000e+01
1.760621550113112576e+18 3.300000000000000000e+01
1.760621550179732480e+18 3.300000000000000000e+01
1.760621550246229760e+18 3.300000000000000000e+01
1.760621550313111808e+18 3.300000000000000000e+01
1.760621550379736576e+18 3.300000000000000000e+01
1.760621550446231552e+18 3.300000000000000000e+01
1.760621550513146624e+18 3.300000000000000000e+01
1.760621550579666688e+18 3.600000000000000000e+01
1.760621550646478592e+18 3.600000000000000000e+01
1.760621550713097472e+18 3.600000000000000000e+01
1.760621550779609600e+18 3.600000000000000000e+01
1.760621550846466816e+18 3.600000000000000000e+01
1.760621550913136640e+18 3.600000000000000000e+01
1.760621550979569664e+18 3.600000000000000000e+01
1.760621551046508800e+18 3.600000000000000000e+01
1.760621551179628544e+18 1.900000000000000000e+01
1.760621551246476544e+18 1.900000000000000000e+01
1.760621551313138688e+18 1.900000000000000000e+01
1.760621551379613696e+18 1.900000000000000000e+01
1.760621551446466560e+18 1.900000000000000000e+01
1.760621551513087744e+18 1.900000000000000000e+01
1.760621551646468608e+18 8.000000000000000000e+00
1.760621551746495744e+18 8.000000000000000000e+00
1.760621551913004544e+18 8.000000000000000000e+00
1.760621551979876864e+18 8.000000000000000000e+00
1.760621552179814656e+18 1.300000000000000000e+01
1.760621552312959744e+18 1.300000000000000000e+01
1.760621552446465792e+18 1.300000000000000000e+01
1.760621552512945664e+18 1.300000000000000000e+01
1.760621552646357760e+18 2.400000000000000000e+01
1.760621552746351616e+18 2.600000000000000000e+01
1.760621553013217792e+18 2.400000000000000000e+01
1.760621553079839744e+18 2.600000000000000000e+01
1.760621553146349568e+18 2.800000000000000000e+01
1.760621553213237760e+18 2.800000000000000000e+01
1.760621553279790592e+18 2.800000000000000000e+01
1.760621553346365696e+18 2.800000000000000000e+01
1.760621553413195520e+18 2.800000000000000000e+01
1.760621553479846656e+18 2.800000000000000000e+01
1.760621553546306560e+18 2.800000000000000000e+01
1.760621553613212672e+18 1.800000000000000000e+01
1.760621553679685632e+18 1.600000000000000000e+01
1.760621553746555648e+18 1.600000000000000000e+01
1.760621553813197568e+18 1.600000000000000000e+01
1.760621554013186816e+18 1.600000000000000000e+01
1.760621554079685632e+18 1.600000000000000000e+01
1.760621554679780608e+18 2.000000000000000000e+01
1.760621554746547712e+18 2.000000000000000000e+01
1.760621554813086720e+18 2.000000000000000000e+01
1.760621554879914752e+18 2.000000000000000000e+01
1.760621554946536704e+18 2.000000000000000000e+01
1.760621555013036800e+18 2.000000000000000000e+01
1.760621555079908608e+18 2.000000000000000000e+01
1.760621555146538752e+18 2.600000000000000000e+01
1.760621555213022720e+18 2.600000000000000000e+01
1.760621555279904512e+18 2.600000000000000000e+01
1.760621555346563584e+18 2.600000000000000000e+01
1.760621555413029632e+18 2.600000000000000000e+01
1.760621555479988480e+18 2.600000000000000000e+01
1.760621555546532608e+18 2.600000000000000000e+01
1.760621555613024768e+18 2.600000000000000000e+01
1.760621555679897856e+18 2.900000000000000000e+01
1.760621555746399744e+18 2.900000000000000000e+01
1.760621555813322752e+18 2.900000000000000000e+01
1.760621555879950848e+18 2.900000000000000000e+01
1.760621555946425600e+18 2.900000000000000000e+01
1.760621556013260544e+18 2.900000000000000000e+01
1.760621556079953664e+18 2.900000000000000000e+01
1.760621556813330688e+18 9.000000000000000000e+00
1.760621556879769600e+18 9.000000000000000000e+00
1.760621556946686720e+18 9.000000000000000000e+00
1.760621557013251840e+18 9.000000000000000000e+00
1.760621557079784704e+18 9.000000000000000000e+00
1.760621557213276672e+18 1.900000000000000000e+01
1.760621557346643712e+18 1.900000000000000000e+01
1.760621557413276672e+18 1.900000000000000000e+01
1.760621557479711744e+18 1.900000000000000000e+01
1.760621557546654720e+18 1.900000000000000000e+01
1.760621557613279488e+18 1.900000000000000000e+01
1.760621557679777536e+18 1.600000000000000000e+01
1.760621557746678528e+18 1.600000000000000000e+01
1.760621557813136640e+18 1.600000000000000000e+01
1.760621557880028672e+18 1.600000000000000000e+01
1.760621557946682624e+18 1.600000000000000000e+01
1.760621558013120768e+18 1.600000000000000000e+01
1.760621558113135616e+18 1.600000000000000000e+01
1.760621558146661632e+18 1.600000000000000000e+01
1.760621558213143552e+18 8.000000000000000000e+00
1.760621558280002560e+18 8.000000000000000000e+00
1.760621558346649600e+18 8.000000000000000000e+00
1.760621558480034560e+18 8.000000000000000000e+00
1.760621558546680576e+18 8.000000000000000000e+00
1.760621558613148672e+18 8.000000000000000000e+00
1.760621558679969792e+18 8.000000000000000000e+00
1.760621558779994624e+18 2.100000000000000000e+01
1.760621558846504704e+18 2.100000000000000000e+01
1.760621558979991552e+18 2.100000000000000000e+01
1.760621559046480640e+18 2.100000000000000000e+01
1.760621559113363712e+18 2.100000000000000000e+01
1.760621559179980800e+18 2.100000000000000000e+01
1.760621559246485760e+18 3.000000000000000000e+01
1.760621559313343744e+18 3.000000000000000000e+01
1.760621559379969536e+18 3.000000000000000000e+01
1.760621559446487552e+18 3.000000000000000000e+01
1.760621559513347584e+18 3.000000000000000000e+01
1.760621559579953664e+18 3.000000000000000000e+01
1.760621559646502656e+18 3.000000000000000000e+01
1.760621559713319680e+18 3.000000000000000000e+01
1.760621559779974656e+18 2.000000000000000000e+01
1.760621559913391616e+18 2.000000000000000000e+01
1.760621559979813632e+18 2.000000000000000000e+01
1.760621560113336576e+18 2.000000000000000000e+01
1.760621560246751744e+18 8.000000000000000000e+00
1.760621560313373440e+18 8.000000000000000000e+00
1.760621560379830528e+18 8.000000000000000000e+00
1.760621560446749696e+18 8.000000000000000000e+00
1.760621560646711552e+18 8.000000000000000000e+00
1.760621560779823872e+18 2.600000000000000000e+01
1.760621560846717696e+18 2.600000000000000000e+01
1.760621560913201664e+18 2.600000000000000000e+01
1.760621560980030720e+18 2.600000000000000000e+01
1.760621561046694656e+18 2.600000000000000000e+01
1.760621561113233664e+18 2.600000000000000000e+01
1.760621561180095744e+18 2.600000000000000000e+01
1.760621561246693632e+18 -2.100000000000000000e+01
1.760621561313189632e+18 -2.100000000000000000e+01
1.760621561380067584e+18 -2.100000000000000000e+01
1.760621561446687744e+18 -2.100000000000000000e+01
1.760621561580115712e+18 -2.100000000000000000e+01
1.760621561646730752e+18 -2.100000000000000000e+01
1.760621561713211648e+18 -2.100000000000000000e+01
1.760621561780064512e+18 5.000000000000000000e+00
1.760621561846637824e+18 5.000000000000000000e+00
1.760621561913326848e+18 -5.000000000000000000e+00
1.760621562046596864e+18 -5.000000000000000000e+00
1.760621562113430784e+18 5.000000000000000000e+00
1.760621562180076544e+18 5.000000000000000000e+00
1.760621562646557696e+18 1.000000000000000000e+00
1.760621563313461760e+18 3.700000000000000000e+01
1.760621563379911680e+18 3.700000000000000000e+01
1.760621563446804736e+18 3.700000000000000000e+01
1.760621563646790656e+18 3.000000000000000000e+00
1.760621564380194560e+18 6.200000000000000000e+01
1.760621564480193536e+18 6.200000000000000000e+01
1.760621564613291776e+18 6.200000000000000000e+01
1.760621565413521664e+18 3.800000000000000000e+01
1.760621565480141568e+18 3.800000000000000000e+01
1.760621565546649600e+18 3.800000000000000000e+01
1.760621565613505536e+18 3.800000000000000000e+01
1.760621565680114688e+18 3.800000000000000000e+01
1.760621565746626560e+18 3.800000000000000000e+01
1.760621565813500672e+18 3.800000000000000000e+01
1.760621565880119552e+18 2.500000000000000000e+01
1.760621565946622720e+18 2.500000000000000000e+01
1.760621566013487616e+18 2.500000000000000000e+01
1.760621566079985664e+18 2.500000000000000000e+01
1.760621566213501696e+18 2.500000000000000000e+01
1.760621566279968768e+18 2.500000000000000000e+01
1.760621566346889728e+18 1.100000000000000000e+01
1.760621566413487616e+18 1.100000000000000000e+01
1.760621566613487616e+18 1.100000000000000000e+01
1.760621566879982592e+18 7.000000000000000000e+00
1.760621566946870528e+18 7.000000000000000000e+00
1.760621567746884608e+18 9.000000000000000000e+00
1.760621567813358848e+18 9.000000000000000000e+00
1.760621567880237568e+18 -2.700000000000000000e+01
1.760621567946877696e+18 2.700000000000000000e+01
1.760621568013350656e+18 -2.700000000000000000e+01
1.760621568213472512e+18 2.700000000000000000e+01
1.760621568480193536e+18 4.000000000000000000e+01
1.760621568546736640e+18 4.000000000000000000e+01
1.760621568613615872e+18 4.000000000000000000e+01
1.760621568680210688e+18 4.000000000000000000e+01
1.760621568746730496e+18 6.000000000000000000e+01
1.760621568813595648e+18 4.000000000000000000e+01
1.760621568946765568e+18 6.800000000000000000e+01
1.760621569180219648e+18 4.800000000000000000e+01
1.760621569213608704e+18 4.800000000000000000e+01
1.760621569280128768e+18 4.800000000000000000e+01
1.760621569346966784e+18 4.800000000000000000e+01
1.760621569413616640e+18 -5.300000000000000000e+01
1.760621569513594624e+18 5.300000000000000000e+01
1.760621569547004672e+18 5.300000000000000000e+01
1.760621569613600768e+18 5.300000000000000000e+01
1.760621569680102656e+18 5.300000000000000000e+01
1.760621569746980608e+18 5.300000000000000000e+01
1.760621569846945792e+18 5.300000000000000000e+01
1.760621569946996736e+18 5.500000000000000000e+01
1.760621570013583616e+18 5.500000000000000000e+01
1.760621570080102656e+18 5.500000000000000000e+01
1.760621570180064768e+18 5.500000000000000000e+01
1.760621570213611520e+18 5.500000000000000000e+01
1.760621570280240896e+18 5.500000000000000000e+01
1.760621570346964480e+18 5.500000000000000000e+01
1.760621570913448448e+18 -2.400000000000000000e+01
1.760621570980309760e+18 2.000000000000000000e+00
1.760621571180291584e+18 2.400000000000000000e+01
1.760621571513652480e+18 1.600000000000000000e+01
1.760621571646802688e+18 1.600000000000000000e+01
1.760621571713655808e+18 1.600000000000000000e+01
1.760621571780281856e+18 1.600000000000000000e+01
1.760621571846770688e+18 1.600000000000000000e+01
1.760621571913687808e+18 1.000000000000000000e+01
1.760621571980287744e+18 1.900000000000000000e+01
1.760621572046776832e+18 1.900000000000000000e+01
1.760621572113649664e+18 1.900000000000000000e+01
1.760621572246831616e+18 1.900000000000000000e+01
1.760621572313652736e+18 1.900000000000000000e+01
1.760621572447017728e+18 2.200000000000000000e+01
1.760621572513677568e+18 2.200000000000000000e+01
1.760621572580149760e+18 2.200000000000000000e+01
1.760621572647077888e+18 2.200000000000000000e+01
1.760621572713702656e+18 2.200000000000000000e+01
1.760621572780156672e+18 2.200000000000000000e+01
1.760621572847056640e+18 2.200000000000000000e+01
1.760621572913651712e+18 2.200000000000000000e+01
1.760621572980181760e+18 3.400000000000000000e+01
1.760621573113657600e+18 3.000000000000000000e+00
1.760621573247032576e+18 3.000000000000000000e+00
1.760621573313709824e+18 3.000000000000000000e+00
1.760621573380266752e+18 3.000000000000000000e+00
1.760621573980364544e+18 3.400000000000000000e+01
1.760621574046995712e+18 3.000000000000000000e+00
1.760621574113531648e+18 3.400000000000000000e+01
1.760621574213554688e+18 3.400000000000000000e+01
1.760621574380397824e+18 3.000000000000000000e+00
1.760621574513761792e+18 1.000000000000000000e+01
1.760621574580361728e+18 1.000000000000000000e+01
1.760621574646888704e+18 1.000000000000000000e+01
1.760621574713749760e+18 1.000000000000000000e+01
1.760621574780401664e+18 1.000000000000000000e+01
1.760621574913769728e+18 1.000000000000000000e+01
1.760621575547138816e+18 5.000000000000000000e+00
1.760621575580288768e+18 5.000000000000000000e+00
1.760621575713744640e+18 -5.000000000000000000e+00
1.760621575780309760e+18 5.000000000000000000e+00
1.760621575880225536e+18 5.000000000000000000e+00
1.760621575947078656e+18 5.000000000000000000e+00
1.760621576013705728e+18 6.000000000000000000e+00
1.760621576080225792e+18 6.000000000000000000e+00
1.760621576147122688e+18 6.000000000000000000e+00
1.760621576213692672e+18 6.000000000000000000e+00
1.760621576413724672e+18 6.000000000000000000e+00
1.760621576480357632e+18 8.000000000000000000e+00
1.760621576547090688e+18 -2.100000000000000000e+01
1.760621576613582592e+18 -2.100000000000000000e+01
1.760621576680454656e+18 -2.100000000000000000e+01
1.760621576813578496e+18 -2.100000000000000000e+01
1.760621576880451584e+18 -2.100000000000000000e+01
1.760621576947080704e+18 -2.100000000000000000e+01
1.760621577080447744e+18 3.100000000000000000e+01
1.760621577147112704e+18 3.100000000000000000e+01
1.760621577213578752e+18 3.100000000000000000e+01
1.760621577347063808e+18 3.100000000000000000e+01
1.760621577413613824e+18 3.100000000000000000e+01
1.760621577547003648e+18 3.000000000000000000e+01
1.760621577613816832e+18 3.000000000000000000e+01
1.760621577680460800e+18 3.000000000000000000e+01
1.760621577746985728e+18 3.000000000000000000e+01
1.760621577813816832e+18 3.000000000000000000e+01
1.760621577880473600e+18 3.000000000000000000e+01
1.760621577946978560e+18 3.000000000000000000e+01
1.760621578080440832e+18 1.900000000000000000e+01
1.760621578213831680e+18 1.900000000000000000e+01
1.760621578280488704e+18 1.900000000000000000e+01
1.760621578346988800e+18 1.900000000000000000e+01
1.760621578413804800e+18 1.900000000000000000e+01
1.760621578547081728e+18 8.000000000000000000e+00
1.760621578613854720e+18 8.000000000000000000e+00
1.760621578680442624e+18 8.000000000000000000e+00
1.760621578813822720e+18 8.000000000000000000e+00
1.760621578880347648e+18 8.000000000000000000e+00
1.760621579580453632e+18 -2.100000000000000000e+01
1.760621579613699584e+18 -2.100000000000000000e+01
1.760621579680415744e+18 -2.100000000000000000e+01
1.760621579813678848e+18 -2.100000000000000000e+01
1.760621580080583680e+18 2.500000000000000000e+01
1.760621580247192576e+18 2.500000000000000000e+01
1.760621580280579584e+18 2.500000000000000000e+01
1.760621580347191552e+18 2.500000000000000000e+01
1.760621580413693696e+18 2.500000000000000000e+01
1.760621580480540672e+18 2.500000000000000000e+01
1.760621580580579840e+18 3.000000000000000000e+01
1.760621580613827584e+18 3.000000000000000000e+01
1.760621580680561664e+18 3.000000000000000000e+01
1.760621580747073536e+18 3.000000000000000000e+01
1.760621580813930752e+18 3.000000000000000000e+01
1.760621580913911552e+18 3.000000000000000000e+01
1.760621580947116544e+18 3.000000000000000000e+01
1.760621581013921792e+18 3.000000000000000000e+01
1.760621581080534784e+18 -2.100000000000000000e+01
1.760621581147044608e+18 -2.100000000000000000e+01
1.760621581247024896e+18 -2.100000000000000000e+01
1.760621581380519680e+18 -2.100000000000000000e+01
1.760621581447067648e+18 -2.100000000000000000e+01
1.760621581513892608e+18 -2.100000000000000000e+01
1.760621581647133696e+18 8.000000000000000000e+00
1.760621581713912832e+18 8.000000000000000000e+00
1.760621581780379648e+18 8.000000000000000000e+00
1.760621581847258624e+18 8.000000000000000000e+00
1.760621581913880576e+18 8.000000000000000000e+00
1.760621581980384512e+18 8.000000000000000000e+00
1.760621582313884672e+18 1.100000000000000000e+01
1.760621582380381696e+18 1.100000000000000000e+01
1.760621582447249664e+18 1.100000000000000000e+01
1.760621582513867520e+18 1.100000000000000000e+01
1.760621582647241472e+18 1.600000000000000000e+01
1.760621582713732608e+18 1.600000000000000000e+01
1.760621582780449536e+18 1.600000000000000000e+01
1.760621582847241728e+18 1.600000000000000000e+01
1.760621582913736704e+18 1.600000000000000000e+01
1.760621582980650752e+18 1.600000000000000000e+01
1.760621583047278592e+18 1.600000000000000000e+01
1.760621583180636672e+18 1.800000000000000000e+01
1.760621583247275520e+18 1.800000000000000000e+01
1.760621583313747712e+18 1.800000000000000000e+01
1.760621583380603904e+18 1.800000000000000000e+01
1.760621583447230464e+18 1.800000000000000000e+01
1.760621583513724672e+18 1.800000000000000000e+01
1.760621583580657664e+18 1.800000000000000000e+01
1.760621583647273728e+18 -5.000000000000000000e+00
1.760621583780604672e+18 5.000000000000000000e+00
1.760621583847157760e+18 -5.000000000000000000e+00
1.760621583913973504e+18 5.000000000000000000e+00
1.760621583980637696e+18 5.000000000000000000e+00
1.760621584047096832e+18 5.000000000000000000e+00
1.760621585713971712e+18 2.000000000000000000e+00
1.760621586047339776e+18 2.000000000000000000e+00
1.760621586180708608e+18 9.000000000000000000e+00
1.760621586380728832e+18 9.000000000000000000e+00
1.760621586513841664e+18 9.000000000000000000e+00
1.760621586713825792e+18 1.800000000000000000e+01
1.760621586847383808e+18 1.800000000000000000e+01
1.760621587014043648e+18 1.800000000000000000e+01
1.760621587080667648e+18 1.800000000000000000e+01
1.760621587147193600e+18 1.800000000000000000e+01
1.760621587214040832e+18 1.500000000000000000e+01
1.760621587347159552e+18 1.500000000000000000e+01
1.760621587414045696e+18 1.500000000000000000e+01
1.760621587480671744e+18 1.500000000000000000e+01
1.760621587547174656e+18 1.500000000000000000e+01
1.760621587680677632e+18 7.500000000000000000e+01
1.760621588747489792e+18 6.000000000000000000e+00
1.760621588814030592e+18 6.000000000000000000e+00
1.760621588880579584e+18 6.000000000000000000e+00
1.760621588947391744e+18 6.000000000000000000e+00
1.760621589213869568e+18 2.000000000000000000e+01
1.760621589347439872e+18 2.000000000000000000e+01
1.760621589413924608e+18 2.000000000000000000e+01
1.760621589480800512e+18 2.000000000000000000e+01
1.760621589547393792e+18 2.000000000000000000e+01
1.760621589613895680e+18 2.000000000000000000e+01
1.760621589680758784e+18 2.000000000000000000e+01
1.760621589747410688e+18 2.200000000000000000e+01
1.760621589813903616e+18 2.200000000000000000e+01
1.760621589880802560e+18 2.200000000000000000e+01
1.760621589947405568e+18 2.200000000000000000e+01
1.760621590014052608e+18 2.200000000000000000e+01
1.760621590147324672e+18 2.200000000000000000e+01
1.760621590214117888e+18 2.800000000000000000e+01
1.760621590314168576e+18 1.600000000000000000e+01
1.760621590347267584e+18 1.600000000000000000e+01
1.760621590414162688e+18 1.600000000000000000e+01
1.760621590480783616e+18 1.600000000000000000e+01
1.760621590547268608e+18 1.600000000000000000e+01
1.760621590647286528e+18 1.600000000000000000e+01
1.760621590680783872e+18 1.600000000000000000e+01
1.760621590747287808e+18 1.000000000000000000e+01
1.760621590814158592e+18 1.000000000000000000e+01
1.760621590880766720e+18 1.000000000000000000e+01
1.760621590947282688e+18 1.000000000000000000e+01
1.760621591014114560e+18 1.000000000000000000e+01
1.760621591080640768e+18 1.000000000000000000e+01
1.760621591147526656e+18 1.000000000000000000e+01
1.760621591214143744e+18 1.000000000000000000e+01
1.760621591314148608e+18 8.000000000000000000e+00
1.760621591414142720e+18 8.000000000000000000e+00
1.760621591480635648e+18 8.000000000000000000e+00
1.760621591547518720e+18 8.000000000000000000e+00
1.760621591647503616e+18 8.000000000000000000e+00
1.760621591680655616e+18 8.000000000000000000e+00
1.760621591747513856e+18 2.000000000000000000e+01
1.760621591814172672e+18 2.000000000000000000e+01
1.760621591880657664e+18 2.000000000000000000e+01
1.760621591980602624e+18 2.000000000000000000e+01
1.760621592014147840e+18 2.000000000000000000e+01
1.760621592080785664e+18 2.000000000000000000e+01
1.760621592147550464e+18 2.000000000000000000e+01
1.760621592247482880e+18 2.000000000000000000e+01
1.760621592347505664e+18 2.000000000000000000e+01
1.760621592447459584e+18 2.000000000000000000e+01
1.760621592513966848e+18 2.000000000000000000e+01
1.760621592580832768e+18 2.000000000000000000e+01
1.760621592780840704e+18 1.100000000000000000e+01
1.760621592847487744e+18 1.100000000000000000e+01
1.760621592913970688e+18 1.100000000000000000e+01
1.760621592980835584e+18 1.100000000000000000e+01
1.760621593047503616e+18 1.100000000000000000e+01
1.760621593114082560e+18 1.100000000000000000e+01
1.760621593180822528e+18 1.100000000000000000e+01
1.760621593247331584e+18 1.100000000000000000e+01
1.760621593780796672e+18 7.200000000000000000e+01
1.760621594047362560e+18 2.000000000000000000e+00
1.760621594180698624e+18 2.000000000000000000e+00
1.760621594314249728e+18 1.300000000000000000e+01
1.760621594447735808e+18 1.300000000000000000e+01
1.760621594647582720e+18 1.300000000000000000e+01
1.760621594847599872e+18 5.000000000000000000e+00
1.760621594914212608e+18 5.000000000000000000e+00
1.760621595047562496e+18 5.000000000000000000e+00
1.760621595114199552e+18 5.000000000000000000e+00
1.760621595247549696e+18 5.000000000000000000e+00
1.760621595314086656e+18 2.000000000000000000e+00
1.760621595380941568e+18 2.000000000000000000e+00
1.760621595447566848e+18 2.000000000000000000e+00
1.760621595514061568e+18 2.000000000000000000e+00
1.760621595580943616e+18 2.000000000000000000e+00
1.760621595680954624e+18 2.000000000000000000e+00
1.760621595714087680e+18 2.000000000000000000e+00
1.760621595780917760e+18 2.000000000000000000e+00
1.760621596247441664e+18 2.000000000000000000e+00
1.760621596347453696e+18 1.000000000000000000e+01
1.760621596380943872e+18 1.000000000000000000e+01
1.760621596447440640e+18 1.000000000000000000e+01
1.760621596514297600e+18 1.000000000000000000e+01
1.760621596580929792e+18 1.000000000000000000e+01
1.760621596680920576e+18 1.000000000000000000e+01
1.760621596780939520e+18 1.000000000000000000e+01
1.760621596847468544e+18 2.000000000000000000e+01
1.760621596914300672e+18 2.000000000000000000e+01
1.760621597014281728e+18 2.000000000000000000e+01
1.760621597047435776e+18 2.000000000000000000e+01
1.760621597114375680e+18 2.000000000000000000e+01
1.760621597180922624e+18 2.000000000000000000e+01
1.760621597247659776e+18 2.000000000000000000e+01
1.760621597347543808e+18 3.500000000000000000e+01
1.760621597480788736e+18 3.500000000000000000e+01
1.760621597547652608e+18 3.500000000000000000e+01
1.760621597614271744e+18 3.500000000000000000e+01
1.760621597680769792e+18 3.500000000000000000e+01
1.760621597747649792e+18 3.500000000000000000e+01
1.760621597814285824e+18 3.500000000000000000e+01
1.760621597880766720e+18 5.000000000000000000e+00
1.760621597947642624e+18 4.500000000000000000e+01
1.760621598080786688e+18 4.500000000000000000e+01
1.760621598547606784e+18 3.600000000000000000e+01
1.760621598614212864e+18 3.600000000000000000e+01
1.760621598680991744e+18 3.400000000000000000e+01
1.760621598747617792e+18 3.600000000000000000e+01
1.760621598947643648e+18 3.600000000000000000e+01
1.760621599147628800e+18 3.600000000000000000e+01
1.760621599281059840e+18 3.600000000000000000e+01
1.760621599414288640e+18 3.600000000000000000e+01
1.760621599481018880e+18 3.600000000000000000e+01
1.760621599547483648e+18 3.600000000000000000e+01
1.760621599614385664e+18 3.600000000000000000e+01
1.760621599747528704e+18 3.600000000000000000e+01
1.760621599814361600e+18 3.600000000000000000e+01
1.760621599881026816e+18 3.800000000000000000e+01
1.760621599947537664e+18 3.800000000000000000e+01
1.760621600014400768e+18 3.800000000000000000e+01
1.760621600080952576e+18 3.800000000000000000e+01
1.760621600147524608e+18 3.800000000000000000e+01
1.760621600214388736e+18 3.800000000000000000e+01
1.760621600280983808e+18 3.800000000000000000e+01
1.760621600347514624e+18 3.800000000000000000e+01
1.760621600414354688e+18 3.900000000000000000e+01
1.760621600480856576e+18 3.900000000000000000e+01
1.760621600614370560e+18 3.900000000000000000e+01
1.760621600680847616e+18 3.900000000000000000e+01
1.760621600747773696e+18 3.900000000000000000e+01
1.760621600814357760e+18 3.900000000000000000e+01
1.760621600880865536e+18 3.900000000000000000e+01
1.760621600947714560e+18 3.700000000000000000e+01
1.760621601080863744e+18 3.700000000000000000e+01
1.760621601147737856e+18 3.700000000000000000e+01
1.760621601214356736e+18 3.700000000000000000e+01
1.760621601347720704e+18 3.700000000000000000e+01
1.760621601480990720e+18 -3.100000000000000000e+01
1.760621601547751680e+18 -3.100000000000000000e+01
1.760621601781092608e+18 3.100000000000000000e+01
1.760621601914233600e+18 3.500000000000000000e+01
1.760621602047720704e+18 3.500000000000000000e+01
1.760621602114225664e+18 3.500000000000000000e+01
1.760621602181100544e+18 3.500000000000000000e+01
1.760621602247711744e+18 3.500000000000000000e+01
1.760621602314213632e+18 3.500000000000000000e+01
1.760621602381078784e+18 3.500000000000000000e+01
1.760621602581073664e+18 6.600000000000000000e+01
1.760621602647550464e+18 4.600000000000000000e+01
1.760621602781067520e+18 4.600000000000000000e+01
1.760621602847579648e+18 6.600000000000000000e+01
1.760621602914440704e+18 5.600000000000000000e+01
1.760621603181062656e+18 5.700000000000000000e+01
1.760621603514438656e+18 6.900000000000000000e+01
1.760621603580943616e+18 5.900000000000000000e+01
1.760621603714427648e+18 6.900000000000000000e+01
1.760621603780927744e+18 5.900000000000000000e+01
1.760621603847802624e+18 6.900000000000000000e+01
1.760621603914421760e+18 5.900000000000000000e+01
1.760621603980920832e+18 7.600000000000000000e+01
1.760621604047829504e+18 7.600000000000000000e+01
1.760621604114416640e+18 7.600000000000000000e+01
1.760621604180917760e+18 7.600000000000000000e+01
1.760621604247824640e+18 7.600000000000000000e+01
1.760621604380968448e+18 7.600000000000000000e+01
1.760621604981232640e+18 7.900000000000000000e+01
1.760621605047781632e+18 -7.900000000000000000e+01
1.760621605114297600e+18 7.900000000000000000e+01
1.760621605181194752e+18 -7.900000000000000000e+01
1.760621605247814656e+18 -7.900000000000000000e+01
1.760621605314344704e+18 7.900000000000000000e+01
1.760621605381203712e+18 7.900000000000000000e+01
1.760621605447768576e+18 7.900000000000000000e+01
1.760621605514309632e+18 8.500000000000000000e+01
1.760621605581106688e+18 8.500000000000000000e+01
1.760621605647821568e+18 8.500000000000000000e+01
1.760621605714522624e+18 8.500000000000000000e+01
1.760621605781188608e+18 8.500000000000000000e+01
1.760621605914519808e+18 8.500000000000000000e+01
1.760621606047641856e+18 8.500000000000000000e+01
1.760621606114508544e+18 8.500000000000000000e+01
1.760621606181161728e+18 8.500000000000000000e+01
1.760621606247650560e+18 8.500000000000000000e+01
1.760621606314552832e+18 8.500000000000000000e+01
1.760621606481150720e+18 8.500000000000000000e+01
1.760621606614539520e+18 1.100000000000000000e+01
1.760621606681002496e+18 1.100000000000000000e+01
1.760621606814523648e+18 1.100000000000000000e+01
1.760621606881001728e+18 1.100000000000000000e+01
1.760621606947903744e+18 1.100000000000000000e+01
1.760621607081034752e+18 8.800000000000000000e+01
1.760621607147886848e+18 8.800000000000000000e+01
1.760621607214515712e+18 8.800000000000000000e+01
1.760621607281012736e+18 8.800000000000000000e+01
1.760621607347893760e+18 8.800000000000000000e+01
1.760621607414527744e+18 8.800000000000000000e+01
1.760621607481023744e+18 8.800000000000000000e+01
1.760621607547870720e+18 8.900000000000000000e+01
1.760621607614505728e+18 8.900000000000000000e+01
1.760621607681129728e+18 8.900000000000000000e+01
1.760621607747902720e+18 8.900000000000000000e+01
1.760621607814375680e+18 8.900000000000000000e+01
1.760621607881233664e+18 8.900000000000000000e+01
1.760621607947856640e+18 8.900000000000000000e+01
1.760621608014348800e+18 8.900000000000000000e+01
1.760621608081228800e+18 9.900000000000000000e+01
1.760621608147858688e+18 9.900000000000000000e+01
1.760621608214366720e+18 9.900000000000000000e+01
1.760621608281237504e+18 9.900000000000000000e+01
1.760621608347859712e+18 9.900000000000000000e+01
1.760621608414351616e+18 9.900000000000000000e+01
1.760621608481258752e+18 9.900000000000000000e+01
1.760621608547858688e+18 9.900000000000000000e+01
1.760621608614368768e+18 9.900000000000000000e+01
1.760621608681222656e+18 9.900000000000000000e+01
1.760621608947716608e+18 9.900000000000000000e+01
1.760621609014631680e+18 9.900000000000000000e+01
1.760621609147716864e+18 1.000000000000000000e+01
1.760621609214586624e+18 1.000000000000000000e+01
1.760621609281216512e+18 1.000000000000000000e+01
1.760621609347714560e+18 1.000000000000000000e+01
1.760621609414594560e+18 1.000000000000000000e+01
1.760621609547710720e+18 1.000000000000000000e+01
1.760621609614630656e+18 9.900000000000000000e+01
1.760621609681204736e+18 9.900000000000000000e+01
1.760621609747829760e+18 9.900000000000000000e+01
1.760621609814579712e+18 9.900000000000000000e+01
1.760621609881066752e+18 9.900000000000000000e+01
1.760621609947972864e+18 9.900000000000000000e+01
1.760621610014572544e+18 9.900000000000000000e+01
1.760621610081033728e+18 9.900000000000000000e+01
1.760621610147959808e+18 8.800000000000000000e+01
1.760621610214579456e+18 8.800000000000000000e+01
1.760621610281069824e+18 8.800000000000000000e+01
1.760621610347989760e+18 8.800000000000000000e+01
1.760621610414629632e+18 8.800000000000000000e+01
1.760621610481091840e+18 8.800000000000000000e+01
1.760621610547968512e+18 8.800000000000000000e+01
1.760621610681102848e+18 9.700000000000000000e+01
1.760621610747961856e+18 9.000000000000000000e+00
1.760621612214685696e+18 9.800000000000000000e+01
1.760621612281334528e+18 9.800000000000000000e+01
1.760621612347823616e+18 9.800000000000000000e+01
1.760621612447819776e+18 9.800000000000000000e+01
1.760621612481336576e+18 9.800000000000000000e+01
1.760621612547824640e+18 9.800000000000000000e+01
1.760621612681315584e+18 9.800000000000000000e+01
1.760621612814698752e+18 1.000000000000000000e+01
1.760621612881306624e+18 1.000000000000000000e+01
1.760621612947970560e+18 1.000000000000000000e+01
1.760621613014674688e+18 1.000000000000000000e+01
1.760621613181164800e+18 1.000000000000000000e+01
1.760621613248006656e+18 1.000000000000000000e+01
1.760621613314649600e+18 1.000000000000000000e+01
1.760621613381197568e+18 1.000000000000000000e+01
1.760621613581179648e+18 1.000000000000000000e+01
1.760621613648033536e+18 1.000000000000000000e+01
1.760621613714655744e+18 1.000000000000000000e+01
1.760621614048047872e+18 9.000000000000000000e+00
1.760621614847981568e+18 1.000000000000000000e+01
1.760621614914509824e+18 1.000000000000000000e+01
1.760621614981392640e+18 1.000000000000000000e+01
1.760621615047882752e+18 1.000000000000000000e+01
1.760621615114749696e+18 1.000000000000000000e+01
1.760621615181412608e+18 1.000000000000000000e+01
1.760621615247896576e+18 1.000000000000000000e+01
1.760621615314752512e+18 1.000000000000000000e+01
1.760621615381367808e+18 1.000000000000000000e+01
1.760621615514738688e+18 1.000000000000000000e+01
1.760621615581362688e+18 1.000000000000000000e+01
1.760621615647871744e+18 1.000000000000000000e+01
1.760621615781380608e+18 1.000000000000000000e+01
1.760621615847858688e+18 1.000000000000000000e+01
1.760621615914773760e+18 1.000000000000000000e+01
1.760621615981407744e+18 1.000000000000000000e+01
1.760621616047980800e+18 1.000000000000000000e+01
1.760621616114789632e+18 1.000000000000000000e+01
1.760621616181264640e+18 1.000000000000000000e+01
1.760621616248119552e+18 1.000000000000000000e+01
1.760621616381244672e+18 8.900000000000000000e+01
1.760621616448104704e+18 8.900000000000000000e+01
1.760621616514736640e+18 8.900000000000000000e+01
1.760621616581259776e+18 8.900000000000000000e+01
1.760621616648138752e+18 8.900000000000000000e+01
1.760621616714737664e+18 8.900000000000000000e+01
1.760621616781213696e+18 8.900000000000000000e+01
1.760621616848115712e+18 9.900000000000000000e+01
1.760621616914737664e+18 9.900000000000000000e+01
1.760621616981240832e+18 9.900000000000000000e+01
1.760621617048094720e+18 9.900000000000000000e+01
1.760621617114603776e+18 9.900000000000000000e+01
1.760621617181478656e+18 9.900000000000000000e+01
1.760621617248099584e+18 9.900000000000000000e+01
1.760621617314611712e+18 9.900000000000000000e+01
1.760621617448098560e+18 1.000000000000000000e+01
1.760621617514564864e+18 1.000000000000000000e+01
1.760621617581463552e+18 1.000000000000000000e+01
1.760621617648113664e+18 1.000000000000000000e+01
1.760621617714617856e+18 1.000000000000000000e+01
1.760621617914616576e+18 1.000000000000000000e+01
1.760621617981514752e+18 1.000000000000000000e+01
1.760621618048148736e+18 1.000000000000000000e+01
1.760621618114729728e+18 1.000000000000000000e+01
1.760621618181471488e+18 1.000000000000000000e+01
1.760621618314906624e+18 1.000000000000000000e+01
1.760621618381476608e+18 1.000000000000000000e+01
1.760621618481462784e+18 1.000000000000000000e+01
1.760621618814843648e+18 1.000000000000000000e+01
1.760621618881492736e+18 1.000000000000000000e+01
1.760621618947975680e+18 1.000000000000000000e+01
1.760621619014859776e+18 1.000000000000000000e+01
1.760621619081443840e+18 1.000000000000000000e+01
1.760621619148044544e+18 1.000000000000000000e+01
1.760621619214866688e+18 1.000000000000000000e+01
1.760621619414809600e+18 1.000000000000000000e+01
1.760621619481307648e+18 1.000000000000000000e+01
1.760621619614803712e+18 1.000000000000000000e+01
1.760621619681297664e+18 1.000000000000000000e+01
1.760621619748203776e+18 1.000000000000000000e+01
1.760621619881291520e+18 1.000000000000000000e+01
1.760621619948182528e+18 1.000000000000000000e+01
1.760621620014802688e+18 1.000000000000000000e+01
1.760621620081275648e+18 1.000000000000000000e+01
1.760621620148173568e+18 1.000000000000000000e+01
1.760621620214669824e+18 1.000000000000000000e+01
1.760621620281414656e+18 1.000000000000000000e+01
1.760621620348169472e+18 1.000000000000000000e+01
1.760621620414749696e+18 1.000000000000000000e+01
1.760621620614667776e+18 1.000000000000000000e+01
1.760621620681538560e+18 1.000000000000000000e+01
1.760621620748169728e+18 1.000000000000000000e+01
1.760621620814657792e+18 1.000000000000000000e+01
1.760621620948206592e+18 1.000000000000000000e+01
1.760621621014659584e+18 9.000000000000000000e+01
1.760621621081526784e+18 9.600000000000000000e+01
1.760621621148157696e+18 9.600000000000000000e+01
1.760621621214783744e+18 9.600000000000000000e+01
1.760621621281581568e+18 9.600000000000000000e+01
1.760621621414906624e+18 9.600000000000000000e+01
1.760621621481568512e+18 9.600000000000000000e+01
1.760621621548052736e+18 9.600000000000000000e+01
1.760621621614963712e+18 9.600000000000000000e+01
1.760621621681584640e+18 9.600000000000000000e+01
1.760621621748083712e+18 9.600000000000000000e+01
1.760621621814991616e+18 9.600000000000000000e+01
1.760621621881553664e+18 9.600000000000000000e+01
1.760621621948065792e+18 9.600000000000000000e+01
1.760621622014894848e+18 9.600000000000000000e+01
1.760621622081523712e+18 1.000000000000000000e+01
1.760621622148032768e+18 1.000000000000000000e+01
1.760621622214870784e+18 1.000000000000000000e+01
1.760621622281405696e+18 1.000000000000000000e+01
1.760621622348159744e+18 1.000000000000000000e+01
1.760621622414906624e+18 1.000000000000000000e+01
1.760621622481393664e+18 1.000000000000000000e+01
1.760621622614889728e+18 9.900000000000000000e+01
1.760621622681388544e+18 9.900000000000000000e+01
1.760621622748295680e+18 9.900000000000000000e+01
1.760621622814897664e+18 9.900000000000000000e+01
1.760621622881390592e+18 9.900000000000000000e+01
1.760621623014923520e+18 9.900000000000000000e+01
1.760621623081386496e+18 9.900000000000000000e+01
1.760621623181413632e+18 9.800000000000000000e+01
1.760621623214916608e+18 9.800000000000000000e+01
1.760621623281527808e+18 9.800000000000000000e+01
1.760621623348271616e+18 9.800000000000000000e+01
1.760621623414781696e+18 9.800000000000000000e+01
1.760621623481661696e+18 9.800000000000000000e+01
1.760621623548280832e+18 9.800000000000000000e+01
1.760621623614777600e+18 9.900000000000000000e+01
1.760621623681639680e+18 9.900000000000000000e+01
1.760621623748246784e+18 9.900000000000000000e+01
1.760621623848270592e+18 9.900000000000000000e+01
1.760621623881629696e+18 9.900000000000000000e+01
1.760621623948289536e+18 9.900000000000000000e+01
1.760621624014780672e+18 9.900000000000000000e+01
1.760621624081628672e+18 9.900000000000000000e+01
1.760621624181599744e+18 1.000000000000000000e+01
1.760621624214770688e+18 1.000000000000000000e+01
1.760621624414876672e+18 1.000000000000000000e+01
1.760621624514999552e+18 1.000000000000000000e+01
1.760621624548137728e+18 1.000000000000000000e+01
1.760621624615043584e+18 1.000000000000000000e+01
1.760621624748146688e+18 1.000000000000000000e+01
1.760621624981616640e+18 1.000000000000000000e+01
1.760621625048099840e+18 1.000000000000000000e+01
1.760621625315007744e+18 1.000000000000000000e+01
1.760621625448227584e+18 1.000000000000000000e+01
1.760621625514960640e+18 1.000000000000000000e+01
1.760621625581474816e+18 1.000000000000000000e+01
1.760621625648369664e+18 1.000000000000000000e+01
1.760621625714961664e+18 9.400000000000000000e+01
1.760621625781465856e+18 9.400000000000000000e+01
1.760621625914958592e+18 9.400000000000000000e+01
1.760621626114955776e+18 9.600000000000000000e+01
1.760621626248387584e+18 9.800000000000000000e+01
1.760621626314950656e+18 9.800000000000000000e+01
1.760621626381456640e+18 9.800000000000000000e+01
1.760621626448336640e+18 9.800000000000000000e+01
1.760621626514821888e+18 9.800000000000000000e+01
1.760621626581742848e+18 9.800000000000000000e+01
1.760621626648317696e+18 9.800000000000000000e+01
1.760621626714818816e+18 9.800000000000000000e+01
1.760621628515083776e+18 -7.100000000000000000e+01
1.760621628581557760e+18 7.100000000000000000e+01
1.760621628781578752e+18 7.100000000000000000e+01
1.760621629448445696e+18 7.000000000000000000e+01
1.760621629515069696e+18 7.000000000000000000e+01
1.760621629581678592e+18 7.000000000000000000e+01
1.760621629648507648e+18 7.000000000000000000e+01
1.760621629714951680e+18 7.000000000000000000e+01
1.760621629881760512e+18 7.800000000000000000e+01
1.760621629914929664e+18 7.800000000000000000e+01
1.760621629981807616e+18 7.800000000000000000e+01
1.760621630048465664e+18 7.800000000000000000e+01
1.760621630114942720e+18 7.800000000000000000e+01
1.760621630281759744e+18 7.800000000000000000e+01
1.760621630348394752e+18 1.500000000000000000e+01
1.760621630414893568e+18 1.500000000000000000e+01
1.760621630481743616e+18 1.500000000000000000e+01
1.760621630548382720e+18 1.500000000000000000e+01
1.760621630615020800e+18 1.500000000000000000e+01
1.760621630681742592e+18 1.500000000000000000e+01
1.760621630748258560e+18 1.500000000000000000e+01
1.760621630815130624e+18 1.900000000000000000e+01
1.760621631415130624e+18 7.200000000000000000e+01
1.760621631548244736e+18 7.200000000000000000e+01
1.760621631615127552e+18 7.200000000000000000e+01
1.760621631748532736e+18 7.200000000000000000e+01
1.760621631881654784e+18 6.000000000000000000e+01
1.760621631948516608e+18 5.000000000000000000e+01
1.760621632015115776e+18 6.000000000000000000e+01
1.760621632081664512e+18 6.000000000000000000e+01
1.760621632148526592e+18 5.000000000000000000e+01
1.760621632215110656e+18 5.000000000000000000e+01
1.760621632415111680e+18 5.800000000000000000e+01
1.760621632481685760e+18 5.800000000000000000e+01
1.760621632548482560e+18 5.800000000000000000e+01
1.760621632615121664e+18 5.800000000000000000e+01
1.760621632681729792e+18 5.800000000000000000e+01
1.760621632748526592e+18 5.800000000000000000e+01
1.760621632881864704e+18 5.800000000000000000e+01
1.760621632948478720e+18 5.800000000000000000e+01
1.760621633014991872e+18 5.800000000000000000e+01
1.760621633081906688e+18 5.800000000000000000e+01
1.760621633148499712e+18 5.800000000000000000e+01
1.760621633214980608e+18 5.800000000000000000e+01
1.760621633281873664e+18 5.800000000000000000e+01
1.760621633348507648e+18 5.800000000000000000e+01
1.760621633415004672e+18 5.100000000000000000e+01
1.760621633481854720e+18 5.100000000000000000e+01
1.760621633581873664e+18 -5.100000000000000000e+01
1.760621633614988544e+18 -5.100000000000000000e+01
1.760621633681854720e+18 -5.100000000000000000e+01
1.760621633748354560e+18 -5.100000000000000000e+01
1.760621633815088640e+18 -5.100000000000000000e+01
1.760621633915248640e+18 3.300000000000000000e+01
1.760621633948410624e+18 3.300000000000000000e+01
1.760621634015255808e+18 3.300000000000000000e+01
1.760621634081860864e+18 3.300000000000000000e+01
1.760621634148396800e+18 3.300000000000000000e+01
1.760621634248383744e+18 3.300000000000000000e+01
1.760621634281824512e+18 3.300000000000000000e+01
1.760621634348363520e+18 3.300000000000000000e+01
1.760621634415241728e+18 1.900000000000000000e+01
1.760621634481869824e+18 1.900000000000000000e+01
1.760621634581853696e+18 1.900000000000000000e+01
1.760621634615239680e+18 1.900000000000000000e+01
1.760621634681864704e+18 1.900000000000000000e+01
1.760621634748487680e+18 1.900000000000000000e+01
1.760621635081716736e+18 1.100000000000000000e+01
1.760621635915057664e+18 3.000000000000000000e+00
1.760621635981927680e+18 3.000000000000000000e+00
1.760621636048554752e+18 3.000000000000000000e+00
1.760621636115063552e+18 3.000000000000000000e+00
1.760621636181952768e+18 3.000000000000000000e+00
1.760621636248574720e+18 3.000000000000000000e+00
1.760621636315056640e+18 3.000000000000000000e+00
1.760621636381929728e+18 3.000000000000000000e+00
1.760621636448541696e+18 2.200000000000000000e+01
1.760621636581927680e+18 2.200000000000000000e+01
1.760621636648550656e+18 2.200000000000000000e+01
1.760621636715050752e+18 2.200000000000000000e+01
1.760621636781915648e+18 2.200000000000000000e+01
1.760621636848546816e+18 2.200000000000000000e+01
1.760621636915165696e+18 2.000000000000000000e+01
1.760621636981917696e+18 4.000000000000000000e+01
1.760621637181912576e+18 6.000000000000000000e+01
1.760621637248398848e+18 4.000000000000000000e+01
1.760621637448457728e+18 6.200000000000000000e+01
1.760621637515284736e+18 6.200000000000000000e+01
1.760621637581960704e+18 6.200000000000000000e+01
1.760621637715297792e+18 6.200000000000000000e+01
1.760621637781954816e+18 6.200000000000000000e+01
1.760621637848456704e+18 6.200000000000000000e+01
1.760621637916216576e+18 6.200000000000000000e+01
1.760621638048687616e+18 6.000000000000000000e+01
1.760621638115344640e+18 6.000000000000000000e+01
1.760621638248669696e+18 6.000000000000000000e+01
1.760621638381799680e+18 6.000000000000000000e+01
1.760621638448654592e+18 3.000000000000000000e+01
1.760621638515333632e+18 3.600000000000000000e+01
1.760621638581769728e+18 3.600000000000000000e+01
1.760621638648656640e+18 3.600000000000000000e+01
1.760621638715261696e+18 3.600000000000000000e+01
1.760621638781778688e+18 3.600000000000000000e+01
1.760621638848646656e+18 3.600000000000000000e+01
1.760621638915258624e+18 3.600000000000000000e+01
1.760621638981939712e+18 3.200000000000000000e+01
1.760621639048686848e+18 3.200000000000000000e+01
1.760621639115166720e+18 3.200000000000000000e+01
1.760621639182019584e+18 3.200000000000000000e+01
1.760621639315133696e+18 3.200000000000000000e+01
1.760621639382023680e+18 3.200000000000000000e+01
1.760621639448649728e+18 3.200000000000000000e+01
1.760621639515135744e+18 2.400000000000000000e+01
1.760621639715140608e+18 2.400000000000000000e+01
1.760621639782033664e+18 2.400000000000000000e+01
1.760621639815149824e+18 2.400000000000000000e+01
1.760621639948645632e+18 2.400000000000000000e+01
1.760621640515375616e+18 3.000000000000000000e+01
1.760621640615405824e+18 3.000000000000000000e+01
1.760621640648548608e+18 3.000000000000000000e+01
1.760621640715420672e+18 3.000000000000000000e+01
1.760621640782020608e+18 3.000000000000000000e+01
1.760621640848529664e+18 3.000000000000000000e+01
1.760621640948488704e+18 3.000000000000000000e+01
1.760621641548736512e+18 3.900000000000000000e+01
1.760621641681823744e+18 3.900000000000000000e+01
1.760621641748718848e+18 3.900000000000000000e+01
1.760621641815340800e+18 3.900000000000000000e+01
1.760621641881817600e+18 3.900000000000000000e+01
1.760621641948735744e+18 3.900000000000000000e+01
1.760621642282077696e+18 6.000000000000000000e+01
1.760621642348745472e+18 6.000000000000000000e+01
1.760621642548705536e+18 5.600000000000000000e+01
1.760621642615209472e+18 5.600000000000000000e+01
1.760621642682079744e+18 5.600000000000000000e+01
1.760621642748724736e+18 5.600000000000000000e+01
1.760621642815206656e+18 5.600000000000000000e+01
1.760621642882055680e+18 5.600000000000000000e+01
1.760621642948699648e+18 5.600000000000000000e+01
1.760621643015200512e+18 5.600000000000000000e+01
1.760621643082106624e+18 3.500000000000000000e+01
1.760621643148571648e+18 3.500000000000000000e+01
1.760621643215488768e+18 3.500000000000000000e+01
1.760621643282118912e+18 3.500000000000000000e+01
1.760621643348622848e+18 3.500000000000000000e+01
1.760621643415494656e+18 3.500000000000000000e+01
1.760621643482116608e+18 3.500000000000000000e+01
1.760621643615440640e+18 3.900000000000000000e+01
1.760621643682065664e+18 3.900000000000000000e+01
1.760621643748617728e+18 3.900000000000000000e+01
1.760621643815449600e+18 3.900000000000000000e+01
1.760621643882097664e+18 3.900000000000000000e+01
1.760621643948595712e+18 3.900000000000000000e+01
1.760621644015509504e+18 3.900000000000000000e+01
1.760621644082084608e+18 2.400000000000000000e+01
1.760621644148770560e+18 2.400000000000000000e+01
1.760621644415431680e+18 2.400000000000000000e+01
1.760621644481936640e+18 2.400000000000000000e+01
1.760621644648829696e+18 2.700000000000000000e+01
1.760621644748817664e+18 2.700000000000000000e+01
1.760621644981951744e+18 2.700000000000000000e+01
1.760621645081899520e+18 2.700000000000000000e+01
1.760621645148772608e+18 3.200000000000000000e+01
1.760621645215311872e+18 3.200000000000000000e+01
1.760621645315322624e+18 3.200000000000000000e+01
1.760621645348832512e+18 3.200000000000000000e+01
1.760621645415293696e+18 3.200000000000000000e+01
1.760621645482216704e+18 3.200000000000000000e+01
1.760621645548817664e+18 3.200000000000000000e+01
1.760621645648804608e+18 3.000000000000000000e+01
1.760621645748813568e+18 3.000000000000000000e+01
1.760621645882192640e+18 3.000000000000000000e+01
1.760621645982180608e+18 3.000000000000000000e+01
1.760621646015340544e+18 3.000000000000000000e+01
1.760621646082184704e+18 3.000000000000000000e+01
1.760621646148813824e+18 2.300000000000000000e+01
1.760621646315396864e+18 -2.300000000000000000e+01
1.760621646348677632e+18 -2.300000000000000000e+01
1.760621646415579904e+18 2.300000000000000000e+01
1.760621646482227456e+18 2.300000000000000000e+01
1.760621646548694528e+18 2.300000000000000000e+01
1.760621646648650752e+18 3.800000000000000000e+01
1.760621646715521536e+18 3.000000000000000000e+01
1.760621646782130688e+18 3.000000000000000000e+01
1.760621646815571712e+18 3.000000000000000000e+01
1.760621646915536640e+18 3.000000000000000000e+01
1.760621646982134528e+18 3.000000000000000000e+01
1.760621647048664576e+18 3.000000000000000000e+01
1.760621647115515648e+18 3.000000000000000000e+01
1.760621647182141696e+18 -2.700000000000000000e+01
1.760621647248778496e+18 2.700000000000000000e+01
1.760621647315523584e+18 2.700000000000000000e+01
1.760621647382058496e+18 -2.700000000000000000e+01
1.760621647448880640e+18 2.700000000000000000e+01
1.760621647648877568e+18 2.700000000000000000e+01
1.760621647715497728e+18 3.100000000000000000e+01
1.760621647782014720e+18 -3.100000000000000000e+01
1.760621647915500544e+18 3.100000000000000000e+01
1.760621647982000640e+18 3.100000000000000000e+01
1.760621648115535616e+18 3.100000000000000000e+01
1.760621648181996544e+18 3.400000000000000000e+01
1.760621648315475712e+18 2.600000000000000000e+01
1.760621648515370496e+18 -2.600000000000000000e+01
1.760621648582307584e+18 2.600000000000000000e+01
1.760621648648930816e+18 2.600000000000000000e+01
1.760621648715409664e+18 2.200000000000000000e+01
1.760621648782252800e+18 2.200000000000000000e+01
1.760621648848889600e+18 2.200000000000000000e+01
1.760621648915371776e+18 2.200000000000000000e+01
1.760621648982268672e+18 2.200000000000000000e+01
1.760621649048859648e+18 2.200000000000000000e+01
1.760621649115362560e+18 2.200000000000000000e+01
1.760621649248882688e+18 2.200000000000000000e+01
1.760621649315489792e+18 2.200000000000000000e+01
1.760621649382239488e+18 2.200000000000000000e+01
1.760621649448750848e+18 2.200000000000000000e+01
1.760621649515600640e+18 2.200000000000000000e+01
1.760621649582233600e+18 2.200000000000000000e+01
1.760621649715614720e+18 2.200000000000000000e+01
1.760621649782244608e+18 2.200000000000000000e+01
1.760621649848747776e+18 2.200000000000000000e+01
1.760621649915623680e+18 2.200000000000000000e+01
1.760621649982212864e+18 2.200000000000000000e+01
1.760621650048713728e+18 2.200000000000000000e+01
1.760621650115600640e+18 2.200000000000000000e+01
1.760621650182240768e+18 2.200000000000000000e+01
1.760621650248734720e+18 2.000000000000000000e+01
1.760621650315619584e+18 2.000000000000000000e+01
1.760621650382191616e+18 2.000000000000000000e+01
1.760621650448879616e+18 2.000000000000000000e+01
1.760621650582084608e+18 2.000000000000000000e+01
1.760621650648993792e+18 2.000000000000000000e+01
1.760621650715564800e+18 2.000000000000000000e+01
1.760621650782120704e+18 8.600000000000000000e+01
1.760621650849001728e+18 8.600000000000000000e+01
1.760621650915609600e+18 8.600000000000000000e+01
1.760621651015564800e+18 8.600000000000000000e+01
1.760621651048985600e+18 8.600000000000000000e+01
1.760621651115615488e+18 8.600000000000000000e+01
1.760621651182139648e+18 8.600000000000000000e+01
1.760621651348979712e+18 8.200000000000000000e+01
1.760621651382134784e+18 8.200000000000000000e+01
1.760621651449004544e+18 8.200000000000000000e+01
1.760621651515484672e+18 8.200000000000000000e+01
1.760621651582355712e+18 8.200000000000000000e+01
1.760621651682352896e+18 8.200000000000000000e+01
1.760621651715480576e+18 8.200000000000000000e+01
1.760621652482323712e+18 5.900000000000000000e+01
1.760621652615681536e+18 5.900000000000000000e+01
1.760621653348809728e+18 1.900000000000000000e+01
1.760621653415673856e+18 1.900000000000000000e+01
1.760621653482297600e+18 1.900000000000000000e+01
1.760621653548959744e+18 1.900000000000000000e+01
1.760621653615663872e+18 1.900000000000000000e+01
1.760621653749077760e+18 1.900000000000000000e+01
1.760621653815658496e+18 1.900000000000000000e+01
1.760621653949032704e+18 1.900000000000000000e+01
1.760621654082198528e+18 1.900000000000000000e+01
1.760621654215688704e+18 1.900000000000000000e+01
1.760621654282224640e+18 1.900000000000000000e+01
1.760621654349064704e+18 2.600000000000000000e+01
1.760621654415671552e+18 2.600000000000000000e+01
1.760621654482159616e+18 2.600000000000000000e+01
1.760621654549062656e+18 2.600000000000000000e+01
1.760621654615527680e+18 2.600000000000000000e+01
1.760621654682471680e+18 2.600000000000000000e+01
1.760621654749038592e+18 2.600000000000000000e+01
1.760621654815531776e+18 2.600000000000000000e+01
1.760621654882426624e+18 3.200000000000000000e+01
1.760621654949040640e+18 3.200000000000000000e+01
1.760621655082395904e+18 3.200000000000000000e+01
1.760621655149016576e+18 3.200000000000000000e+01
1.760621655215550720e+18 3.200000000000000000e+01
1.760621655282406656e+18 3.200000000000000000e+01
1.760621655349030656e+18 3.800000000000000000e+01
1.760621655415523840e+18 3.800000000000000000e+01
1.760621655482401536e+18 3.800000000000000000e+01
1.760621655549048576e+18 3.800000000000000000e+01
1.760621655748912640e+18 3.800000000000000000e+01
1.760621655882396672e+18 5.500000000000000000e+01
1.760621655948911616e+18 5.500000000000000000e+01
1.760621656015761664e+18 5.500000000000000000e+01
1.760621656082337536e+18 5.500000000000000000e+01
1.760621656148904448e+18 5.500000000000000000e+01
1.760621656282407680e+18 5.500000000000000000e+01
1.760621656382388480e+18 6.800000000000000000e+01
1.760621656415791872e+18 6.800000000000000000e+01
1.760621656482402560e+18 6.800000000000000000e+01
1.760621656548890624e+18 6.800000000000000000e+01
1.760621656615779584e+18 6.800000000000000000e+01
1.760621656749157632e+18 5.800000000000000000e+01
1.760621656815784704e+18 6.800000000000000000e+01
1.760621657549126656e+18 8.000000000000000000e+00
1.760621657982503680e+18 8.000000000000000000e+00
1.760621658115598592e+18 8.000000000000000000e+00
1.760621658449095680e+18 7.500000000000000000e+01
1.760621658715704576e+18 7.500000000000000000e+01
1.760621658848959744e+18 7.500000000000000000e+01
1.760621659648996608e+18 4.500000000000000000e+01
1.760621659982358784e+18 2.600000000000000000e+01
1.760621660049190656e+18 2.600000000000000000e+01
1.760621660115824640e+18 2.600000000000000000e+01
1.760621660182340608e+18 2.600000000000000000e+01
1.760621660249230592e+18 2.600000000000000000e+01
1.760621660315820800e+18 2.600000000000000000e+01
1.760621660382787584e+18 2.600000000000000000e+01
1.760621660449238784e+18 1.300000000000000000e+01
1.760621660515823616e+18 1.300000000000000000e+01
1.760621660582322688e+18 1.300000000000000000e+01
1.760621660649197568e+18 1.300000000000000000e+01
1.760621660715814656e+18 1.300000000000000000e+01
1.760621660782452480e+18 1.300000000000000000e+01
1.760621660915684608e+18 1.300000000000000000e+01
1.760621661449231616e+18 6.400000000000000000e+01
1.760621661515671808e+18 6.000000000000000000e+00
1.760621661749206784e+18 6.000000000000000000e+00
1.760621661782591488e+18 6.000000000000000000e+00
1.760621661982596608e+18 2.700000000000000000e+01
1.760621662115949568e+18 2.700000000000000000e+01
1.760621662182604800e+18 2.700000000000000000e+01
1.760621662249119744e+18 2.700000000000000000e+01
1.760621662315941632e+18 2.700000000000000000e+01
1.760621662415904768e+18 2.700000000000000000e+01
1.760621662449094656e+18 2.700000000000000000e+01
1.760621662515967488e+18 5.500000000000000000e+01
1.760621662749031680e+18 5.500000000000000000e+01
1.760621662782569728e+18 5.500000000000000000e+01
1.760621662849081856e+18 5.500000000000000000e+01
1.760621662949114624e+18 5.500000000000000000e+01
1.760621663015942656e+18 5.900000000000000000e+01
1.760621663082392576e+18 5.900000000000000000e+01
1.760621663149276672e+18 5.900000000000000000e+01
1.760621663215890688e+18 5.900000000000000000e+01
1.760621663282395648e+18 5.900000000000000000e+01
1.760621663349307648e+18 5.900000000000000000e+01
1.760621663415900672e+18 5.900000000000000000e+01
1.760621663482442496e+18 5.800000000000000000e+01
1.760621663615893504e+18 5.800000000000000000e+01
1.760621663682394624e+18 5.800000000000000000e+01
1.760621663749266688e+18 5.800000000000000000e+01
1.760621663815891712e+18 5.800000000000000000e+01
1.760621663882371584e+18 5.800000000000000000e+01
1.760621663949257728e+18 5.800000000000000000e+01
1.760621664015755776e+18 5.500000000000000000e+01
1.760621664082669824e+18 5.500000000000000000e+01
1.760621664149290496e+18 5.500000000000000000e+01
1.760621664215750656e+18 5.500000000000000000e+01
1.760621664282631680e+18 5.500000000000000000e+01
1.760621664349250816e+18 5.500000000000000000e+01
1.760621664415747584e+18 5.500000000000000000e+01
1.760621664482622720e+18 5.500000000000000000e+01
1.760621664549260544e+18 6.300000000000000000e+01
1.760621664615750912e+18 6.300000000000000000e+01
1.760621664682659584e+18 6.300000000000000000e+01
1.760621664749273856e+18 6.300000000000000000e+01
1.760621664815742720e+18 6.300000000000000000e+01
1.760621664882626816e+18 6.300000000000000000e+01
1.760621664949280768e+18 6.300000000000000000e+01
1.760621665082619648e+18 7.600000000000000000e+01
1.760621665149196544e+18 7.600000000000000000e+01
1.760621665216015616e+18 7.600000000000000000e+01
1.760621665282671616e+18 7.600000000000000000e+01
1.760621665349167616e+18 7.600000000000000000e+01
1.760621665415985664e+18 7.600000000000000000e+01
1.760621665483237632e+18 7.600000000000000000e+01
1.760621665549145600e+18 7.500000000000000000e+01
1.760621665682611712e+18 7.500000000000000000e+01
1.760621665816042752e+18 7.500000000000000000e+01
1.760621665882633728e+18 7.500000000000000000e+01
1.760621665949137664e+18 7.500000000000000000e+01
1.760621666082501632e+18 6.700000000000000000e+01
1.760621666149413632e+18 6.700000000000000000e+01
1.760621666215998720e+18 6.700000000000000000e+01
1.760621666282480640e+18 6.700000000000000000e+01
1.760621666349402624e+18 6.700000000000000000e+01
1.760621666415983616e+18 6.700000000000000000e+01
1.760621666482515456e+18 6.700000000000000000e+01
1.760621666549356800e+18 5.000000000000000000e+01
1.760621666615987712e+18 5.000000000000000000e+01
1.760621666682475520e+18 5.000000000000000000e+01
1.760621666782494720e+18 5.000000000000000000e+01
1.760621666816019712e+18 5.000000000000000000e+01
1.760621666882521600e+18 5.000000000000000000e+01
1.760621666949422592e+18 5.000000000000000000e+01
1.760621667015966720e+18 5.000000000000000000e+01
1.760621667149383680e+18 6.000000000000000000e+01
1.760621667215888640e+18 4.000000000000000000e+01
1.760621667349421824e+18 4.000000000000000000e+01
1.760621667615876608e+18 4.600000000000000000e+01
1.760621667782707712e+18 4.600000000000000000e+01
1.760621667882741760e+18 4.600000000000000000e+01
1.760621668015866880e+18 4.600000000000000000e+01
1.760621668115965696e+18 4.800000000000000000e+01
1.760621668149238528e+18 4.800000000000000000e+01
1.760621668216123648e+18 4.800000000000000000e+01
1.760621668282771712e+18 4.800000000000000000e+01
1.760621668349262592e+18 4.800000000000000000e+01
1.760621668449196544e+18 4.800000000000000000e+01
1.760621668582693632e+18 3.800000000000000000e+01
1.760621668649196544e+18 3.800000000000000000e+01
1.760621668716053760e+18 3.800000000000000000e+01
1.760621668782679808e+18 3.800000000000000000e+01
1.760621668849167616e+18 3.800000000000000000e+01
1.760621668982687744e+18 3.800000000000000000e+01
1.760621669049190656e+18 3.800000000000000000e+01
1.760621669116027648e+18 3.200000000000000000e+01
1.760621669182566656e+18 3.200000000000000000e+01
1.760621669249415680e+18 3.200000000000000000e+01
1.760621669316056832e+18 3.200000000000000000e+01
1.760621669382550784e+18 3.200000000000000000e+01
1.760621669516049664e+18 3.200000000000000000e+01
1.760621669582553600e+18 3.100000000000000000e+01
1.760621669716038656e+18 3.100000000000000000e+01
1.760621669849418752e+18 3.100000000000000000e+01
1.760621669916041728e+18 3.100000000000000000e+01
1.760621670049427712e+18 3.100000000000000000e+01
1.760621670315953664e+18 4.600000000000000000e+01
1.760621670382831616e+18 4.600000000000000000e+01
1.760621670449435648e+18 4.600000000000000000e+01
1.760621670515908608e+18 4.600000000000000000e+01
1.760621670649451776e+18 5.600000000000000000e+01
1.760621670715936768e+18 5.600000000000000000e+01
1.760621670782822656e+18 5.600000000000000000e+01
1.760621670849500672e+18 5.600000000000000000e+01
1.760621670915918592e+18 5.600000000000000000e+01
1.760621670982778880e+18 5.600000000000000000e+01
1.760621671115916800e+18 4.700000000000000000e+01
1.760621671249280768e+18 4.700000000000000000e+01
1.760621671316051712e+18 4.700000000000000000e+01
1.760621671382758656e+18 4.700000000000000000e+01
1.760621671449305856e+18 4.700000000000000000e+01
1.760621671582778624e+18 6.700000000000000000e+01
1.760621671649298688e+18 3.900000000000000000e+01
1.760621671716145664e+18 3.900000000000000000e+01
1.760621671849297664e+18 3.900000000000000000e+01
1.760621671916201472e+18 3.900000000000000000e+01
1.760621671982784768e+18 3.900000000000000000e+01
1.760621672049283840e+18 3.900000000000000000e+01
1.760621672116156672e+18 3.900000000000000000e+01
1.760621672182813696e+18 3.500000000000000000e+01
1.760621672249379584e+18 3.500000000000000000e+01
1.760621672316149760e+18 3.500000000000000000e+01
1.760621672382653696e+18 3.500000000000000000e+01
1.760621672482632704e+18 3.500000000000000000e+01
1.760621672516163584e+18 3.500000000000000000e+01
1.760621672582656512e+18 3.500000000000000000e+01
1.760621672816138752e+18 6.100000000000000000e+01
1.760621672849537536e+18 6.100000000000000000e+01
1.760621673116157696e+18 6.100000000000000000e+01
1.760621673182633728e+18 6.700000000000000000e+01
1.760621673316080640e+18 6.700000000000000000e+01
1.760621673382811904e+18 4.700000000000000000e+01
1.760621673482880512e+18 4.700000000000000000e+01
1.760621673516052736e+18 4.700000000000000000e+01
1.760621673582888704e+18 4.700000000000000000e+01
1.760621673716030720e+18 3.500000000000000000e+01
1.760621673815987712e+18 3.500000000000000000e+01
1.760621673849552640e+18 3.500000000000000000e+01
1.760621674015984896e+18 3.500000000000000000e+01
1.760621674082848768e+18 3.500000000000000000e+01
1.760621674149482752e+18 3.500000000000000000e+01
1.760621674216018688e+18 4.500000000000000000e+01
1.760621674416139520e+18 4.500000000000000000e+01
1.760621674482844672e+18 4.500000000000000000e+01
1.760621674882877696e+18 6.660000000000000000e+02
1.760621675016216832e+18 4.660000000000000000e+02
1.760621675082844672e+18 4.660000000000000000e+02
1.760621675216202752e+18 7.950000000000000000e+02
1.760621675282837504e+18 7.950000000000000000e+02
1.760621675349333760e+18 7.950000000000000000e+02
1.760621675416209664e+18 7.950000000000000000e+02
1.760621675549577728e+18 7.950000000000000000e+02
1.760621675616202496e+18 7.950000000000000000e+02
1.760621675682559744e+18 7.950000000000000000e+02
1.760621675882750720e+18 9.990000000000000000e+02
1.760621675949662720e+18 9.990000000000000000e+02
1.760621676016301568e+18 9.990000000000000000e+02
1.760621676149608704e+18 9.990000000000000000e+02
1.760621676216228608e+18 6.900000000000000000e+02
1.760621676416195584e+18 4.940000000000000000e+02
1.760621676682949888e+18 4.960000000000000000e+02
1.760621676816053504e+18 1.490000000000000000e+02
1.760621676949574656e+18 1.490000000000000000e+02
1.760621677016090624e+18 1.490000000000000000e+02
1.760621677082945536e+18 1.490000000000000000e+02
1.760621677149593600e+18 1.490000000000000000e+02
1.760621677216082688e+18 1.590000000000000000e+02
1.760621677349560832e+18 7.300000000000000000e+01
1.760621677416070656e+18 7.300000000000000000e+01
1.760621677482959872e+18 7.300000000000000000e+01
1.760621677682923776e+18 7.300000000000000000e+01
1.760621677749488640e+18 6.000000000000000000e+01
1.760621677849438720e+18 6.000000000000000000e+01
1.760621677882935808e+18 6.000000000000000000e+01
1.760621677949451776e+18 6.000000000000000000e+01
1.760621678016294656e+18 6.000000000000000000e+01
1.760621678082915840e+18 6.000000000000000000e+01
1.760621678182941696e+18 6.000000000000000000e+01
1.760621678216341760e+18 6.000000000000000000e+01
1.760621678282961664e+18 6.300000000000000000e+01
1.760621678349457664e+18 6.300000000000000000e+01
1.760621678416343808e+18 6.300000000000000000e+01
1.760621678516303872e+18 6.300000000000000000e+01
1.760621678549580544e+18 6.300000000000000000e+01
1.760621678616309760e+18 6.300000000000000000e+01
1.760621678682822656e+18 6.300000000000000000e+01
1.760621678849657856e+18 6.600000000000000000e+01
1.760621678882831616e+18 6.600000000000000000e+01
1.760621678949688576e+18 6.600000000000000000e+01
1.760621679016328448e+18 6.600000000000000000e+01
1.760621679116277760e+18 6.600000000000000000e+01
1.760621679182775808e+18 6.600000000000000000e+01
1.760621679216317696e+18 6.600000000000000000e+01
1.760621679316282624e+18 5.400000000000000000e+01
1.760621679382746624e+18 5.400000000000000000e+01
1.760621679449655808e+18 5.400000000000000000e+01
1.760621679516263680e+18 5.400000000000000000e+01
1.760621679582895872e+18 5.400000000000000000e+01
1.760621679649647616e+18 5.400000000000000000e+01
1.760621679716136704e+18 5.400000000000000000e+01
1.760621679783014656e+18 6.000000000000000000e+01
1.760621680049638656e+18 6.000000000000000000e+01
1.760621680249633792e+18 6.000000000000000000e+01
1.760621680316138752e+18 3.100000000000000000e+01
1.760621680383000576e+18 3.100000000000000000e+01
1.760621680449662720e+18 3.100000000000000000e+01
1.760621680516127488e+18 3.100000000000000000e+01
1.760621680583055616e+18 3.100000000000000000e+01
1.760621680649552640e+18 3.100000000000000000e+01
1.760621680716370688e+18 3.100000000000000000e+01
1.760621680783005696e+18 3.000000000000000000e+01
1.760621680849501696e+18 3.600000000000000000e+01
1.760621680916451584e+18 3.600000000000000000e+01
1.760621681049585664e+18 3.600000000000000000e+01
1.760621681116372480e+18 3.600000000000000000e+01
1.760621681183014656e+18 3.600000000000000000e+01
1.760621681249551872e+18 3.600000000000000000e+01
1.760621681849752576e+18 3.900000000000000000e+01
1.760621681916374784e+18 3.900000000000000000e+01
1.760621681982889728e+18 3.900000000000000000e+01
1.760621682049728512e+18 3.900000000000000000e+01
1.760621682116384768e+18 3.900000000000000000e+01
1.760621682182850560e+18 3.900000000000000000e+01
1.760621682249765632e+18 3.900000000000000000e+01
1.760621682316396800e+18 3.000000000000000000e+01
1.760621682382851584e+18 3.600000000000000000e+01
1.760621682449736704e+18 3.600000000000000000e+01
1.760621682516359680e+18 3.600000000000000000e+01
1.760621682582864640e+18 3.600000000000000000e+01
1.760621682649751552e+18 3.600000000000000000e+01
1.760621682716225536e+18 3.600000000000000000e+01
1.760621682783001600e+18 3.600000000000000000e+01
1.760621682849765888e+18 2.200000000000000000e+01
1.760621682983094784e+18 2.200000000000000000e+01
1.760621683116265728e+18 2.200000000000000000e+01
1.760621683216242688e+18 2.200000000000000000e+01
1.760621683249762816e+18 2.200000000000000000e+01
1.760621683316264704e+18 2.200000000000000000e+01
1.760621683649762560e+18 1.400000000000000000e+01
1.760621683883105792e+18 2.100000000000000000e+01
1.760621683916526848e+18 2.100000000000000000e+01
1.760621683983103744e+18 2.100000000000000000e+01
1.760621684049617664e+18 2.100000000000000000e+01
1.760621684216455680e+18 2.100000000000000000e+01
1.760621684249615616e+18 2.100000000000000000e+01
1.760621684316487680e+18 2.100000000000000000e+01
1.760621684383123712e+18 2.200000000000000000e+01
1.760621684449614848e+18 2.200000000000000000e+01
1.760621684549573632e+18 2.200000000000000000e+01
1.760621684616455680e+18 2.200000000000000000e+01
1.760621684683078656e+18 2.200000000000000000e+01
1.760621684782967552e+18 2.200000000000000000e+01
1.760621684882944512e+18 1.700000000000000000e+01
1.760621684949830656e+18 1.700000000000000000e+01
1.760621685082938624e+18 1.700000000000000000e+01
1.760621685149808640e+18 1.700000000000000000e+01
1.760621685216423680e+18 1.700000000000000000e+01
1.760621685282905600e+18 1.700000000000000000e+01
1.760621685349862656e+18 1.700000000000000000e+01
1.760621685482938880e+18 1.200000000000000000e+01
1.760621685616470528e+18 1.200000000000000000e+01
1.760621685682970880e+18 1.200000000000000000e+01
1.760621685816298752e+18 1.200000000000000000e+01
1.760621686816289536e+18 1.100000000000000000e+01
1.760621686883155712e+18 1.000000000000000000e+01
1.760621686949662720e+18 1.000000000000000000e+01
1.760621687016573696e+18 1.000000000000000000e+01
1.760621687083163648e+18 1.000000000000000000e+01
1.760621687149667840e+18 1.000000000000000000e+01
1.760621687216528640e+18 1.000000000000000000e+01
1.760621687283195648e+18 1.000000000000000000e+01
1.760621687349667840e+18 1.000000000000000000e+01
1.760621687916552704e+18 7.000000000000000000e+00
1.760621688416495616e+18 3.000000000000000000e+01
1.760621688949892864e+18 5.000000000000000000e+00
1.760621689016382720e+18 5.000000000000000000e+00
1.760621689083284736e+18 5.000000000000000000e+00
1.760621689149923584e+18 -5.000000000000000000e+00
1.760621689216427520e+18 5.000000000000000000e+00
1.760621689283269632e+18 5.000000000000000000e+00
1.760621689349878784e+18 5.000000000000000000e+00
1.760621689416387840e+18 5.000000000000000000e+00
1.760621690016540672e+18 1.200000000000000000e+01
1.760621690149780736e+18 1.200000000000000000e+01
1.760621690283270656e+18 1.200000000000000000e+01
1.760621690383222528e+18 1.200000000000000000e+01
1.760621691049857536e+18 1.600000000000000000e+01
1.760621691116596736e+18 1.600000000000000000e+01
1.760621691183103488e+18 1.600000000000000000e+01
1.760621691383070720e+18 1.600000000000000000e+01
1.760621691449966592e+18 1.600000000000000000e+01
1.760621691516597760e+18 1.800000000000000000e+01
1.760621691583095808e+18 1.800000000000000000e+01
1.760621691649990912e+18 1.800000000000000000e+01
1.760621691716580608e+18 1.800000000000000000e+01
1.760621691783138816e+18 1.800000000000000000e+01
1.760621691849956864e+18 1.800000000000000000e+01
1.760621691916616704e+18 1.800000000000000000e+01
1.760621692516482560e+18 1.600000000000000000e+01
1.760621692583322880e+18 1.600000000000000000e+01
1.760621692649948672e+18 1.600000000000000000e+01
1.760621692716456704e+18 1.600000000000000000e+01
1.760621692783334656e+18 1.600000000000000000e+01
1.760621692849957632e+18 1.600000000000000000e+01
1.760621692916444672e+18 1.600000000000000000e+01
1.760621693049960704e+18 1.800000000000000000e+01
1.760621693116564736e+18 1.800000000000000000e+01
1.760621693316728576e+18 1.800000000000000000e+01
1.760621693383334656e+18 1.800000000000000000e+01
1.760621693449848576e+18 1.800000000000000000e+01
1.760621693516731648e+18 2.000000000000000000e+01
1.760621693616700672e+18 2.000000000000000000e+01
1.760621693649831680e+18 2.000000000000000000e+01
1.760621693716694528e+18 2.000000000000000000e+01
1.760621693783327488e+18 2.000000000000000000e+01
1.760621693849803776e+18 2.000000000000000000e+01
1.760621693916702720e+18 2.000000000000000000e+01
1.760621693983312640e+18 2.000000000000000000e+01
1.760621694049828864e+18 2.000000000000000000e+01
1.760621694116738816e+18 2.000000000000000000e+01
1.760621694183202816e+18 2.000000000000000000e+01
1.760621694283155712e+18 2.000000000000000000e+01
1.760621694316687616e+18 2.000000000000000000e+01
1.760621694383211520e+18 2.000000000000000000e+01
1.760621694450110720e+18 2.000000000000000000e+01
1.760621694516705792e+18 2.000000000000000000e+01
1.760621694616678656e+18 -2.100000000000000000e+01
1.760621694716710656e+18 -2.100000000000000000e+01
1.760621695116710656e+18 2.200000000000000000e+01
1.760621695183318528e+18 2.200000000000000000e+01
1.760621695283273728e+18 2.200000000000000000e+01
1.760621695316575744e+18 2.200000000000000000e+01
1.760621695383454464e+18 2.200000000000000000e+01
1.760621695450102528e+18 2.200000000000000000e+01
1.760621695516582656e+18 2.200000000000000000e+01
1.760621695616529664e+18 2.300000000000000000e+01
1.760621695650103552e+18 2.300000000000000000e+01
1.760621695750042624e+18 2.300000000000000000e+01
1.760621695816530688e+18 2.300000000000000000e+01
1.760621695883402496e+18 2.300000000000000000e+01
1.760621695950073600e+18 2.300000000000000000e+01
1.760621696016515840e+18 2.300000000000000000e+01
1.760621696083430656e+18 2.200000000000000000e+01
1.760621696150030592e+18 2.200000000000000000e+01
1.760621696216646656e+18 2.200000000000000000e+01
1.760621696283397632e+18 2.200000000000000000e+01
1.760621696349898496e+18 2.200000000000000000e+01
1.760621696416815872e+18 2.200000000000000000e+01
1.760621696483388672e+18 2.200000000000000000e+01
1.760621696549885696e+18 2.700000000000000000e+01
1.760621696616773632e+18 -2.100000000000000000e+01
1.760621696683426560e+18 -2.100000000000000000e+01
1.760621696816757760e+18 -2.100000000000000000e+01
1.760621696949920768e+18 -2.100000000000000000e+01
1.760621697016758784e+18 -2.100000000000000000e+01
1.760621697083375616e+18 -2.100000000000000000e+01
1.760621697149875712e+18 -2.100000000000000000e+01
1.760621697216781568e+18 -2.100000000000000000e+01
1.760621697350001664e+18 -2.100000000000000000e+01
1.760621697416771584e+18 -2.100000000000000000e+01
1.760621697550162688e+18 -2.100000000000000000e+01
1.760621697616864768e+18 2.200000000000000000e+01
1.760621697683317760e+18 2.200000000000000000e+01
1.760621697750163712e+18 2.200000000000000000e+01
1.760621697816740864e+18 2.200000000000000000e+01
1.760621697883241728e+18 2.200000000000000000e+01
1.760621697950187776e+18 2.200000000000000000e+01
1.760621698016796672e+18 2.200000000000000000e+01
1.760621698083240704e+18 2.300000000000000000e+01
1.760621698150126592e+18 2.300000000000000000e+01
1.760621698216753664e+18 2.300000000000000000e+01
1.760621698283371776e+18 2.300000000000000000e+01
1.760621698350190592e+18 2.300000000000000000e+01
1.760621698416651776e+18 2.300000000000000000e+01
1.760621698483505664e+18 2.300000000000000000e+01
1.760621698550169600e+18 2.300000000000000000e+01
1.760621698616608512e+18 2.200000000000000000e+01
1.760621698683495680e+18 2.200000000000000000e+01
1.760621698750118656e+18 2.200000000000000000e+01
1.760621698816619520e+18 2.200000000000000000e+01
1.760621698883482624e+18 2.200000000000000000e+01
1.760621698950117632e+18 2.200000000000000000e+01
1.760621699016626688e+18 2.200000000000000000e+01
1.760621699083483648e+18 2.200000000000000000e+01
1.760621699150121728e+18 2.000000000000000000e+01
1.760621699216610560e+18 2.000000000000000000e+01
1.760621699283503872e+18 2.000000000000000000e+01
1.760621699349990656e+18 2.000000000000000000e+01
1.760621699416716544e+18 2.000000000000000000e+01
1.760621699483504896e+18 2.000000000000000000e+01
1.760621699549995776e+18 2.000000000000000000e+01
1.760621699650004736e+18 1.900000000000000000e+01
1.760621699683500800e+18 1.900000000000000000e+01
1.760621699816869632e+18 1.900000000000000000e+01
1.760621699883466752e+18 1.900000000000000000e+01
1.760621699983470592e+18 1.900000000000000000e+01
1.760621700016898560e+18 1.900000000000000000e+01
1.760621700083485696e+18 1.900000000000000000e+01
1.760621700150008576e+18 1.900000000000000000e+01
1.760621700216864512e+18 1.900000000000000000e+01
1.760621700316847616e+18 1.900000000000000000e+01
1.760621700350012672e+18 1.900000000000000000e+01
1.760621700416855552e+18 1.900000000000000000e+01
1.760621700483372800e+18 1.900000000000000000e+01
1.760621700550256640e+18 1.900000000000000000e+01
1.760621700650250752e+18 2.000000000000000000e+01
1.760621700683359744e+18 2.000000000000000000e+01
1.760621700750246656e+18 2.000000000000000000e+01
1.760621700816872704e+18 2.000000000000000000e+01
1.760621700883330560e+18 2.000000000000000000e+01
1.760621700983321600e+18 2.000000000000000000e+01
1.760621701016903680e+18 2.000000000000000000e+01
1.760621701116828672e+18 2.000000000000000000e+01
1.760621701183326720e+18 1.800000000000000000e+01
1.760621701250227712e+18 1.800000000000000000e+01
1.760621701316814592e+18 1.800000000000000000e+01
1.760621701383317760e+18 1.800000000000000000e+01
1.760621701450197760e+18 1.800000000000000000e+01
1.760621701516700672e+18 1.800000000000000000e+01
1.760621701650209792e+18 1.900000000000000000e+01
1.760621701716696832e+18 1.900000000000000000e+01
1.760621701783534848e+18 1.900000000000000000e+01
1.760621702050172672e+18 1.900000000000000000e+01
1.760621702116681472e+18 1.900000000000000000e+01
1.760621702716926464e+18 1.000000000000000000e+01
1.760621702783549696e+18 1.000000000000000000e+01
1.760621702850043648e+18 1.000000000000000000e+01
1.760621702916928768e+18 1.000000000000000000e+01
1.760621702983502592e+18 1.000000000000000000e+01
1.760621703050058496e+18 1.000000000000000000e+01
1.760621703116961792e+18 1.000000000000000000e+01
1.760621703716913664e+18 1.300000000000000000e+01
1.760621703783444736e+18 1.300000000000000000e+01
1.760621703850304512e+18 1.300000000000000000e+01
1.760621703916908800e+18 1.300000000000000000e+01
1.760621703983447808e+18 1.300000000000000000e+01
1.760621704050314752e+18 1.300000000000000000e+01
1.760621704116913920e+18 1.300000000000000000e+01
1.760621704250273792e+18 1.500000000000000000e+01
1.760621704316909824e+18 1.500000000000000000e+01
1.760621704383429888e+18 1.500000000000000000e+01
1.760621704516906752e+18 1.500000000000000000e+01
1.760621704683666688e+18 1.800000000000000000e+01
1.760621704716788736e+18 2.200000000000000000e+01
1.760621704783687680e+18 2.200000000000000000e+01
1.760621704850271744e+18 2.200000000000000000e+01
1.760621704916781568e+18 2.200000000000000000e+01
1.760621705016781568e+18 2.200000000000000000e+01
1.760621705050300672e+18 2.200000000000000000e+01
1.760621705183666688e+18 2.300000000000000000e+01
1.760621705250308864e+18 2.500000000000000000e+01
1.760621705450283776e+18 2.500000000000000000e+01
1.760621705516781568e+18 2.500000000000000000e+01
1.760621705583665664e+18 2.500000000000000000e+01
1.760621705683650816e+18 2.500000000000000000e+01
1.760621705717047808e+18 2.400000000000000000e+01
1.760621705783630592e+18 2.600000000000000000e+01
1.760621705850165504e+18 2.400000000000000000e+01
1.760621705916982528e+18 2.400000000000000000e+01
1.760621706017011712e+18 2.400000000000000000e+01
1.760621706050172672e+18 2.400000000000000000e+01
1.760621706117035520e+18 2.400000000000000000e+01
1.760621706250198528e+18 2.200000000000000000e+01
1.760621706350131712e+18 2.200000000000000000e+01
1.760621706383648512e+18 2.200000000000000000e+01
1.760621706450155776e+18 2.200000000000000000e+01
1.760621706517061632e+18 2.200000000000000000e+01
1.760621706616988672e+18 2.200000000000000000e+01
1.760621706683485696e+18 2.200000000000000000e+01
1.760621706750373632e+18 2.900000000000000000e+01
1.760621706816993792e+18 2.900000000000000000e+01
1.760621706883456768e+18 2.900000000000000000e+01
1.760621706950356736e+18 2.900000000000000000e+01
1.760621707083475712e+18 2.900000000000000000e+01
1.760621707150354688e+18 2.900000000000000000e+01
1.760621707216952576e+18 2.900000000000000000e+01
1.760621707483469824e+18 6.000000000000000000e+01
1.760621707550316544e+18 6.000000000000000000e+01
1.760621707616967680e+18 6.000000000000000000e+01
1.760621708283763712e+18 6.100000000000000000e+01
1.760621708350337792e+18 6.100000000000000000e+01
1.760621708416839680e+18 6.100000000000000000e+01
1.760621708483768576e+18 6.100000000000000000e+01
1.760621708816954624e+18 2.500000000000000000e+01
1.760621708883709696e+18 2.500000000000000000e+01
1.760621708950256640e+18 2.500000000000000000e+01
1.760621709017078528e+18 2.500000000000000000e+01
1.760621709150220544e+18 2.500000000000000000e+01
1.760621709217072640e+18 2.500000000000000000e+01
1.760621709283721728e+18 1.600000000000000000e+01
1.760621709350237696e+18 1.600000000000000000e+01
1.760621709417076480e+18 1.600000000000000000e+01
1.760621709483662592e+18 1.600000000000000000e+01
1.760621709550203648e+18 1.600000000000000000e+01
1.760621709617075712e+18 1.600000000000000000e+01
1.760621709750329856e+18 1.600000000000000000e+01
1.760621709883569664e+18 1.000000000000000000e+01
1.760621709950460672e+18 1.000000000000000000e+01
1.760621710017071616e+18 1.000000000000000000e+01
1.760621710083574784e+18 1.000000000000000000e+01
1.760621710150472704e+18 1.000000000000000000e+01
1.760621710217074688e+18 1.000000000000000000e+01
1.760621710283569664e+18 8.000000000000000000e+01
1.760621710383586560e+18 8.000000000000000000e+00
1.760621710417074688e+18 8.000000000000000000e+00
1.760621710483551744e+18 8.000000000000000000e+00
1.760621710550450688e+18 8.000000000000000000e+00
1.760621710617084672e+18 8.000000000000000000e+00
1.760621710717066752e+18 8.000000000000000000e+00
1.760621710750459648e+18 8.000000000000000000e+00
1.760621710816964608e+18 9.000000000000000000e+00
1.760621710883712768e+18 9.000000000000000000e+00
1.760621711083842816e+18 9.000000000000000000e+00
1.760621711483826688e+18 1.000000000000000000e+01
1.760621711550473728e+18 1.000000000000000000e+01
1.760621711616945664e+18 1.000000000000000000e+01
1.760621711750492672e+18 1.000000000000000000e+01
1.760621711883831808e+18 1.300000000000000000e+01
1.760621711950322688e+18 1.300000000000000000e+01
1.760621712050291712e+18 1.300000000000000000e+01
1.760621712117162752e+18 1.300000000000000000e+01
1.760621712183779840e+18 1.300000000000000000e+01
1.760621712250284544e+18 1.300000000000000000e+01
1.760621712383755776e+18 2.400000000000000000e+01
1.760621712450284800e+18 2.400000000000000000e+01
1.760621712583766784e+18 2.400000000000000000e+01
1.760621712650265600e+18 2.400000000000000000e+01
1.760621712717140736e+18 2.400000000000000000e+01
1.760621712783758592e+18 2.400000000000000000e+01
1.760621712850271744e+18 6.300000000000000000e+01
1.760621712917138688e+18 6.300000000000000000e+01
1.760621713117138688e+18 6.300000000000000000e+01
1.760621713183645696e+18 6.300000000000000000e+01
1.760621713317134592e+18 6.300000000000000000e+01
1.760621713383633664e+18 5.600000000000000000e+01
1.760621713450529536e+18 5.600000000000000000e+01
1.760621713517133824e+18 5.600000000000000000e+01
1.760621713583632640e+18 5.600000000000000000e+01
1.760621713650541824e+18 5.600000000000000000e+01
1.760621713717124608e+18 5.600000000000000000e+01
1.760621713783680768e+18 5.600000000000000000e+01
1.760621713850500608e+18 6.000000000000000000e+01
1.760621713917157632e+18 6.000000000000000000e+01
1.760621713983802880e+18 6.000000000000000000e+01
1.760621714050529792e+18 6.000000000000000000e+01
1.760621714117064704e+18 6.000000000000000000e+01
1.760621714183977728e+18 6.000000000000000000e+01
1.760621714250561792e+18 6.000000000000000000e+01
1.760621714317060608e+18 6.000000000000000000e+01
1.760621714450544640e+18 4.800000000000000000e+01
1.760621714583899648e+18 4.800000000000000000e+01
1.760621714716990720e+18 4.800000000000000000e+01
1.760621714783898624e+18 4.800000000000000000e+01
1.760621714850506752e+18 4.800000000000000000e+01
1.760621714916994560e+18 3.800000000000000000e+01
1.760621714983874816e+18 3.800000000000000000e+01
1.760621715050362624e+18 3.800000000000000000e+01
1.760621715117283584e+18 3.800000000000000000e+01
1.760621715183864576e+18 3.800000000000000000e+01
1.760621715250364672e+18 3.800000000000000000e+01
1.760621715317231616e+18 3.800000000000000000e+01
1.760621715450391808e+18 3.400000000000000000e+01
1.760621715517257728e+18 3.400000000000000000e+01
1.760621715650384640e+18 3.400000000000000000e+01
1.760621715750374912e+18 3.400000000000000000e+01
1.760621715850466816e+18 3.400000000000000000e+01
1.760621715917221888e+18 3.800000000000000000e+01
1.760621715983874816e+18 3.800000000000000000e+01
1.760621716083719680e+18 3.800000000000000000e+01
1.760621716117245696e+18 3.800000000000000000e+01
1.760621716183760640e+18 3.800000000000000000e+01
1.760621716250625536e+18 3.800000000000000000e+01
1.760621716317259776e+18 3.800000000000000000e+01
1.760621716917274624e+18 3.800000000000000000e+01
1.760621716983720704e+18 3.800000000000000000e+01
1.760621717083802624e+18 3.800000000000000000e+01
1.760621717117113600e+18 3.800000000000000000e+01
1.760621717183970816e+18 3.800000000000000000e+01
1.760621717250605568e+18 3.800000000000000000e+01
1.760621717350619904e+18 3.800000000000000000e+01
1.760621717550573568e+18 3.600000000000000000e+01
1.760621717950560512e+18 2.800000000000000000e+01
1.760621718017075712e+18 2.800000000000000000e+01
1.760621718083940864e+18 2.800000000000000000e+01
1.760621718150426624e+18 2.800000000000000000e+01
1.760621718217310720e+18 2.800000000000000000e+01
1.760621718283943680e+18 2.800000000000000000e+01
1.760621718350438656e+18 2.800000000000000000e+01
1.760621718417283840e+18 2.800000000000000000e+01
1.760621718550427648e+18 2.400000000000000000e+01
1.760621718617308672e+18 2.400000000000000000e+01
1.760621718683931648e+18 2.400000000000000000e+01
1.760621718750432768e+18 2.400000000000000000e+01
1.760621718883925760e+18 2.400000000000000000e+01
1.760621721017187584e+18 -5.000000000000000000e+00
1.760621721117182720e+18 -5.000000000000000000e+00
1.760621721150663680e+18 -5.000000000000000000e+00
1.760621721217265664e+18 5.000000000000000000e+00
1.760621721284022528e+18 5.000000000000000000e+00
1.760621721350576640e+18 5.000000000000000000e+00
1.760621721450557696e+18 -5.000000000000000000e+00
1.760621721484035840e+18 8.000000000000000000e+00
1.760621721617399808e+18 8.000000000000000000e+00
1.760621721817414656e+18 8.000000000000000000e+00
1.760621721884017664e+18 8.000000000000000000e+00
1.760621721950527744e+18 8.000000000000000000e+00
1.760621722683925504e+18 8.000000000000000000e+00
1.760621722783907584e+18 8.000000000000000000e+00
1.760621722883916544e+18 8.000000000000000000e+00
1.760621724917505792e+18 6.000000000000000000e+00
1.760621725583945728e+18 8.000000000000000000e+00
1.760621725717493760e+18 8.000000000000000000e+00
1.760621725783971840e+18 8.000000000000000000e+00
1.760621725850960640e+18 8.000000000000000000e+00
1.760621725917462528e+18 8.000000000000000000e+00
1.760621725983993856e+18 8.000000000000000000e+00
1.760621726050831872e+18 9.000000000000000000e+00
1.760621726817341440e+18 6.000000000000000000e+00
1.760621727017347584e+18 6.000000000000000000e+00
1.760621727617587456e+18 1.100000000000000000e+01
1.760621727750692608e+18 1.100000000000000000e+01
1.760621727950660608e+18 1.100000000000000000e+01
1.760621728084147712e+18 1.900000000000000000e+01
1.760621728150698752e+18 1.900000000000000000e+01
1.760621728217529856e+18 1.900000000000000000e+01
1.760621728284174592e+18 1.900000000000000000e+01
1.760621728350660608e+18 1.900000000000000000e+01
1.760621728417531648e+18 1.900000000000000000e+01
1.760621728484156672e+18 1.900000000000000000e+01
1.760621728550790912e+18 1.900000000000000000e+01
1.760621728617541888e+18 1.800000000000000000e+01
1.760621728684028672e+18 1.800000000000000000e+01
1.760621728750908672e+18 1.800000000000000000e+01
1.760621728817490688e+18 1.800000000000000000e+01
1.760621728884018688e+18 1.800000000000000000e+01
1.760621728950898688e+18 1.800000000000000000e+01
1.760621729017528832e+18 1.800000000000000000e+01
1.760621729150936576e+18 1.700000000000000000e+01
1.760621729217568512e+18 1.700000000000000000e+01
1.760621729283975680e+18 1.700000000000000000e+01
1.760621729550885632e+18 1.700000000000000000e+01
1.760621729617385728e+18 1.500000000000000000e+01
1.760621729684259584e+18 1.500000000000000000e+01
1.760621729817383680e+18 1.500000000000000000e+01
1.760621729884303616e+18 1.500000000000000000e+01
1.760621730017411584e+18 1.500000000000000000e+01
1.760621730084252672e+18 1.500000000000000000e+01
1.760621730150904576e+18 2.300000000000000000e+01
1.760621730217380864e+18 2.300000000000000000e+01
1.760621730284286720e+18 2.300000000000000000e+01
1.760621730350909696e+18 2.300000000000000000e+01
1.760621730417381888e+18 2.300000000000000000e+01
1.760621730484345600e+18 2.300000000000000000e+01
1.760621730550872576e+18 2.300000000000000000e+01
1.760621730617530624e+18 2.800000000000000000e+01
1.760621730750766848e+18 6.000000000000000000e+01
1.760621730817682688e+18 6.000000000000000000e+01
1.760621730884245760e+18 6.000000000000000000e+01
1.760621731684139776e+18 6.000000000000000000e+01
1.760621731750900736e+18 6.000000000000000000e+01
1.760621731817634560e+18 4.000000000000000000e+01
1.760621732084129536e+18 6.000000000000000000e+01
1.760621732217639680e+18 3.400000000000000000e+01
1.760621732351061504e+18 3.600000000000000000e+01
1.760621732417628672e+18 3.400000000000000000e+01
1.760621732551032832e+18 3.400000000000000000e+01
1.760621732617626624e+18 3.400000000000000000e+01
1.760621732684275712e+18 3.100000000000000000e+01
1.760621732817511680e+18 3.100000000000000000e+01
1.760621732884351744e+18 3.100000000000000000e+01
1.760621732950982656e+18 3.100000000000000000e+01
1.760621733017499648e+18 3.100000000000000000e+01
1.760621733084373760e+18 3.100000000000000000e+01
1.760621733217472768e+18 6.300000000000000000e+01
1.760621733517456896e+18 4.300000000000000000e+01
1.760621733717457664e+18 5.000000000000000000e+01
1.760621733784341504e+18 5.000000000000000000e+01
1.760621733850858752e+18 5.000000000000000000e+01
1.760621733984331520e+18 5.000000000000000000e+01
1.760621734050837760e+18 5.000000000000000000e+01
1.760621734117697792e+18 5.000000000000000000e+01
1.760621734250818816e+18 3.700000000000000000e+01
1.760621734384320768e+18 3.700000000000000000e+01
1.760621734450848512e+18 3.700000000000000000e+01
1.760621734517688832e+18 3.700000000000000000e+01
1.760621734584300800e+18 3.700000000000000000e+01
1.760621734650852608e+18 3.700000000000000000e+01
1.760621734717680640e+18 3.300000000000000000e+01
1.760621734784310528e+18 3.300000000000000000e+01
1.760621734850926592e+18 3.300000000000000000e+01
1.760621734917706752e+18 3.300000000000000000e+01
1.760621734984179712e+18 3.300000000000000000e+01
1.760621735051049728e+18 3.300000000000000000e+01
1.760621735117676800e+18 3.300000000000000000e+01
1.760621735184209664e+18 3.300000000000000000e+01
1.760621735251048448e+18 2.200000000000000000e+01
1.760621735317672704e+18 2.200000000000000000e+01
1.760621735384172800e+18 2.200000000000000000e+01
1.760621735451050752e+18 2.200000000000000000e+01
1.760621735517718784e+18 2.200000000000000000e+01
1.760621735651037696e+18 2.200000000000000000e+01
1.760621735717682688e+18 2.100000000000000000e+01
1.760621735784172800e+18 2.100000000000000000e+01
1.760621735851041792e+18 2.100000000000000000e+01
1.760621735917584640e+18 2.100000000000000000e+01
1.760621735984469760e+18 2.100000000000000000e+01
1.760621736051059712e+18 2.100000000000000000e+01
1.760621736117603840e+18 2.100000000000000000e+01
1.760621736184559616e+18 2.100000000000000000e+01
1.760621736251092736e+18 3.600000000000000000e+01
1.760621736317573888e+18 3.600000000000000000e+01
1.760621736384408832e+18 3.600000000000000000e+01
1.760621736451051776e+18 3.600000000000000000e+01
1.760621736517625600e+18 3.600000000000000000e+01
1.760621736584415744e+18 3.600000000000000000e+01
1.760621736651054592e+18 3.600000000000000000e+01
1.760621736717520640e+18 3.600000000000000000e+01
1.760621736784435712e+18 4.300000000000000000e+01
1.760621736851093760e+18 6.300000000000000000e+01
1.760621737184510720e+18 4.300000000000000000e+01
1.760621737250924544e+18 3.500000000000000000e+01
1.760621737317793536e+18 3.500000000000000000e+01
1.760621737384411648e+18 3.500000000000000000e+01
1.760621737450906880e+18 3.500000000000000000e+01
1.760621737550910720e+18 3.500000000000000000e+01
1.760621737584420608e+18 3.500000000000000000e+01
1.760621737650932736e+18 3.500000000000000000e+01
1.760621737717825536e+18 3.500000000000000000e+01
1.760621737784372480e+18 3.000000000000000000e+01
1.760621737884417792e+18 3.000000000000000000e+01
1.760621737917792768e+18 3.000000000000000000e+01
1.760621737984286720e+18 3.000000000000000000e+01
1.760621738051164672e+18 3.000000000000000000e+01
1.760621738117808640e+18 3.000000000000000000e+01
1.760621738217790720e+18 3.000000000000000000e+01
1.760621738317767680e+18 2.700000000000000000e+01
1.760621738384292608e+18 2.700000000000000000e+01
1.760621738451164672e+18 2.700000000000000000e+01
1.760621738551150848e+18 2.700000000000000000e+01
1.760621738584293632e+18 2.700000000000000000e+01
1.760621738651183616e+18 2.700000000000000000e+01
1.760621738717779712e+18 2.700000000000000000e+01
1.760621738784267776e+18 2.200000000000000000e+01
1.760621738884261632e+18 2.200000000000000000e+01
1.760621738917781504e+18 2.200000000000000000e+01
1.760621738984384768e+18 2.200000000000000000e+01
1.760621739051167744e+18 2.200000000000000000e+01
1.760621739117644800e+18 2.200000000000000000e+01
1.760621739217613824e+18 2.200000000000000000e+01
1.760621739284488704e+18 1.500000000000000000e+01
1.760621739351112704e+18 1.500000000000000000e+01
1.760621739417618688e+18 1.500000000000000000e+01
1.760621739484491520e+18 1.500000000000000000e+01
1.760621739551103488e+18 1.500000000000000000e+01
1.760621739617596672e+18 1.500000000000000000e+01
1.760621739751105792e+18 1.500000000000000000e+01
1.760621740284481792e+18 1.600000000000000000e+01
1.760621740350967552e+18 1.600000000000000000e+01
1.760621740417846784e+18 1.600000000000000000e+01
1.760621740484511488e+18 1.600000000000000000e+01
1.760621740550970880e+18 1.600000000000000000e+01
1.760621740617849600e+18 1.600000000000000000e+01
1.760621740684467712e+18 1.600000000000000000e+01
1.760621740750961664e+18 1.600000000000000000e+01
1.760621740817880576e+18 2.100000000000000000e+01
1.760621740884500736e+18 2.100000000000000000e+01
1.760621740951128832e+18 2.100000000000000000e+01
1.760621741017831680e+18 2.100000000000000000e+01
1.760621741084354560e+18 2.100000000000000000e+01
1.760621741151175680e+18 2.100000000000000000e+01
1.760621741284469504e+18 2.100000000000000000e+01
1.760621741484392704e+18 2.800000000000000000e+01
1.760621741551227648e+18 2.800000000000000000e+01
1.760621741617860864e+18 2.800000000000000000e+01
1.760621741751223552e+18 2.800000000000000000e+01
1.760621742017863680e+18 6.000000000000000000e+01
1.760621742151233792e+18 6.000000000000000000e+01
1.760621742284618496e+18 6.000000000000000000e+01
1.760621742351205632e+18 6.600000000000000000e+01
1.760621742417735680e+18 6.600000000000000000e+01
1.760621742484588544e+18 4.600000000000000000e+01
1.760621742617689600e+18 4.600000000000000000e+01
1.760621742684564480e+18 4.600000000000000000e+01
1.760621742951241728e+18 6.100000000000000000e+01
1.760621743151110656e+18 6.100000000000000000e+01
1.760621743351123456e+18 3.700000000000000000e+01
1.760621743417967872e+18 3.700000000000000000e+01
1.760621743484556800e+18 3.700000000000000000e+01
1.760621743651059712e+18 3.700000000000000000e+01
1.760621743717953792e+18 3.700000000000000000e+01
1.760621743784559616e+18 3.700000000000000000e+01
1.760621743851073792e+18 3.700000000000000000e+01
1.760621743917940736e+18 3.700000000000000000e+01
1.760621743984556800e+18 3.700000000000000000e+01
1.760621744051056640e+18 3.700000000000000000e+01
1.760621744117924608e+18 3.700000000000000000e+01
1.760621744184545792e+18 3.700000000000000000e+01
1.760621744251208704e+18 3.700000000000000000e+01
1.760621744317935616e+18 3.700000000000000000e+01
1.760621744384422656e+18 3.400000000000000000e+01
1.760621744517927680e+18 3.400000000000000000e+01
1.760621744584421632e+18 3.400000000000000000e+01
1.760621744717910784e+18 3.400000000000000000e+01
1.760621744917920512e+18 3.700000000000000000e+01
1.760621744984373504e+18 3.700000000000000000e+01
1.760621745051272704e+18 3.700000000000000000e+01
1.760621745117894656e+18 3.700000000000000000e+01
1.760621745184394496e+18 3.700000000000000000e+01
1.760621745251270656e+18 3.700000000000000000e+01
1.760621745317771776e+18 3.700000000000000000e+01
1.760621745384641536e+18 4.800000000000000000e+01
1.760621745517770752e+18 6.800000000000000000e+01
1.760621745651288832e+18 6.800000000000000000e+01
1.760621745717766656e+18 4.800000000000000000e+01
1.760621745917762816e+18 5.000000000000000000e+01
1.760621745984640512e+18 5.000000000000000000e+01
1.760621746051297792e+18 5.000000000000000000e+01
1.760621746117761536e+18 5.000000000000000000e+01
1.760621746184642816e+18 5.000000000000000000e+01
1.760621746251266816e+18 5.000000000000000000e+01
1.760621746317935616e+18 5.000000000000000000e+01
1.760621746384670720e+18 5.000000000000000000e+02
1.760621746451191552e+18 2.000000000000000000e+01
1.760621746518047488e+18 2.000000000000000000e+01
1.760621746584671744e+18 2.000000000000000000e+01
1.760621746651192576e+18 2.000000000000000000e+01
1.760621746718020608e+18 2.000000000000000000e+01
1.760621746784648704e+18 2.000000000000000000e+01
1.760621746851164672e+18 2.000000000000000000e+01
1.760621746918003712e+18 6.800000000000000000e+01
1.760621747118002688e+18 6.800000000000000000e+01
1.760621747384491776e+18 6.800000000000000000e+01
1.760621747451388672e+18 5.800000000000000000e+01
1.760621747584496640e+18 6.800000000000000000e+01
1.760621747651398656e+18 6.800000000000000000e+01
1.760621747718011648e+18 6.800000000000000000e+01
1.760621747784487680e+18 6.800000000000000000e+01
1.760621747984513792e+18 4.900000000000000000e+01
1.760621748051410688e+18 4.900000000000000000e+01
1.760621748118001664e+18 4.900000000000000000e+01
1.760621748184480768e+18 4.900000000000000000e+01
1.760621748284514560e+18 4.900000000000000000e+01
1.760621748351372800e+18 6.900000000000000000e+01
1.760621748484759552e+18 2.000000000000000000e+01
1.760621748551392768e+18 2.000000000000000000e+01
1.760621748617883648e+18 2.000000000000000000e+01
1.760621748684740864e+18 2.000000000000000000e+01
1.760621748751371520e+18 2.000000000000000000e+01
1.760621748817871616e+18 2.000000000000000000e+01
1.760621748884748800e+18 2.000000000000000000e+01
1.760621749017865728e+18 1.300000000000000000e+01
1.760621749084724736e+18 1.300000000000000000e+01
1.760621749151364608e+18 1.300000000000000000e+01
1.760621749217860608e+18 1.300000000000000000e+01
1.760621749284727552e+18 1.300000000000000000e+01
1.760621749351389696e+18 1.300000000000000000e+01
1.760621749417984768e+18 1.300000000000000000e+01
1.760621749484729856e+18 2.300000000000000000e+01
1.760621749551220736e+18 2.300000000000000000e+01
1.760621749618086656e+18 2.300000000000000000e+01
1.760621749684709888e+18 2.300000000000000000e+01
1.760621749751217664e+18 2.300000000000000000e+01
1.760621749818091520e+18 2.300000000000000000e+01
1.760621749884707584e+18 2.300000000000000000e+01
1.760621749951208704e+18 2.300000000000000000e+01
1.760621750018085632e+18 2.200000000000000000e+01
1.760621750084674560e+18 2.200000000000000000e+01
1.760621750151210752e+18 2.200000000000000000e+01
1.760621750218107648e+18 2.200000000000000000e+01
1.760621750284699648e+18 2.200000000000000000e+01
1.760621750351192832e+18 2.200000000000000000e+01
1.760621750418096896e+18 2.200000000000000000e+01
1.760621750484566784e+18 1.600000000000000000e+01
1.760621750551365632e+18 1.600000000000000000e+01
1.760621750618068736e+18 1.600000000000000000e+01
1.760621750684565760e+18 1.600000000000000000e+01
1.760621750751445760e+18 1.600000000000000000e+01
1.760621750818064640e+18 1.600000000000000000e+01
1.760621750884559616e+18 1.600000000000000000e+01
1.760621750951439616e+18 1.600000000000000000e+01
1.760621751084561664e+18 6.000000000000000000e+00
1.760621751484682752e+18 2.000000000000000000e+01
1.760621751551461632e+18 2.000000000000000000e+01
1.760621751617936640e+18 2.000000000000000000e+01
1.760621751684844800e+18 2.000000000000000000e+01
1.760621751751430656e+18 2.000000000000000000e+01
1.760621751817926656e+18 2.000000000000000000e+01
1.760621751884798720e+18 2.000000000000000000e+01
1.760621751951479552e+18 2.000000000000000000e+01
1.760621752017921792e+18 3.800000000000000000e+01
1.760621752084883712e+18 3.800000000000000000e+01
1.760621752151506688e+18 3.800000000000000000e+01
1.760621752217899520e+18 3.800000000000000000e+01
1.760621752284842752e+18 3.800000000000000000e+01
1.760621752351505664e+18 3.800000000000000000e+01
1.760621752417962752e+18 3.800000000000000000e+01
1.760621752484793600e+18 3.800000000000000000e+01
1.760621752551348736e+18 3.400000000000000000e+01
1.760621752751325696e+18 3.400000000000000000e+01
1.760621752951329792e+18 3.400000000000000000e+01
1.760621753018157824e+18 2.100000000000000000e+01
1.760621753084785664e+18 2.100000000000000000e+01
1.760621753218135552e+18 2.100000000000000000e+01
1.760621753284765696e+18 2.100000000000000000e+01
1.760621753351322624e+18 2.100000000000000000e+01
1.760621753484798720e+18 2.100000000000000000e+01
1.760621754118167552e+18 2.100000000000000000e+01
1.760621754184616448e+18 2.100000000000000000e+01
1.760621754251523840e+18 2.100000000000000000e+01
1.760621754318159616e+18 2.100000000000000000e+01
1.760621754518159616e+18 3.500000000000000000e+01
1.760621754584773888e+18 3.500000000000000000e+01
1.760621754651531776e+18 3.500000000000000000e+01
1.760621754718024704e+18 3.500000000000000000e+01
1.760621754784898816e+18 3.500000000000000000e+01
1.760621754918037760e+18 3.500000000000000000e+01
1.760621754984884736e+18 3.500000000000000000e+01
1.760621755051522816e+18 3.200000000000000000e+01
1.760621755118018560e+18 3.200000000000000000e+01
1.760621755184880640e+18 3.200000000000000000e+01
1.760621755251522816e+18 3.200000000000000000e+01
1.760621755318005504e+18 3.200000000000000000e+01
1.760621755384876800e+18 3.200000000000000000e+01
1.760621755451505664e+18 3.200000000000000000e+01
1.760621755517998592e+18 3.200000000000000000e+01
1.760621755584867840e+18 3.400000000000000000e+01
1.760621755651502592e+18 3.400000000000000000e+01
1.760621755718123776e+18 3.400000000000000000e+01
1.760621755784871680e+18 3.400000000000000000e+01
1.760621755918216704e+18 3.400000000000000000e+01
1.760621756051413760e+18 3.800000000000000000e+01
1.760621756118233600e+18 2.800000000000000000e+01
1.760621756184858880e+18 2.800000000000000000e+01
1.760621756251381760e+18 2.800000000000000000e+01
1.760621756318234624e+18 2.800000000000000000e+01
1.760621756384899584e+18 2.800000000000000000e+01
1.760621756451421696e+18 2.800000000000000000e+01
1.760621756518235648e+18 2.800000000000000000e+01
1.760621756584857600e+18 3.300000000000000000e+01
1.760621756651352576e+18 3.300000000000000000e+01
1.760621756718225664e+18 3.300000000000000000e+01
1.760621756784795648e+18 3.300000000000000000e+01
1.760621756851595520e+18 3.300000000000000000e+01
1.760621756918281728e+18 3.300000000000000000e+01
1.760621756984726784e+18 3.300000000000000000e+01
1.760621757051593728e+18 3.300000000000000000e+01
1.760621757118217728e+18 6.200000000000000000e+01
1.760621757184837632e+18 6.200000000000000000e+01
1.760621757451591680e+18 6.200000000000000000e+01
1.760621757584713728e+18 4.900000000000000000e+01
1.760621757651627776e+18 4.900000000000000000e+01
1.760621757718269696e+18 4.900000000000000000e+01
1.760621757784851712e+18 4.900000000000000000e+01
1.760621757851612672e+18 4.900000000000000000e+01
1.760621757918080512e+18 4.900000000000000000e+01
1.760621757985007872e+18 4.900000000000000000e+01
1.760621758051638528e+18 4.900000000000000000e+01
1.760621758118090752e+18 5.500000000000000000e+01
1.760621758184995584e+18 5.500000000000000000e+01
1.760621758251625728e+18 5.500000000000000000e+01
1.760621758384964608e+18 5.500000000000000000e+01
1.760621758451639552e+18 5.500000000000000000e+01
1.760621758518091776e+18 5.500000000000000000e+01
1.760621758651621632e+18 5.900000000000000000e+01
1.760621758718101760e+18 5.900000000000000000e+01
1.760621758784959744e+18 5.900000000000000000e+01
1.760621758851470592e+18 5.900000000000000000e+01
1.760621758918334720e+18 5.900000000000000000e+01
1.760621759018343680e+18 5.900000000000000000e+01
1.760621759051499520e+18 5.900000000000000000e+01
1.760621759118330624e+18 6.200000000000000000e+01
1.760621759184971520e+18 6.200000000000000000e+01
1.760621759318338560e+18 6.200000000000000000e+01
1.760621759384962816e+18 6.200000000000000000e+01
1.760621759518341888e+18 6.200000000000000000e+01
1.760621759584945664e+18 6.200000000000000000e+01
1.760621759684947712e+18 6.400000000000000000e+01
1.760621759751450880e+18 6.400000000000000000e+01
1.760621759884838656e+18 6.400000000000000000e+01
1.760621759951681536e+18 6.400000000000000000e+01
1.760621760018314496e+18 6.400000000000000000e+01
1.760621760084798464e+18 6.400000000000000000e+01
1.760621760151693568e+18 6.500000000000000000e+01
1.760621760218319616e+18 6.500000000000000000e+01
1.760621760351691776e+18 6.500000000000000000e+01
1.760621760418314752e+18 6.500000000000000000e+01
1.760621760484801792e+18 6.500000000000000000e+01
1.760621760551696896e+18 6.500000000000000000e+01
1.760621760618294784e+18 6.600000000000000000e+01
1.760621760684747776e+18 6.600000000000000000e+01
1.760621760751689728e+18 6.600000000000000000e+01
1.760621760818304768e+18 6.600000000000000000e+01
1.760621760884930560e+18 6.600000000000000000e+01
1.760621760951689728e+18 6.600000000000000000e+01
1.760621761018163712e+18 6.600000000000000000e+01
1.760621761085035520e+18 6.600000000000000000e+01
1.760621761151665664e+18 6.600000000000000000e+01
1.760621761218168832e+18 6.600000000000000000e+01
1.760621761285062912e+18 6.600000000000000000e+01
1.760621761351677696e+18 6.600000000000000000e+01
1.760621761418145536e+18 6.600000000000000000e+01
1.760621761485031680e+18 6.600000000000000000e+01
1.760621761551656704e+18 6.600000000000000000e+01
1.760621761618160640e+18 6.600000000000000000e+01
1.760621761685023744e+18 6.400000000000000000e+01
1.760621761751648768e+18 6.400000000000000000e+01
1.760621761818145792e+18 6.400000000000000000e+01
1.760621761951519744e+18 6.400000000000000000e+01
1.760621762085024512e+18 6.400000000000000000e+01
1.760621762218397696e+18 6.300000000000000000e+01
1.760621762285016832e+18 6.300000000000000000e+01
1.760621762351520768e+18 6.300000000000000000e+01
1.760621762418435584e+18 6.300000000000000000e+01
1.760621762485016576e+18 6.300000000000000000e+01
1.760621762551511808e+18 6.300000000000000000e+01
1.760621762618415616e+18 6.300000000000000000e+01
1.760621762685049856e+18 6.300000000000000000e+01
1.760621762751546624e+18 6.300000000000000000e+01
1.760621762818384640e+18 6.300000000000000000e+01
1.760621762884973824e+18 6.300000000000000000e+01
1.760621762951642624e+18 6.300000000000000000e+01
1.760621763018422528e+18 6.300000000000000000e+01
1.760621763084883712e+18 6.300000000000000000e+01
1.760621763151793664e+18 6.300000000000000000e+01
1.760621763218419712e+18 6.300000000000000000e+01
1.760621763284886528e+18 6.300000000000000000e+01
1.760621763351839744e+18 6.300000000000000000e+01
1.760621763418415872e+18 6.300000000000000000e+01
1.760621763484884736e+18 6.300000000000000000e+01
1.760621763551769856e+18 6.300000000000000000e+01
1.760621763618382592e+18 6.300000000000000000e+01
1.760621763684877568e+18 6.500000000000000000e+01
1.760621763751763456e+18 6.500000000000000000e+01
1.760621763818424576e+18 6.500000000000000000e+01
1.760621763884887808e+18 6.500000000000000000e+01
1.760621763951788544e+18 6.500000000000000000e+01
1.760621764018289664e+18 6.500000000000000000e+01
1.760621764085009664e+18 6.500000000000000000e+01
1.760621764218251776e+18 6.600000000000000000e+01
1.760621764285118464e+18 6.600000000000000000e+01
1.760621764351753728e+18 6.600000000000000000e+01
1.760621764418236672e+18 6.600000000000000000e+01
1.760621764485143552e+18 6.600000000000000000e+01
1.760621764551776768e+18 6.600000000000000000e+01
1.760621764618245632e+18 6.600000000000000000e+01
1.760621764685134592e+18 6.800000000000000000e+01
1.760621764751724800e+18 6.800000000000000000e+01
1.760621764818262528e+18 6.800000000000000000e+01
1.760621764885131520e+18 6.800000000000000000e+01
1.760621764951763712e+18 6.800000000000000000e+01
1.760621765018398720e+18 6.800000000000000000e+01
1.760621765085077760e+18 6.800000000000000000e+01
1.760621765151628800e+18 6.800000000000000000e+01
1.760621765218511616e+18 7.800000000000000000e+01
1.760621765285130752e+18 7.800000000000000000e+01
1.760621765418477824e+18 7.800000000000000000e+01
1.760621765485105664e+18 7.800000000000000000e+01
1.760621765618529792e+18 7.800000000000000000e+01
1.760621765718485504e+18 8.100000000000000000e+01
1.760621765785116672e+18 8.100000000000000000e+01
1.760621765851607552e+18 8.100000000000000000e+01
1.760621765918487808e+18 8.100000000000000000e+01
1.760621766051602688e+18 8.100000000000000000e+01
1.760621766118466560e+18 8.100000000000000000e+01
1.760621766784966656e+18 6.300000000000000000e+01
1.760621766851818496e+18 6.300000000000000000e+01
1.760621766918450688e+18 6.300000000000000000e+01
1.760621766984944640e+18 6.300000000000000000e+01
1.760621767051823616e+18 6.300000000000000000e+01
1.760621767118446592e+18 6.300000000000000000e+01
1.760621767185112832e+18 6.300000000000000000e+01
1.760621767251810816e+18 5.100000000000000000e+01
1.760621767318316800e+18 5.100000000000000000e+01
1.760621767385195776e+18 5.100000000000000000e+01
1.760621767451812864e+18 5.100000000000000000e+01
1.760621767518347776e+18 5.100000000000000000e+01
1.760621767651825664e+18 5.100000000000000000e+01
1.760621767718324736e+18 5.100000000000000000e+01
1.760621767785188608e+18 3.200000000000000000e+01
1.760621767851836672e+18 3.200000000000000000e+01
1.760621767918302720e+18 3.200000000000000000e+01
1.760621767985237504e+18 3.200000000000000000e+01
1.760621768051803648e+18 3.200000000000000000e+01
1.760621768118350848e+18 3.200000000000000000e+01
1.760621768185214720e+18 3.200000000000000000e+01
1.760621768251668736e+18 3.200000000000000000e+01
1.760621768318597888e+18 1.200000000000000000e+01
1.760621768385210880e+18 1.200000000000000000e+01
1.760621768518545664e+18 1.200000000000000000e+01
1.760621768585221888e+18 1.200000000000000000e+01
1.760621768651676672e+18 1.200000000000000000e+01
1.760621769051712768e+18 2.000000000000000000e+00
1.760621769318555648e+18 2.000000000000000000e+00
1.760621769418576640e+18 2.000000000000000000e+00
1.760621769451935744e+18 2.000000000000000000e+00
1.760621769518567680e+18 2.000000000000000000e+00
1.760621769585050624e+18 2.000000000000000000e+00
1.760621769651962880e+18 2.000000000000000000e+00
1.760621769751942656e+18 2.000000000000000000e+00
1.760621769785072640e+18 3.000000000000000000e+00
1.760621769851932672e+18 3.000000000000000000e+00
1.760621769918542592e+18 3.000000000000000000e+00
1.760621769985058816e+18 3.000000000000000000e+00
1.760621770051929600e+18 3.000000000000000000e+00
1.760621770118527744e+18 3.000000000000000000e+00
1.760621770185023744e+18 3.000000000000000000e+00
1.760621770251888640e+18 3.000000000000000000e+00
1.760621770851928832e+18 1.000000000000000000e+01
1.760621770918424576e+18 1.000000000000000000e+01
1.760621770985305856e+18 1.000000000000000000e+01
1.760621771085281536e+18 1.000000000000000000e+01
1.760621771185306880e+18 1.000000000000000000e+01
1.760621771251949824e+18 1.000000000000000000e+01
1.760621771518674688e+18 2.500000000000000000e+01
1.760621771585289728e+18 2.500000000000000000e+01
1.760621771651760640e+18 2.500000000000000000e+01
1.760621771885232640e+18 3.100000000000000000e+01
1.760621771951773696e+18 -3.100000000000000000e+01
1.760621772018623488e+18 3.100000000000000000e+01
1.760621772151765504e+18 -3.100000000000000000e+01
1.760621772218629632e+18 3.100000000000000000e+01
1.760621772285251584e+18 3.100000000000000000e+01
1.760621772685119744e+18 9.000000000000000000e+00
1.760621773485351680e+18 9.000000000000000000e+00
1.760621773551977728e+18 9.000000000000000000e+00
1.760621773751963648e+18 9.000000000000000000e+00
1.760621774019097600e+18 -2.100000000000000000e+01
1.760621774086207744e+18 -2.100000000000000000e+01
1.760621774152191744e+18 -2.100000000000000000e+01
1.760621774218514688e+18 -2.100000000000000000e+01
1.760621774285337600e+18 -2.100000000000000000e+01
1.760621774351994880e+18 3.500000000000000000e+01
1.760621774418631680e+18 3.500000000000000000e+01
1.760621774551873792e+18 3.500000000000000000e+01
1.760621774618724608e+18 3.500000000000000000e+01
1.760621774685336576e+18 3.500000000000000000e+01
1.760621774751835648e+18 3.500000000000000000e+01
1.760621774885337600e+18 3.700000000000000000e+01
1.760621774951847680e+18 3.700000000000000000e+01
1.760621775018722816e+18 3.000000000000000000e+00
1.760621775151850752e+18 3.700000000000000000e+01
1.760621775218696704e+18 3.700000000000000000e+01
1.760621775485192704e+18 4.500000000000000000e+01
1.760621775618690816e+18 4.500000000000000000e+01
1.760621775785206784e+18 4.500000000000000000e+01
1.760621775818713600e+18 4.500000000000000000e+01
1.760621776452090624e+18 1.000000000000000000e+01
1.760621776485351680e+18 1.000000000000000000e+01
1.760621776618593792e+18 1.000000000000000000e+01
1.760621776685464576e+18 1.000000000000000000e+01
1.760621776785454848e+18 1.000000000000000000e+01
1.760621776818589696e+18 1.000000000000000000e+01
1.760621776885466624e+18 1.000000000000000000e+01
1.760621776952094720e+18 7.200000000000000000e+01
1.760621777118550784e+18 7.200000000000000000e+01
1.760621777185390592e+18 7.200000000000000000e+01
1.760621777218608640e+18 7.200000000000000000e+01
1.760621777318528768e+18 7.200000000000000000e+01
1.760621777385469696e+18 7.200000000000000000e+01
1.760621777452037632e+18 6.800000000000000000e+01
1.760621777585447680e+18 6.800000000000000000e+01
1.760621777718773504e+18 6.800000000000000000e+01
1.760621777851908608e+18 6.800000000000000000e+01
1.760621777918776832e+18 6.800000000000000000e+01
1.760621778585266688e+18 5.700000000000000000e+01
1.760621778718771712e+18 5.700000000000000000e+01
1.760621778852181760e+18 5.700000000000000000e+01
1.760621779052137728e+18 5.400000000000000000e+01
1.760621779118772736e+18 5.400000000000000000e+01
1.760621779185349632e+18 5.400000000000000000e+01
1.760621779252132608e+18 5.400000000000000000e+01
1.760621779386083584e+18 5.000000000000000000e+00
1.760621779518756608e+18 5.500000000000000000e+01
1.760621779585427712e+18 5.500000000000000000e+01
1.760621779652194816e+18 5.500000000000000000e+01
1.760621779718665472e+18 5.500000000000000000e+01
1.760621779785516800e+18 5.500000000000000000e+01
1.760621779852182528e+18 5.500000000000000000e+01
1.760621779918625536e+18 5.500000000000000000e+01
1.760621780052133888e+18 5.300000000000000000e+01
1.760621780118632704e+18 5.300000000000000000e+01
1.760621780185522688e+18 5.300000000000000000e+01
1.760621780252132608e+18 5.300000000000000000e+01
1.760621780318611712e+18 5.300000000000000000e+01
1.760621780385466624e+18 5.300000000000000000e+01
1.760621780485503744e+18 4.900000000000000000e+01
1.760621780518688768e+18 6.900000000000000000e+01
1.760621780652021760e+18 4.900000000000000000e+01
1.760621780852000768e+18 6.900000000000000000e+01
1.760621780918879744e+18 6.900000000000000000e+01
1.760621781052012800e+18 6.600000000000000000e+01
1.760621781185513728e+18 6.600000000000000000e+01
1.760621781385498880e+18 6.600000000000000000e+01
1.760621782852211712e+18 1.000000000000000000e+00
1.760621783552214528e+18 3.000000000000000000e+00
1.760621783618714624e+18 3.000000000000000000e+00
1.760621783685567744e+18 3.000000000000000000e+00
1.760621783752229632e+18 3.000000000000000000e+00
1.760621783818814720e+18 3.000000000000000000e+00
1.760621783885561600e+18 3.000000000000000000e+00
1.760621783952103680e+18 3.000000000000000000e+00
1.760621784018932480e+18 3.000000000000000000e+00
1.760621784085557760e+18 3.000000000000000000e+00
1.760621784218933504e+18 3.000000000000000000e+00
1.760621784285592832e+18 3.000000000000000000e+00
1.760621784352058624e+18 3.000000000000000000e+00
1.760621784418918656e+18 3.000000000000000000e+00
1.760621784485595648e+18 3.000000000000000000e+00
1.760621784618928640e+18 5.000000000000000000e+00
1.760621784685551616e+18 -5.000000000000000000e+00
1.760621784818924544e+18 -5.000000000000000000e+00
1.760621784885423616e+18 -5.000000000000000000e+00
1.760621784952313600e+18 -5.000000000000000000e+00
1.760621785018953472e+18 -5.000000000000000000e+00
1.760621785752316672e+18 1.000000000000000000e+00
1.760621786252280832e+18 1.000000000000000000e+00
1.760621786318783744e+18 1.000000000000000000e+00
1.760621786518797568e+18 1.000000000000000000e+00
1.760621787652170752e+18 1.000000000000000000e+01
1.760621787719024640e+18 1.000000000000000000e+01
1.760621787785635584e+18 1.000000000000000000e+01
1.760621787852136704e+18 1.000000000000000000e+01
1.760621787985512704e+18 1.000000000000000000e+01
1.760621788052404736e+18 1.000000000000000000e+01
1.760621788118996736e+18 1.000000000000000000e+01
1.760621788185503744e+18 1.000000000000000000e+01
1.760621788252374528e+18 1.000000000000000000e+01
1.760621788319000832e+18 1.000000000000000000e+01
1.760621788385502464e+18 1.000000000000000000e+01
1.760621788452366592e+18 1.000000000000000000e+01
1.760621788518997760e+18 1.000000000000000000e+01
1.760621788585488896e+18 1.000000000000000000e+01
1.760621788652364800e+18 9.000000000000000000e+00
1.760621789118885632e+18 9.000000000000000000e+01
1.760621789185719808e+18 1.000000000000000000e+01
1.760621789252331776e+18 1.000000000000000000e+01
1.760621789318857728e+18 1.000000000000000000e+01
1.760621789385706752e+18 1.000000000000000000e+01
1.760621789452388864e+18 1.000000000000000000e+01
1.760621789518852608e+18 1.000000000000000000e+01
1.760621789585757696e+18 1.000000000000000000e+01
1.760621789652420864e+18 1.000000000000000000e+01
1.760621789718849536e+18 1.000000000000000000e+01
1.760621789785767680e+18 1.000000000000000000e+01
1.760621789852346624e+18 1.000000000000000000e+01
1.760621789918884864e+18 1.000000000000000000e+01
1.760621790052221696e+18 1.000000000000000000e+01
1.760621791719076608e+18 2.700000000000000000e+01
1.760621791785577728e+18 2.700000000000000000e+01
1.760621792019099648e+18 2.700000000000000000e+01
1.760621792152453632e+18 2.700000000000000000e+01
1.760621792218970880e+18 3.600000000000000000e+01
1.760621792285827584e+18 3.400000000000000000e+01
1.760621792352445696e+18 3.400000000000000000e+01
1.760621792418957824e+18 3.400000000000000000e+01
1.760621792485828608e+18 3.400000000000000000e+01
1.760621792552493568e+18 3.400000000000000000e+01
1.760621792618945536e+18 3.400000000000000000e+01
1.760621792752442624e+18 2.600000000000000000e+01
1.760621792818957568e+18 2.600000000000000000e+01
1.760621792885805568e+18 -2.600000000000000000e+01
1.760621792952440832e+18 -2.600000000000000000e+01
1.760621793018938880e+18 2.600000000000000000e+01
1.760621793152288768e+18 -2.600000000000000000e+01
1.760621793685815552e+18 4.900000000000000000e+01
1.760621795219020544e+18 3.900000000000000000e+01
1.760621795752594688e+18 1.600000000000000000e+01
1.760621795819008512e+18 1.600000000000000000e+01
1.760621795885904896e+18 1.600000000000000000e+01
1.760621795952538624e+18 1.600000000000000000e+01
1.760621796019024640e+18 1.600000000000000000e+01
1.760621796085906688e+18 1.600000000000000000e+01
1.760621796152522496e+18 1.600000000000000000e+01
1.760621796219143680e+18 1.600000000000000000e+01
1.760621796285881856e+18 5.000000000000000000e+00
1.760621796352378624e+18 5.000000000000000000e+00
1.760621796420557824e+18 -5.000000000000000000e+00
1.760621796485881600e+18 -5.000000000000000000e+00
1.760621796552382720e+18 -5.000000000000000000e+00
1.760621796619269632e+18 -5.000000000000000000e+00
1.760621796685885696e+18 5.000000000000000000e+00
1.760621796752377856e+18 5.500000000000000000e+01
1.760621796819272704e+18 5.000000000000000000e+00
1.760621796885891584e+18 5.000000000000000000e+00
1.760621796952413696e+18 5.000000000000000000e+00
1.760621797019284736e+18 5.000000000000000000e+00
1.760621797085883648e+18 5.000000000000000000e+00
1.760621797152386560e+18 5.000000000000000000e+00
1.760621797219293696e+18 5.000000000000000000e+00
1.760621797285736448e+18 3.000000000000000000e+00
1.760621797352512512e+18 3.000000000000000000e+00
1.760621797419269632e+18 3.000000000000000000e+00
1.760621797485758720e+18 3.000000000000000000e+00
1.760621797552675840e+18 3.000000000000000000e+00
1.760621797619234560e+18 5.000000000000000000e+00
1.760621797685760768e+18 3.000000000000000000e+00
1.760621797752618752e+18 3.000000000000000000e+00
1.760621798319108608e+18 3.000000000000000000e+00
1.760621798385878528e+18 3.000000000000000000e+00
1.760621798452591616e+18 3.000000000000000000e+00
1.760621798519105792e+18 3.000000000000000000e+00
1.760621798585969664e+18 3.000000000000000000e+00
1.760621798652599552e+18 3.000000000000000000e+00
1.760621798719066624e+18 3.000000000000000000e+00
1.760621798919117568e+18 8.000000000000000000e+00
1.760621798985930752e+18 8.000000000000000000e+00
1.760621799052582656e+18 8.000000000000000000e+00
1.760621799119082752e+18 8.000000000000000000e+00
1.760621799185962752e+18 8.000000000000000000e+00
1.760621799252570624e+18 8.000000000000000000e+00
1.760621799319203584e+18 1.800000000000000000e+01
1.760621799385953792e+18 1.800000000000000000e+01
1.760621799519323648e+18 1.800000000000000000e+01
1.760621799585945600e+18 1.800000000000000000e+01
1.760621799719321600e+18 1.800000000000000000e+01
1.760621799785966592e+18 1.800000000000000000e+01
1.760621800319364864e+18 1.200000000000000000e+01
1.760621800452567552e+18 1.200000000000000000e+01
1.760621800519311616e+18 1.200000000000000000e+01
1.760621800585811712e+18 1.200000000000000000e+01
1.760621800652808704e+18 1.200000000000000000e+01
1.760621800719344640e+18 1.200000000000000000e+01
1.760621800852725760e+18 1.000000000000000000e+01
1.760621800919342848e+18 1.000000000000000000e+01
1.760621800985858560e+18 1.000000000000000000e+01
1.760621801052674816e+18 1.000000000000000000e+01
1.760621801119300608e+18 1.000000000000000000e+01
1.760621801185812736e+18 1.000000000000000000e+01
1.760621801252792576e+18 1.000000000000000000e+01
1.760621801319329792e+18 1.000000000000000000e+01
1.760621801385974528e+18 1.600000000000000000e+01
1.760621801452691712e+18 1.600000000000000000e+01
1.760621801519174656e+18 1.600000000000000000e+01
1.760621801586094592e+18 1.600000000000000000e+01
1.760621801652684800e+18 1.600000000000000000e+01
1.760621801719184640e+18 1.600000000000000000e+01
1.760621801786053632e+18 1.600000000000000000e+01
1.760621801852711680e+18 1.700000000000000000e+01
1.760621801986125824e+18 1.700000000000000000e+01
1.760621802052696832e+18 1.700000000000000000e+01
1.760621802119197696e+18 1.700000000000000000e+01
1.760621802286062592e+18 1.700000000000000000e+01
1.760621802319198720e+18 1.700000000000000000e+01
1.760621802386018816e+18 8.000000000000000000e+00
1.760621802619442688e+18 8.000000000000000000e+00
1.760621802652566784e+18 8.000000000000000000e+00
1.760621802719455744e+18 8.000000000000000000e+00
1.760621802786068736e+18 8.000000000000000000e+00
1.760621802852566784e+18 3.400000000000000000e+01
1.760621803952779776e+18 1.200000000000000000e+01
1.760621804019386880e+18 1.200000000000000000e+01
1.760621804352783616e+18 1.200000000000000000e+01
1.760621804419356672e+18 1.200000000000000000e+01
1.760621804686122752e+18 1.200000000000000000e+01
1.760621804752738816e+18 1.200000000000000000e+01
1.760621804819242752e+18 1.200000000000000000e+01
1.760621804952750592e+18 2.300000000000000000e+01
1.760621805019250688e+18 2.300000000000000000e+01
1.760621805086114560e+18 2.300000000000000000e+01
1.760621805152736768e+18 2.300000000000000000e+01
1.760621805219240704e+18 2.300000000000000000e+01
1.760621805286113792e+18 2.300000000000000000e+01
1.760621805352739584e+18 2.300000000000000000e+01
1.760621805419231744e+18 3.300000000000000000e+01
1.760621805486117632e+18 3.300000000000000000e+01
1.760621805552740608e+18 3.300000000000000000e+01
1.760621805619358720e+18 3.300000000000000000e+01
1.760621805686103552e+18 3.300000000000000000e+01
1.760621805752607488e+18 3.300000000000000000e+01
1.760621805819521792e+18 3.300000000000000000e+01
1.760621805886104576e+18 3.300000000000000000e+01
1.760621805952602624e+18 3.900000000000000000e+01
1.760621806019474688e+18 3.900000000000000000e+01
1.760621806086105600e+18 3.900000000000000000e+01
1.760621806152732672e+18 3.900000000000000000e+01
1.760621806219520512e+18 3.900000000000000000e+01
1.760621806286167552e+18 3.900000000000000000e+01
1.760621806352640512e+18 3.900000000000000000e+01
1.760621806486145792e+18 3.300000000000000000e+01
1.760621806552682752e+18 3.300000000000000000e+01
1.760621806619476736e+18 3.300000000000000000e+01
1.760621806685972736e+18 3.300000000000000000e+01
1.760621806752841728e+18 3.300000000000000000e+01
1.760621806819722752e+18 3.300000000000000000e+01
1.760621806885956864e+18 3.300000000000000000e+01
1.760621807419460864e+18 3.200000000000000000e+01
1.760621807485970688e+18 3.000000000000000000e+00
1.760621807552864768e+18 3.000000000000000000e+00
1.760621807652890624e+18 3.000000000000000000e+00
1.760621807686096640e+18 3.000000000000000000e+00
1.760621807752861696e+18 3.000000000000000000e+00
1.760621807819351552e+18 3.000000000000000000e+00
1.760621807886300672e+18 3.000000000000000000e+00
1.760621808486244608e+18 2.000000000000000000e+01
1.760621808552859904e+18 2.000000000000000000e+01
1.760621808652848640e+18 2.000000000000000000e+01
1.760621808686278656e+18 2.000000000000000000e+01
1.760621808752744704e+18 2.000000000000000000e+01
1.760621808819608576e+18 2.000000000000000000e+01
1.760621808886239744e+18 2.000000000000000000e+01
1.760621809052703744e+18 5.500000000000000000e+01
1.760621809119561728e+18 5.500000000000000000e+01
1.760621809186178560e+18 5.500000000000000000e+01
1.760621809319557632e+18 5.500000000000000000e+01
1.760621809386190592e+18 5.500000000000000000e+01
1.760621809452656640e+18 5.800000000000000000e+02
1.760621809519556864e+18 3.200000000000000000e+02
1.760621809586188800e+18 3.200000000000000000e+02
1.760621809652675584e+18 3.200000000000000000e+02
1.760621809719545600e+18 3.200000000000000000e+02
1.760621809786039552e+18 3.200000000000000000e+02
1.760621809852910848e+18 3.200000000000000000e+02
1.760621809919539712e+18 3.200000000000000000e+02
1.760621809986057728e+18 2.200000000000000000e+01
1.760621810052928768e+18 2.200000000000000000e+01
1.760621810119543808e+18 2.200000000000000000e+01
1.760621810186058752e+18 2.200000000000000000e+01
1.760621810319534848e+18 2.200000000000000000e+01
1.760621810386036736e+18 2.200000000000000000e+01
1.760621810452911616e+18 2.200000000000000000e+01
1.760621810519639808e+18 1.340000000000000000e+02
1.760621810586026752e+18 1.340000000000000000e+02
1.760621810652908544e+18 1.340000000000000000e+02
1.760621810852896768e+18 1.340000000000000000e+02
1.760621811052902656e+18 7.900000000000000000e+01
1.760621811119438592e+18 7.900000000000000000e+01
1.760621811186276608e+18 7.900000000000000000e+01
1.760621811252898816e+18 7.900000000000000000e+01
1.760621811319437824e+18 7.900000000000000000e+01
1.760621811386277632e+18 7.900000000000000000e+01
1.760621811452959744e+18 7.900000000000000000e+01
1.760621811519401728e+18 7.600000000000000000e+01
1.760621811586267648e+18 7.600000000000000000e+01
1.760621811652956672e+18 7.600000000000000000e+01
1.760621811719450624e+18 7.600000000000000000e+01
1.760621811786327552e+18 7.600000000000000000e+01
1.760621811852820736e+18 7.600000000000000000e+01
1.760621811986302720e+18 7.600000000000000000e+01
1.760621812319634688e+18 7.400000000000000000e+01
1.760621812586264576e+18 6.700000000000000000e+01
1.760621812652780800e+18 6.700000000000000000e+01
1.760621812719645696e+18 6.700000000000000000e+01
1.760621812786274560e+18 6.700000000000000000e+01
1.760621812852931840e+18 6.700000000000000000e+01
1.760621812919648768e+18 6.700000000000000000e+01
1.760621813186121728e+18 5.600000000000000000e+01
1.760621813353008640e+18 5.600000000000000000e+01
1.760621813386166528e+18 5.600000000000000000e+01
1.760621813452995840e+18 5.600000000000000000e+01
1.760621813519662592e+18 5.600000000000000000e+01
1.760621813586130688e+18 3.500000000000000000e+01
1.760621813686118656e+18 3.500000000000000000e+01
1.760621813752979712e+18 3.500000000000000000e+01
1.760621813819608576e+18 3.500000000000000000e+01
1.760621813886252544e+18 3.500000000000000000e+01
1.760621813952911616e+18 3.500000000000000000e+01
1.760621814019495680e+18 3.500000000000000000e+01
1.760621814086352640e+18 2.200000000000000000e+01
1.760621814153010688e+18 2.200000000000000000e+01
1.760621814219478528e+18 2.200000000000000000e+01
1.760621814286388736e+18 2.200000000000000000e+01
1.760621814352991488e+18 2.200000000000000000e+01
1.760621814419494656e+18 2.200000000000000000e+01
1.760621814486342656e+18 2.200000000000000000e+01
1.760621814552975616e+18 1.300000000000000000e+01
1.760621814619476736e+18 1.300000000000000000e+01
1.760621814686352640e+18 1.300000000000000000e+01
1.760621814752983552e+18 1.300000000000000000e+01
1.760621814819477760e+18 1.300000000000000000e+01
1.760621814886351616e+18 1.300000000000000000e+01
1.760621814952851712e+18 1.300000000000000000e+01
1.760621815019726848e+18 1.300000000000000000e+01
1.760621815619733504e+18 3.000000000000000000e+00
1.760621815686348800e+18 3.000000000000000000e+00
1.760621815752850688e+18 3.000000000000000000e+00
1.760621815819702528e+18 3.000000000000000000e+00
1.760621815886332672e+18 3.000000000000000000e+00
1.760621815952952576e+18 3.000000000000000000e+00
1.760621816019700736e+18 3.000000000000000000e+00
1.760621816619716608e+18 2.000000000000000000e+00
1.760621816753059584e+18 2.000000000000000000e+00
1.760621816819686656e+18 2.000000000000000000e+00
1.760621816953061632e+18 2.000000000000000000e+00
1.760621817153133568e+18 5.000000000000000000e+00
1.760621817219543808e+18 -5.000000000000000000e+00
1.760621817286529792e+18 -5.000000000000000000e+00
1.760621817353086720e+18 -5.000000000000000000e+00
1.760621817419554816e+18 5.000000000000000000e+00
1.760621817486425600e+18 5.000000000000000000e+00
1.760621817553121536e+18 -5.000000000000000000e+00
1.760621817619557632e+18 6.000000000000000000e+00
1.760621818619797760e+18 4.000000000000000000e+00
1.760621819153204736e+18 2.000000000000000000e+00
1.760621819219829760e+18 2.000000000000000000e+00
1.760621819286313728e+18 2.000000000000000000e+00
1.760621819386286848e+18 2.000000000000000000e+00
1.760621819419818752e+18 2.000000000000000000e+00
1.760621819486328576e+18 2.000000000000000000e+00
1.760621819553223680e+18 2.000000000000000000e+00
1.760621819619843840e+18 2.000000000000000000e+00
1.760621820153168640e+18 2.000000000000000000e+00
1.760621820219680768e+18 2.000000000000000000e+00
1.760621820319640576e+18 2.000000000000000000e+00
1.760621820386523648e+18 2.000000000000000000e+00
1.760621820519638784e+18 2.000000000000000000e+00
1.760621820586417664e+18 2.000000000000000000e+00
1.760621820653130752e+18 2.300000000000000000e+01
1.760621820719644672e+18 3.000000000000000000e+00
1.760621820786489600e+18 3.000000000000000000e+00
1.760621820853133568e+18 3.000000000000000000e+00
1.760621820919627776e+18 3.000000000000000000e+00
1.760621820986472704e+18 3.000000000000000000e+00
1.760621821119749888e+18 3.000000000000000000e+00
1.760621821319872512e+18 5.000000000000000000e+00
1.760621821519867648e+18 -5.000000000000000000e+00
1.760621821653030656e+18 -5.000000000000000000e+00
1.760621821719864576e+18 9.000000000000000000e+00
1.760621821786511616e+18 9.000000000000000000e+00
1.760621821986461696e+18 9.000000000000000000e+00
1.760621822053008896e+18 9.000000000000000000e+00
1.760621822720065536e+18 2.500000000000000000e+01
1.760621822786351616e+18 2.500000000000000000e+01
1.760621822919891712e+18 2.500000000000000000e+01
1.760621822986357760e+18 2.500000000000000000e+01
1.760621823053266688e+18 2.500000000000000000e+01
1.760621823119850752e+18 2.500000000000000000e+01
1.760621823253256704e+18 3.200000000000000000e+01
1.760621823319742720e+18 3.200000000000000000e+01
1.760621823386603520e+18 3.200000000000000000e+01
1.760621823453240576e+18 3.200000000000000000e+01
1.760621823519744512e+18 3.200000000000000000e+01
1.760621823653268480e+18 3.200000000000000000e+01
1.760621823753244672e+18 2.800000000000000000e+01
1.760621823786619648e+18 2.800000000000000000e+01
1.760621823853236736e+18 2.800000000000000000e+01
1.760621823986610688e+18 2.800000000000000000e+01
1.760621824053253632e+18 2.800000000000000000e+01
1.760621824119703808e+18 2.800000000000000000e+01
1.760621824186626560e+18 2.800000000000000000e+01
1.760621824786614784e+18 2.500000000000000000e+01
1.760621824919999488e+18 2.500000000000000000e+01
1.760621825119978752e+18 2.500000000000000000e+01
1.760621825253232640e+18 3.200000000000000000e+01
1.760621825319987712e+18 3.200000000000000000e+01
1.760621825419934720e+18 3.200000000000000000e+01
1.760621825486412800e+18 3.200000000000000000e+01
1.760621825553305600e+18 3.200000000000000000e+01
1.760621825619942656e+18 3.200000000000000000e+01
1.760621825686435584e+18 3.200000000000000000e+01
1.760621825753352704e+18 3.300000000000000000e+01
1.760621825819925760e+18 3.300000000000000000e+01
1.760621825886433536e+18 3.300000000000000000e+01
1.760621825953306624e+18 3.300000000000000000e+01
1.760621826019949568e+18 3.300000000000000000e+01
1.760621826086418688e+18 3.300000000000000000e+01
1.760621826153302784e+18 3.300000000000000000e+01
1.760621826219932672e+18 3.300000000000000000e+01
1.760621826286517504e+18 2.500000000000000000e+01
1.760621826353346560e+18 2.500000000000000000e+01
1.760621826486649856e+18 2.500000000000000000e+01
1.760621826619835648e+18 2.500000000000000000e+01
1.760621826753286656e+18 8.500000000000000000e+01
1.760621826819795712e+18 5.100000000000000000e+01
1.760621826886661888e+18 5.100000000000000000e+01
1.760621826953284864e+18 5.100000000000000000e+01
1.760621827019812608e+18 5.100000000000000000e+01
1.760621827086659584e+18 5.100000000000000000e+01
1.760621827153342720e+18 5.100000000000000000e+01
1.760621827286657536e+18 8.800000000000000000e+01
1.760621827353203712e+18 8.800000000000000000e+01
1.760621827419934720e+18 8.800000000000000000e+01
1.760621827486656768e+18 8.800000000000000000e+01
1.760621827553150720e+18 8.800000000000000000e+01
1.760621827620026624e+18 8.800000000000000000e+01
1.760621827686699520e+18 8.800000000000000000e+01
1.760621827753183488e+18 8.800000000000000000e+01
1.760621827820035584e+18 3.640000000000000000e+02
1.760621827886750720e+18 3.640000000000000000e+02
1.760621827953156608e+18 3.640000000000000000e+02
1.760621828020042752e+18 3.640000000000000000e+02
1.760621828153167616e+18 3.640000000000000000e+02
1.760621828286655744e+18 3.600000000000000000e+02
1.760621828353320704e+18 2.100000000000000000e+02
1.760621828420073728e+18 2.100000000000000000e+02
1.760621828486487552e+18 2.100000000000000000e+02
1.760621828553405696e+18 2.100000000000000000e+02
1.760621828686532608e+18 2.100000000000000000e+02
1.760621828753414656e+18 2.100000000000000000e+02
1.760621828820026624e+18 2.200000000000000000e+02
1.760621828886535680e+18 2.200000000000000000e+02
1.760621828953424640e+18 2.200000000000000000e+02
1.760621829020029696e+18 2.200000000000000000e+02
1.760621829120046592e+18 2.200000000000000000e+02
1.760621829153401600e+18 2.200000000000000000e+02
1.760621829220018688e+18 2.200000000000000000e+02
1.760621829286509824e+18 2.200000000000000000e+02
1.760621829353447680e+18 6.170000000000000000e+02
1.760621829453409792e+18 6.170000000000000000e+02
1.760621829486664704e+18 6.170000000000000000e+02
1.760621829553372672e+18 6.170000000000000000e+02
1.760621829619895808e+18 6.170000000000000000e+02
1.760621829686773760e+18 6.170000000000000000e+02
1.760621829753394688e+18 6.170000000000000000e+02
1.760621829819885824e+18 6.170000000000000000e+02
1.760621829886748672e+18 9.990000000000000000e+02
1.760621829953365504e+18 9.990000000000000000e+02
1.760621830019863552e+18 9.990000000000000000e+02
1.760621830119869696e+18 9.990000000000000000e+02
1.760621830153416704e+18 9.990000000000000000e+02
1.760621830219925760e+18 9.990000000000000000e+02
1.760621830286739712e+18 9.990000000000000000e+02
1.760621830353383680e+18 9.990000000000000000e+02
1.760621830453271552e+18 9.990000000000000000e+02
1.760621830486774784e+18 9.990000000000000000e+02
1.760621830553378560e+18 9.990000000000000000e+02
1.760621830620140800e+18 9.990000000000000000e+02
1.760621830686729728e+18 9.990000000000000000e+02
1.760621830786733568e+18 9.990000000000000000e+02
1.760621830853248512e+18 9.990000000000000000e+02
1.760621830920128512e+18 9.970000000000000000e+02
1.760621830986732800e+18 9.970000000000000000e+02
1.760621831053255680e+18 9.970000000000000000e+02
1.760621831120104704e+18 9.970000000000000000e+02
1.760621831186709760e+18 9.970000000000000000e+02
1.760621831253246720e+18 9.970000000000000000e+02
1.760621831320066816e+18 9.970000000000000000e+02
1.760621831386705664e+18 9.950000000000000000e+02
1.760621831453334528e+18 9.950000000000000000e+02
1.760621831520077824e+18 9.950000000000000000e+02
1.760621831586594560e+18 9.950000000000000000e+02
1.760621831653505536e+18 9.950000000000000000e+02
1.760621831720089600e+18 9.950000000000000000e+02
1.760621831786575872e+18 9.950000000000000000e+02
1.760621831853462784e+18 9.950000000000000000e+02
1.760621831920081664e+18 8.170000000000000000e+02
1.760621831986588672e+18 8.170000000000000000e+02
1.760621832120088576e+18 8.170000000000000000e+02
1.760621832186579712e+18 8.170000000000000000e+02
1.760621832253488896e+18 8.170000000000000000e+02
1.760621832320080640e+18 8.170000000000000000e+02
1.760621832453449728e+18 3.370000000000000000e+02
1.760621832586698752e+18 3.370000000000000000e+02
1.760621832719952640e+18 3.370000000000000000e+02
1.760621832853544704e+18 3.370000000000000000e+02
1.760621832919941632e+18 3.390000000000000000e+02
1.760621832986824704e+18 1.190000000000000000e+02
1.760621833053490688e+18 1.190000000000000000e+02
1.760621833119942656e+18 1.190000000000000000e+02
1.760621833186861824e+18 1.190000000000000000e+02
1.760621833253484800e+18 1.190000000000000000e+02
1.760621833320118784e+18 1.190000000000000000e+02
1.760621833387208704e+18 1.190000000000000000e+02
1.760621833453443840e+18 8.400000000000000000e+01
1.760621833520083712e+18 8.400000000000000000e+01
1.760621833587206656e+18 8.400000000000000000e+01
1.760621833653336832e+18 8.400000000000000000e+01
1.760621833853324544e+18 8.400000000000000000e+01
1.760621833920233728e+18 8.400000000000000000e+01
1.760621833986788864e+18 7.600000000000000000e+01
1.760621834120188672e+18 7.600000000000000000e+01
1.760621834186860544e+18 7.600000000000000000e+01
1.760621834253324800e+18 7.600000000000000000e+01
1.760621834320189696e+18 7.600000000000000000e+01
1.760621834386808576e+18 7.600000000000000000e+01
1.760621834586805504e+18 8.500000000000000000e+01
1.760621834720250624e+18 8.500000000000000000e+01
1.760621834820209664e+18 8.500000000000000000e+01
1.760621834853601792e+18 8.500000000000000000e+01
1.760621834920205568e+18 8.500000000000000000e+01
1.760621835320195584e+18 2.000000000000000000e+01
1.760621835486686720e+18 2.660000000000000000e+02
1.760621835520223744e+18 2.460000000000000000e+02
1.760621835586678784e+18 2.660000000000000000e+02
1.760621835653547776e+18 2.660000000000000000e+02
1.760621835720095744e+18 2.460000000000000000e+02
1.760621835820111872e+18 2.660000000000000000e+02
1.760621835986925568e+18 2.800000000000000000e+02
1.760621836153534720e+18 2.870000000000000000e+02
1.760621836186969856e+18 2.870000000000000000e+02
1.760621836253517568e+18 2.870000000000000000e+02
1.760621836320045824e+18 2.870000000000000000e+02
1.760621836386958592e+18 2.870000000000000000e+02
1.760621836553529856e+18 2.370000000000000000e+02
1.760621836620026624e+18 2.370000000000000000e+02
1.760621836753397760e+18 2.370000000000000000e+02
1.760621836820262656e+18 2.370000000000000000e+02
1.760621836886905600e+18 2.370000000000000000e+02
1.760621836953393664e+18 2.370000000000000000e+02
1.760621837086885632e+18 1.660000000000000000e+02
1.760621837153386496e+18 1.660000000000000000e+02
1.760621837220227840e+18 1.660000000000000000e+02
1.760621837286883584e+18 1.660000000000000000e+02
1.760621837353404672e+18 1.660000000000000000e+02
1.760621837420252672e+18 1.660000000000000000e+02
1.760621837486876672e+18 1.660000000000000000e+02
1.760621837553379840e+18 1.660000000000000000e+02
1.760621837620248832e+18 1.640000000000000000e+02
1.760621837820244736e+18 1.640000000000000000e+02
1.760621837953618688e+18 1.640000000000000000e+02
1.760621838086739712e+18 1.690000000000000000e+02
1.760621838153615616e+18 1.690000000000000000e+02
1.760621838220262656e+18 1.690000000000000000e+02
1.760621838286714880e+18 1.690000000000000000e+02
1.760621838353682688e+18 1.690000000000000000e+02
1.760621838420290816e+18 1.690000000000000000e+02
1.760621838486734592e+18 1.690000000000000000e+02
1.760621838553674752e+18 1.690000000000000000e+02
1.760621838620258560e+18 1.850000000000000000e+02
1.760621838686735616e+18 1.850000000000000000e+02
1.760621838820104704e+18 1.850000000000000000e+02
1.760621838887033600e+18 1.850000000000000000e+02
1.760621838953668608e+18 1.850000000000000000e+02
1.760621839020123648e+18 1.850000000000000000e+02
1.760621839086977792e+18 1.850000000000000000e+02
1.760621839153615616e+18 1.900000000000000000e+02
1.760621839220111616e+18 1.900000000000000000e+02
1.760621839286997760e+18 1.900000000000000000e+02
1.760621839353634560e+18 1.900000000000000000e+02
1.760621839420139776e+18 1.900000000000000000e+02
1.760621839486970624e+18 1.900000000000000000e+02
1.760621839553609728e+18 1.900000000000000000e+02
1.760621839620160512e+18 1.900000000000000000e+02
1.760621839686981632e+18 1.870000000000000000e+02
1.760621839753620736e+18 1.870000000000000000e+02
1.760621839820236800e+18 1.870000000000000000e+02
1.760621839886995712e+18 1.870000000000000000e+02
1.760621839953488640e+18 1.870000000000000000e+02
1.760621840086973696e+18 1.870000000000000000e+02
1.760621840186990848e+18 1.960000000000000000e+02
1.760621840220387584e+18 1.960000000000000000e+02
1.760621840286966528e+18 1.960000000000000000e+02
1.760621840353502720e+18 1.960000000000000000e+02
1.760621840420342784e+18 1.960000000000000000e+02
1.760621840553520640e+18 1.960000000000000000e+02
1.760621840620354560e+18 1.960000000000000000e+02
1.760621840686992640e+18 1.940000000000000000e+02
1.760621840953715456e+18 1.960000000000000000e+02
1.760621841020361728e+18 1.940000000000000000e+02
1.760621841086831616e+18 1.940000000000000000e+02
1.760621841186824704e+18 1.810000000000000000e+02
1.760621841220395520e+18 1.810000000000000000e+02
1.760621841286878464e+18 1.810000000000000000e+02
1.760621841353754880e+18 1.810000000000000000e+02
1.760621841520338688e+18 1.810000000000000000e+02
1.760621841586819584e+18 1.810000000000000000e+02
1.760621841653746688e+18 1.810000000000000000e+02
1.760621841853688832e+18 1.700000000000000000e+01
1.760621841987065856e+18 1.760000000000000000e+02
1.760621842120189696e+18 1.740000000000000000e+02
1.760621842187081472e+18 1.740000000000000000e+02
1.760621842587054848e+18 1.700000000000000000e+01
1.760621842653694720e+18 1.760000000000000000e+02
1.760621843720422656e+18 5.000000000000000000e+00
1.760621843986909696e+18 5.000000000000000000e+00
1.760621844053814528e+18 5.000000000000000000e+00
1.760621844720475648e+18 8.000000000000000000e+01
1.760621844786903552e+18 1.000000000000000000e+01
1.760621844853786624e+18 1.000000000000000000e+01
1.760621844920404736e+18 1.000000000000000000e+01
1.760621844986982656e+18 1.000000000000000000e+01
1.760621845120270848e+18 1.000000000000000000e+01
1.760621846320500736e+18 8.000000000000000000e+00
1.760621846387168768e+18 8.000000000000000000e+00
1.760621846453624832e+18 8.000000000000000000e+00
1.760621846653620736e+18 8.000000000000000000e+00
1.760621846720553728e+18 8.000000000000000000e+00
1.760621846787142656e+18 9.000000000000000000e+00
1.760621846920528640e+18 9.000000000000000000e+00
1.760621846987132672e+18 9.000000000000000000e+00
1.760621847053819648e+18 9.000000000000000000e+00
1.760621847120519680e+18 9.000000000000000000e+00
1.760621847220493824e+18 9.000000000000000000e+00
1.760621847387026688e+18 8.000000000000000000e+00
1.760621847487010816e+18 8.000000000000000000e+00
1.760621847553917696e+18 8.000000000000000000e+00
1.760621847620486656e+18 8.000000000000000000e+00
1.760621847753874688e+18 8.000000000000000000e+00
1.760621847820476672e+18 8.000000000000000000e+00
1.760621847953839872e+18 8.000000000000000000e+00
1.760621848087063808e+18 8.000000000000000000e+00
1.760621848153853696e+18 8.000000000000000000e+00
1.760621848220322560e+18 8.000000000000000000e+00
1.760621848287180544e+18 8.300000000000000000e+01
1.760621848353846784e+18 1.300000000000000000e+01
1.760621848420338688e+18 1.300000000000000000e+01
1.760621848487211776e+18 1.300000000000000000e+01
1.760621848553836544e+18 1.300000000000000000e+01
1.760621848620334592e+18 1.300000000000000000e+01
1.760621848687257856e+18 1.300000000000000000e+01
1.760621848753830656e+18 1.300000000000000000e+01
1.760621848887203584e+18 1.500000000000000000e+01
1.760621848953873664e+18 1.500000000000000000e+01
1.760621849153703680e+18 1.500000000000000000e+01
1.760621849420570624e+18 1.800000000000000000e+01
1.760621849487278592e+18 1.800000000000000000e+01
1.760621849553691648e+18 1.800000000000000000e+01
1.760621849687190784e+18 1.800000000000000000e+01
1.760621849753720832e+18 1.800000000000000000e+01
1.760621849821215744e+18 1.800000000000000000e+01
1.760621849887195648e+18 1.600000000000000000e+01
1.760621849953738752e+18 1.600000000000000000e+01
1.760621850020602624e+18 1.600000000000000000e+01
1.760621850087079680e+18 1.600000000000000000e+01
1.760621850153833728e+18 1.600000000000000000e+01
1.760621850220619776e+18 1.600000000000000000e+01
1.760621850287088640e+18 1.600000000000000000e+01
1.760621850820564736e+18 1.600000000000000000e+01
1.760621850920585728e+18 1.600000000000000000e+01
1.760621850953967616e+18 1.600000000000000000e+01
1.760621851020569600e+18 1.600000000000000000e+01
1.760621851087086592e+18 1.600000000000000000e+01
1.760621851153944832e+18 1.600000000000000000e+01
1.760621851253942784e+18 1.600000000000000000e+01
1.760621851287330560e+18 1.600000000000000000e+01
1.760621851353953536e+18 3.100000000000000000e+01
1.760621851487296512e+18 3.100000000000000000e+01
1.760621851587315712e+18 3.100000000000000000e+01
1.760621851687321600e+18 3.100000000000000000e+01
1.760621851753936640e+18 3.100000000000000000e+01
1.760621851820411648e+18 3.100000000000000000e+01
1.760621851920407808e+18 4.900000000000000000e+01
1.760621851953945600e+18 4.900000000000000000e+01
1.760621852087297792e+18 6.900000000000000000e+01
1.760621852287352576e+18 4.900000000000000000e+01
1.760621852420698624e+18 5.300000000000000000e+01
1.760621852487303680e+18 6.300000000000000000e+01
1.760621852587276800e+18 6.300000000000000000e+01
1.760621852620660736e+18 6.300000000000000000e+01
1.760621852687270656e+18 6.300000000000000000e+01
1.760621852753854720e+18 6.300000000000000000e+01
1.760621852853767680e+18 6.300000000000000000e+01
1.760621852920641536e+18 5.300000000000000000e+01
1.760621852987271680e+18 5.300000000000000000e+01
1.760621853053744896e+18 6.300000000000000000e+01
1.760621853120646656e+18 3.000000000000000000e+00
1.760621853187294720e+18 5.300000000000000000e+01
1.760621853253888512e+18 5.300000000000000000e+01
1.760621853320632576e+18 5.300000000000000000e+01
1.760621853387170816e+18 7.600000000000000000e+01
1.760621853520629760e+18 7.600000000000000000e+01
1.760621853587170560e+18 7.600000000000000000e+01
1.760621853654012672e+18 7.600000000000000000e+01
1.760621853854001664e+18 7.600000000000000000e+01
1.760621855187398656e+18 1.100000000000000000e+01
1.760621855320612608e+18 1.100000000000000000e+01
1.760621855987359744e+18 8.500000000000000000e+01
1.760621856053898496e+18 8.500000000000000000e+01
1.760621856120718592e+18 8.500000000000000000e+01
1.760621856187382784e+18 8.500000000000000000e+01
1.760621856253867520e+18 8.500000000000000000e+01
1.760621856387224576e+18 8.500000000000000000e+01
1.760621856620745728e+18 1.500000000000000000e+01
1.760621856787210752e+18 1.500000000000000000e+01
1.760621857054125824e+18 1.200000000000000000e+01
1.760621857120707840e+18 1.200000000000000000e+01
1.760621857187244544e+18 1.200000000000000000e+01
1.760621857287221760e+18 1.200000000000000000e+01
1.760621857320747520e+18 1.200000000000000000e+01
1.760621857387363584e+18 1.200000000000000000e+01
1.760621857520618752e+18 8.400000000000000000e+01
1.760621857654095616e+18 8.400000000000000000e+01
1.760621857720622848e+18 8.400000000000000000e+01
1.760621857787472640e+18 8.400000000000000000e+01
1.760621857987482880e+18 7.800000000000000000e+01
1.760621858120621568e+18 7.800000000000000000e+01
1.760621858220542720e+18 7.800000000000000000e+01
1.760621858287435776e+18 7.800000000000000000e+01
1.760621858420681728e+18 7.800000000000000000e+01
1.760621858487461632e+18 9.000000000000000000e+01
1.760621858553935872e+18 9.000000000000000000e+01
1.760621858620811776e+18 9.000000000000000000e+01
1.760621858687430656e+18 9.000000000000000000e+01
1.760621858753917696e+18 9.000000000000000000e+01
1.760621858820806656e+18 9.000000000000000000e+01
1.760621858953926656e+18 9.000000000000000000e+01
1.760621859020799744e+18 1.600000000000000000e+01
1.760621859087423488e+18 1.600000000000000000e+01
1.760621859153920768e+18 1.600000000000000000e+01
1.760621859220821504e+18 1.600000000000000000e+01
1.760621859287462656e+18 1.600000000000000000e+01
1.760621859353961728e+18 1.600000000000000000e+01
1.760621859420802560e+18 1.600000000000000000e+01
1.760621859487295744e+18 7.600000000000000000e+01
1.760621860020822784e+18 5.300000000000000000e+01
1.760621860087317760e+18 5.300000000000000000e+01
1.760621860154209536e+18 6.300000000000000000e+01
1.760621860220809728e+18 5.300000000000000000e+01
1.760621860287288576e+18 5.300000000000000000e+01
1.760621860354154496e+18 6.300000000000000000e+01
1.760621860420775680e+18 6.300000000000000000e+01
1.760621860487418624e+18 6.300000000000000000e+01
1.760621860554045696e+18 4.900000000000000000e+01
1.760621860620644608e+18 4.900000000000000000e+01
1.760621860687566848e+18 4.900000000000000000e+01
1.760621860754155520e+18 4.900000000000000000e+01
1.760621860820647680e+18 4.900000000000000000e+01
1.760621860887526656e+18 4.900000000000000000e+01
1.760621860954156544e+18 4.900000000000000000e+01
1.760621861087528704e+18 5.900000000000000000e+01
1.760621861220620544e+18 5.900000000000000000e+01
1.760621861287507712e+18 5.900000000000000000e+01
1.760621861354197760e+18 5.900000000000000000e+01
1.760621861420641536e+18 5.900000000000000000e+01
1.760621861487510784e+18 5.900000000000000000e+01
1.760621862087530496e+18 8.600000000000000000e+01
1.760621862154076672e+18 8.600000000000000000e+01
1.760621862220945664e+18 8.600000000000000000e+01
1.760621862320900608e+18 8.600000000000000000e+01
1.760621862354042880e+18 8.600000000000000000e+01
1.760621862420897792e+18 8.600000000000000000e+01
1.760621862487503872e+18 8.600000000000000000e+01
1.760621862987394560e+18 8.700000000000000000e+01
1.760621863087408896e+18 8.000000000000000000e+00
1.760621864320724736e+18 8.000000000000000000e+00
1.760621864454229504e+18 8.000000000000000000e+00
1.760621864654136576e+18 1.300000000000000000e+01
1.760621864720970752e+18 1.300000000000000000e+01
1.760621864787586816e+18 1.300000000000000000e+01
1.760621864854117632e+18 1.300000000000000000e+01
1.760621864920963840e+18 1.300000000000000000e+01
1.760621864987585792e+18 1.300000000000000000e+01
1.760621865054091776e+18 1.300000000000000000e+01
1.760621865454073600e+18 1.700000000000000000e+01
1.760621865654204672e+18 1.100000000000000000e+01
1.760621865720945664e+18 1.100000000000000000e+01
1.760621865787440896e+18 1.100000000000000000e+01
1.760621865854323712e+18 1.100000000000000000e+01
1.760621865920943616e+18 -1.100000000000000000e+01
1.760621866054318592e+18 1.100000000000000000e+01
1.760621866187451648e+18 7.000000000000000000e+01
1.760621866320946688e+18 7.000000000000000000e+01
1.760621866387465728e+18 7.000000000000000000e+01
1.760621866454327552e+18 7.000000000000000000e+01
1.760621866520970496e+18 7.000000000000000000e+01
1.760621866587456768e+18 7.000000000000000000e+01
1.760621866787705600e+18 8.000000000000000000e+00
1.760621866920826624e+18 8.000000000000000000e+00
1.760621867054345728e+18 8.400000000000000000e+01
1.760621867120831744e+18 8.000000000000000000e+00
1.760621868121045504e+18 1.100000000000000000e+01
1.760621868254202624e+18 6.200000000000000000e+01
1.760621868387714560e+18 6.200000000000000000e+01
1.760621868521086720e+18 6.200000000000000000e+01
1.760621868587719680e+18 6.200000000000000000e+01
1.760621868721124608e+18 5.800000000000000000e+01
1.760621868787556608e+18 5.800000000000000000e+01
1.760621868854435584e+18 5.800000000000000000e+01
1.760621868921079552e+18 5.800000000000000000e+01
1.760621869021028864e+18 5.800000000000000000e+01
1.760621869054483712e+18 5.800000000000000000e+01
1.760621869754405632e+18 7.300000000000000000e+01
1.760621869954413568e+18 7.300000000000000000e+01
1.760621870020900608e+18 7.300000000000000000e+01
1.760621870821047808e+18 8.900000000000000000e+01
1.760621870887780608e+18 8.900000000000000000e+01
1.760621870954243584e+18 8.900000000000000000e+01
1.760621871021122816e+18 8.900000000000000000e+01
1.760621871087726592e+18 8.900000000000000000e+01
1.760621871154295808e+18 8.900000000000000000e+01
1.760621871221160704e+18 8.000000000000000000e+01
1.760621871287684608e+18 8.000000000000000000e+01
1.760621871354282496e+18 8.000000000000000000e+01
1.760621871421161728e+18 8.000000000000000000e+01
1.760621871487781888e+18 8.000000000000000000e+01
1.760621871554241536e+18 8.000000000000000000e+01
1.760621871621153536e+18 8.000000000000000000e+01
1.760621871687745536e+18 8.000000000000000000e+01
1.760621872287609600e+18 8.600000000000000000e+01
1.760621872354521856e+18 8.600000000000000000e+01
1.760621872487625472e+18 8.600000000000000000e+01
1.760621872554496768e+18 8.600000000000000000e+01
1.760621872621082880e+18 8.600000000000000000e+01
1.760621872687615744e+18 8.600000000000000000e+01
1.760621873420973824e+18 8.000000000000000000e+00
1.760621873554487808e+18 8.700000000000000000e+01
1.760621873720972800e+18 8.700000000000000000e+01
1.760621873820962560e+18 8.200000000000000000e+01
1.760621873887869696e+18 8.200000000000000000e+01
1.760621873954367744e+18 8.200000000000000000e+01
1.760621874054333696e+18 8.200000000000000000e+01
1.760621874087863808e+18 8.200000000000000000e+01
1.760621874154333696e+18 8.200000000000000000e+01
1.760621874287867904e+18 8.200000000000000000e+01
1.760621874387833600e+18 8.300000000000000000e+01
1.760621874421242624e+18 8.300000000000000000e+01
1.760621874487849728e+18 8.300000000000000000e+01
1.760621874554404608e+18 8.300000000000000000e+01
1.760621874621281536e+18 8.300000000000000000e+01
1.760621874721196544e+18 8.300000000000000000e+01
1.760621874787787776e+18 8.300000000000000000e+01
1.760621875387652608e+18 8.200000000000000000e+01
1.760621875454548480e+18 8.200000000000000000e+01
1.760621875521180672e+18 8.200000000000000000e+01
1.760621875587640832e+18 8.200000000000000000e+01
1.760621875654546688e+18 8.200000000000000000e+01
1.760621875721174784e+18 8.200000000000000000e+01
1.760621875787668736e+18 8.200000000000000000e+01
1.760621875854558720e+18 7.800000000000000000e+01
1.760621875921172736e+18 7.800000000000000000e+01
1.760621875987840768e+18 7.800000000000000000e+01
1.760621876054585600e+18 7.800000000000000000e+01
1.760621876187969792e+18 7.800000000000000000e+01
1.760621876321035520e+18 7.800000000000000000e+01
1.760621876921109760e+18 7.100000000000000000e+01
1.760621877387931648e+18 8.300000000000000000e+01
1.760621877454439680e+18 8.300000000000000000e+01
1.760621877521283584e+18 8.300000000000000000e+01
1.760621877587912704e+18 8.300000000000000000e+01
1.760621877654419712e+18 8.300000000000000000e+01
1.760621877721282816e+18 8.300000000000000000e+01
1.760621877787901696e+18 8.300000000000000000e+01
1.760621877854401536e+18 8.300000000000000000e+01
1.760621878421282816e+18 7.600000000000000000e+01
1.760621878454658816e+18 7.600000000000000000e+01
1.760621878521292800e+18 7.600000000000000000e+01
1.760621878587787520e+18 7.600000000000000000e+01
1.760621878854649856e+18 7.600000000000000000e+01
1.760621879488016640e+18 7.300000000000000000e+01
1.760621879688014848e+18 7.300000000000000000e+01
1.760621880021126656e+18 8.200000000000000000e+01
1.760621880088018688e+18 8.200000000000000000e+01
1.760621880154488576e+18 8.200000000000000000e+01
1.760621880221254656e+18 8.200000000000000000e+01
1.760621880287980800e+18 8.200000000000000000e+01
1.760621880354530560e+18 8.200000000000000000e+01
1.760621880487969536e+18 8.500000000000000000e+01
1.760621880554467584e+18 8.500000000000000000e+01
1.760621880621347584e+18 8.500000000000000000e+01
1.760621880687975680e+18 8.500000000000000000e+01
1.760621880754472704e+18 8.500000000000000000e+01
1.760621880821340672e+18 8.500000000000000000e+01
1.760621881621330688e+18 6.800000000000000000e+01
1.760621881754704640e+18 6.800000000000000000e+01
1.760621881887865856e+18 5.800000000000000000e+01
1.760621881954757632e+18 6.500000000000000000e+01
1.760621882421204480e+18 5.500000000000000000e+01
1.760621883021208832e+18 8.300000000000000000e+01
1.760621883088057856e+18 8.300000000000000000e+01
1.760621883154684672e+18 8.300000000000000000e+01
1.760621883221337856e+18 8.300000000000000000e+01
1.760621883288036608e+18 8.300000000000000000e+01
1.760621883354565632e+18 8.300000000000000000e+01
1.760621883421436672e+18 8.300000000000000000e+01
1.760621883488074752e+18 1.000000000000000000e+01
1.760621883554583808e+18 1.000000000000000000e+01
1.760621883688050688e+18 1.000000000000000000e+01
1.760621883754557696e+18 1.000000000000000000e+01
1.760621883821428736e+18 1.000000000000000000e+01
1.760621883888046848e+18 1.000000000000000000e+01
1.760621883954573568e+18 1.000000000000000000e+01
1.760621885121459712e+18 9.000000000000000000e+00
1.760621885387998464e+18 6.900000000000000000e+01
1.760621885588168704e+18 7.800000000000000000e+01
1.760621885721275648e+18 7.800000000000000000e+01
1.760621885788138752e+18 7.800000000000000000e+01
1.760621885854766592e+18 7.800000000000000000e+01
1.760621885921283840e+18 7.800000000000000000e+01
1.760621886188141568e+18 8.100000000000000000e+01
1.760621886321388800e+18 8.000000000000000000e+00
1.760621886388098816e+18 8.000000000000000000e+00
1.760621886454630656e+18 8.000000000000000000e+00
1.760621886521536512e+18 8.800000000000000000e+01
1.760621886588130816e+18 8.800000000000000000e+01
1.760621886654632448e+18 8.800000000000000000e+01
1.760621886721541632e+18 8.800000000000000000e+01
1.760621886788128512e+18 8.800000000000000000e+01
1.760621886854636544e+18 8.800000000000000000e+01
1.760621886921503744e+18 8.800000000000000000e+01
1.760621886988095744e+18 8.800000000000000000e+01
1.760621887121498624e+18 7.800000000000000000e+01
1.760621887188096768e+18 7.800000000000000000e+01
1.760621887388163584e+18 7.800000000000000000e+01
1.760621887454752768e+18 7.800000000000000000e+01
1.760621887654891776e+18 6.200000000000000000e+01
1.760621887721523712e+18 6.200000000000000000e+01
1.760621888588235520e+18 5.800000000000000000e+01
1.760621888654884608e+18 5.800000000000000000e+01
1.760621888721419520e+18 5.800000000000000000e+01
1.760621888821376512e+18 5.800000000000000000e+01
1.760621888854865664e+18 5.800000000000000000e+01
1.760621888921359872e+18 5.800000000000000000e+01
1.760621888988238592e+18 5.800000000000000000e+01
1.760621889054864640e+18 5.800000000000000000e+01
1.760621889154870784e+18 5.600000000000000000e+01
1.760621889188243712e+18 5.600000000000000000e+01
1.760621889321390592e+18 5.600000000000000000e+01
1.760621889388244736e+18 5.600000000000000000e+01
1.760621889488227584e+18 5.600000000000000000e+01
1.760621889521519616e+18 5.600000000000000000e+01
1.760621889654754560e+18 4.800000000000000000e+01
1.760621889721617664e+18 6.800000000000000000e+01
1.760621889888225792e+18 4.800000000000000000e+01
1.760621890021590784e+18 4.800000000000000000e+01
1.760621890088221696e+18 3.300000000000000000e+01
1.760621890154708736e+18 3.300000000000000000e+01
1.760621890221601792e+18 3.300000000000000000e+01
1.760621890288206592e+18 3.300000000000000000e+01
1.760621890354736640e+18 3.300000000000000000e+01
1.760621890421581824e+18 3.300000000000000000e+01
1.760621890488211712e+18 3.300000000000000000e+01
1.760621890554829568e+18 3.300000000000000000e+01
1.760621890755008768e+18 3.700000000000000000e+01
1.760621890821575680e+18 3.700000000000000000e+01
1.760621890954933760e+18 3.700000000000000000e+01
1.760621891088070656e+18 5.800000000000000000e+01
1.760621891154953728e+18 5.800000000000000000e+01
1.760621891221564672e+18 5.800000000000000000e+01
1.760621891288063744e+18 5.800000000000000000e+01
1.760621891354940672e+18 5.800000000000000000e+01
1.760621891421561600e+18 5.800000000000000000e+01
1.760621891488068608e+18 5.800000000000000000e+01
1.760621891554932480e+18 5.800000000000000000e+01
1.760621891621435648e+18 8.000000000000000000e+01
1.760621891688317696e+18 8.000000000000000000e+01
1.760621891754928640e+18 8.000000000000000000e+01
1.760621891821423872e+18 8.000000000000000000e+01
1.760621891954940672e+18 8.000000000000000000e+01
1.760621892088300800e+18 8.000000000000000000e+01
1.760621892221447680e+18 8.600000000000000000e+01
1.760621892288311808e+18 8.600000000000000000e+01
1.760621892421448704e+18 8.600000000000000000e+01
1.760621892554980864e+18 8.600000000000000000e+01
1.760621892621544704e+18 7.800000000000000000e+01
1.760621892688347648e+18 7.800000000000000000e+01
1.760621892754827776e+18 7.800000000000000000e+01
1.760621892954799616e+18 7.800000000000000000e+01
1.760621893021659648e+18 7.800000000000000000e+01
1.760621893088285696e+18 7.800000000000000000e+01
1.760621893688177664e+18 8.300000000000000000e+01
1.760621893855058688e+18 8.300000000000000000e+01
1.760621893921676544e+18 8.300000000000000000e+01
1.760621893988135680e+18 8.300000000000000000e+01
1.760621894121655808e+18 8.300000000000000000e+01
1.760621894188135680e+18 9.000000000000000000e+01
1.760621894255050752e+18 9.000000000000000000e+01
1.760621894321663744e+18 9.000000000000000000e+01
1.760621894388169728e+18 9.000000000000000000e+01
1.760621894455041536e+18 9.000000000000000000e+01
1.760621894521657600e+18 9.000000000000000000e+01
1.760621894588151808e+18 9.000000000000000000e+01
1.760621894921548544e+18 7.300000000000000000e+01
1.760621895055030528e+18 7.300000000000000000e+01
1.760621895121518592e+18 7.300000000000000000e+01
1.760621895188382720e+18 7.200000000000000000e+01
1.760621895255012864e+18 7.200000000000000000e+01
1.760621895388395776e+18 7.200000000000000000e+01
1.760621895455022592e+18 7.200000000000000000e+01
1.760621895588371712e+18 7.200000000000000000e+01
1.760621895655011584e+18 8.600000000000000000e+01
1.760621895721622784e+18 8.600000000000000000e+01
1.760621895788396544e+18 8.600000000000000000e+01
1.760621895854877696e+18 8.600000000000000000e+01
1.760621895921740800e+18 8.600000000000000000e+01
1.760621895988365568e+18 8.600000000000000000e+01
1.760621896054865664e+18 8.600000000000000000e+01
1.760621896121738752e+18 8.600000000000000000e+01
1.760621896454878464e+18 1.100000000000000000e+01
1.760621896588351744e+18 1.100000000000000000e+01
1.760621896654869760e+18 1.100000000000000000e+01
1.760621897321722624e+18 1.000000000000000000e+01
1.760621897388184832e+18 1.000000000000000000e+01
1.760621897455090688e+18 1.000000000000000000e+01
1.760621897588216832e+18 1.000000000000000000e+01
1.760621897655087616e+18 1.000000000000000000e+01
1.760621898255082496e+18 8.700000000000000000e+01
1.760621898321637632e+18 8.700000000000000000e+01
1.760621898455223808e+18 8.000000000000000000e+00
1.760621898521604864e+18 8.700000000000000000e+01
1.760621898788444672e+18 1.600000000000000000e+01
1.760621898854949632e+18 1.600000000000000000e+01
1.760621898921844736e+18 1.600000000000000000e+01
1.760621898988450816e+18 1.600000000000000000e+01
1.760621899054989568e+18 1.600000000000000000e+01
1.760621899121812480e+18 1.600000000000000000e+01
1.760621899188461824e+18 1.600000000000000000e+01
1.760621899254964480e+18 1.600000000000000000e+01
1.760621899321821696e+18 1.600000000000000000e+01
1.760621899388458752e+18 1.600000000000000000e+01
1.760621899454952704e+18 1.600000000000000000e+01
1.760621899521844736e+18 1.600000000000000000e+01
1.760621899588451584e+18 1.600000000000000000e+01
1.760621899654945536e+18 1.600000000000000000e+01
1.760621899721837824e+18 1.600000000000000000e+01
1.760621899788449792e+18 1.200000000000000000e+01
1.760621899921843712e+18 1.200000000000000000e+01
1.760621900221827840e+18 1.200000000000000000e+01
1.760621900288324608e+18 8.600000000000000000e+01
1.760621900355203584e+18 8.600000000000000000e+01
1.760621900421820672e+18 8.600000000000000000e+01
1.760621900488325632e+18 8.600000000000000000e+01
1.760621900555201792e+18 8.600000000000000000e+01
1.760621900621797632e+18 8.600000000000000000e+01
1.760621900688299776e+18 8.600000000000000000e+01
1.760621900755206656e+18 8.600000000000000000e+01
1.760621900821807616e+18 8.800000000000000000e+01
1.760621900888419584e+18 8.800000000000000000e+01
1.760621900955181568e+18 8.800000000000000000e+01
1.760621901021677824e+18 8.800000000000000000e+01
1.760621901088561664e+18 8.800000000000000000e+01
1.760621901155184640e+18 8.800000000000000000e+01
1.760621901221674752e+18 8.800000000000000000e+01
1.760621901288538624e+18 8.800000000000000000e+01
1.760621901355187712e+18 1.300000000000000000e+01
1.760621901421671680e+18 1.300000000000000000e+01
1.760621901488545536e+18 1.300000000000000000e+01
1.760621901555160832e+18 1.300000000000000000e+01
1.760621901688505600e+18 1.300000000000000000e+01
1.760621901755153664e+18 1.300000000000000000e+01
1.760621902355026688e+18 1.200000000000000000e+01
1.760621902421895680e+18 1.200000000000000000e+01
1.760621902555002624e+18 1.200000000000000000e+01
1.760621902621879552e+18 1.200000000000000000e+01
1.760621902821940736e+18 1.200000000000000000e+01
1.760621902955137792e+18 8.000000000000000000e+00
1.760621903021885696e+18 8.100000000000000000e+01
1.760621903088422656e+18 8.000000000000000000e+00
1.760621903221915648e+18 8.000000000000000000e+00
1.760621903355253760e+18 8.100000000000000000e+01
1.760621903555297536e+18 8.300000000000000000e+01
1.760621903621935616e+18 8.300000000000000000e+01
1.760621903755293696e+18 8.300000000000000000e+01
1.760621903821890560e+18 8.300000000000000000e+01
1.760621903888371712e+18 8.300000000000000000e+01
1.760621903955259648e+18 1.300000000000000000e+01
1.760621904021753856e+18 1.300000000000000000e+01
1.760621904221739776e+18 1.300000000000000000e+01
1.760621904355257856e+18 1.300000000000000000e+01
1.760621904421758720e+18 1.300000000000000000e+01
1.760621904488616704e+18 1.300000000000000000e+01
1.760621904555259648e+18 1.300000000000000000e+01
1.760621904621743616e+18 1.300000000000000000e+01
1.760621904688621824e+18 1.300000000000000000e+01
1.760621904755228672e+18 1.300000000000000000e+01
1.760621904821726720e+18 1.300000000000000000e+01
1.760621904888640768e+18 1.300000000000000000e+01
1.760621904955292672e+18 9.900000000000000000e+01
1.760621905021886464e+18 9.900000000000000000e+01
1.760621905088633856e+18 9.900000000000000000e+01
1.760621905155100672e+18 9.900000000000000000e+01
1.760621905255167744e+18 9.900000000000000000e+01
1.760621905322006784e+18 9.900000000000000000e+01
1.760621906255339520e+18 6.900000000000000000e+01
1.760621906321979648e+18 5.900000000000000000e+01
1.760621906388476672e+18 5.900000000000000000e+01
1.760621906588480768e+18 8.000000000000000000e+00
1.760621906721951744e+18 8.400000000000000000e+01
1.760621906855328768e+18 8.000000000000000000e+00
1.760621906988444672e+18 1.500000000000000000e+01
1.760621907055316736e+18 1.500000000000000000e+01
1.760621907188594688e+18 1.500000000000000000e+01
1.760621907255319552e+18 1.500000000000000000e+01
1.760621907321823488e+18 1.500000000000000000e+01
1.760621907455318784e+18 1.500000000000000000e+01
1.760621908055334656e+18 8.300000000000000000e+01
1.760621908255156736e+18 8.300000000000000000e+01
1.760621908322041856e+18 8.300000000000000000e+01
1.760621908388668672e+18 8.300000000000000000e+01
1.760621908455172864e+18 8.300000000000000000e+01
1.760621908522047744e+18 8.000000000000000000e+01
1.760621908588672512e+18 8.000000000000000000e+01
1.760621908655174656e+18 8.000000000000000000e+01
1.760621908722045696e+18 8.000000000000000000e+01
1.760621908788687616e+18 8.000000000000000000e+01
1.760621908855204608e+18 8.000000000000000000e+01
1.760621908922071808e+18 8.000000000000000000e+01
1.760621908988718848e+18 8.000000000000000000e+01
1.760621909055208704e+18 9.000000000000000000e+01
1.760621909122083584e+18 9.000000000000000000e+01
1.760621909188539648e+18 9.000000000000000000e+01
1.760621909255369728e+18 9.000000000000000000e+01
1.760621909322097664e+18 9.000000000000000000e+01
1.760621909388517632e+18 9.000000000000000000e+01
1.760621909455411712e+18 9.000000000000000000e+01
1.760621909522051584e+18 9.000000000000000000e+01
1.760621910955444480e+18 8.700000000000000000e+01
1.760621911088833536e+18 7.900000000000000000e+01
1.760621911155410688e+18 7.900000000000000000e+01
1.760621911221900800e+18 7.900000000000000000e+01
1.760621911288775680e+18 7.900000000000000000e+01
1.760621911422157824e+18 7.900000000000000000e+01
1.760621911488792576e+18 7.900000000000000000e+01
1.760621911755293696e+18 5.800000000000000000e+01
1.760621911888724480e+18 6.800000000000000000e+01
1.760621911955279616e+18 5.800000000000000000e+01
1.760621912022114816e+18 6.800000000000000000e+01
1.760621912222144512e+18 7.200000000000000000e+01
1.760621912288748800e+18 7.200000000000000000e+01
1.760621912355376640e+18 7.200000000000000000e+01
1.760621912422124544e+18 7.200000000000000000e+01
1.760621912555496704e+18 7.200000000000000000e+01
1.760621912622120704e+18 8.300000000000000000e+01
1.760621912688608768e+18 8.300000000000000000e+01
1.760621912755500800e+18 8.300000000000000000e+01
1.760621912822111488e+18 8.300000000000000000e+01
1.760621912888606720e+18 8.300000000000000000e+01
1.760621912955512832e+18 8.300000000000000000e+01
1.760621913022149632e+18 8.300000000000000000e+01
1.760621913088574720e+18 8.900000000000000000e+01
1.760621913155483648e+18 8.900000000000000000e+01
1.760621913222093568e+18 8.900000000000000000e+01
1.760621913288608768e+18 8.900000000000000000e+01
1.760621913421971712e+18 8.900000000000000000e+01
1.760621913488856832e+18 8.900000000000000000e+01
1.760621913555472640e+18 8.900000000000000000e+01
1.760621913622009856e+18 8.800000000000000000e+01
1.760621913688895744e+18 8.800000000000000000e+01
1.760621913755490816e+18 8.800000000000000000e+01
1.760621913822006784e+18 8.800000000000000000e+01
1.760621913888844800e+18 8.800000000000000000e+01
1.760621913955462656e+18 8.800000000000000000e+01
1.760621914022094848e+18 8.800000000000000000e+01
1.760621914088841728e+18 8.800000000000000000e+01
1.760621914688869632e+18 9.300000000000000000e+01
1.760621914755332608e+18 9.300000000000000000e+01
1.760621914822213632e+18 9.300000000000000000e+01
1.760621914955378688e+18 9.300000000000000000e+01
1.760621915022203648e+18 9.300000000000000000e+01
1.760621915088830720e+18 9.300000000000000000e+01
1.760621915155378688e+18 8.200000000000000000e+01
1.760621915222281728e+18 8.200000000000000000e+01
1.760621915288853760e+18 8.200000000000000000e+01
1.760621915355333632e+18 8.200000000000000000e+01
1.760621915422209792e+18 8.200000000000000000e+01
1.760621915488703744e+18 8.200000000000000000e+01
1.760621915555593728e+18 8.200000000000000000e+01
1.760621915622215680e+18 8.200000000000000000e+01
1.760621915822224640e+18 7.500000000000000000e+01
1.760621916055585536e+18 7.500000000000000000e+01
1.760621916455584768e+18 7.300000000000000000e+01
1.760621916722074624e+18 8.000000000000000000e+00
1.760621916788947456e+18 8.000000000000000000e+00
1.760621916855593728e+18 8.000000000000000000e+00
1.760621916922069760e+18 8.000000000000000000e+00
1.760621916988921600e+18 8.400000000000000000e+01
1.760621917122062592e+18 8.000000000000000000e+00
1.760621917188974592e+18 1.300000000000000000e+01
1.760621917255561472e+18 1.300000000000000000e+01
1.760621917322073600e+18 1.300000000000000000e+01
1.760621917388924672e+18 1.300000000000000000e+01
1.760621917522162688e+18 1.300000000000000000e+01
1.760621917588937728e+18 1.300000000000000000e+01
1.760621917655413504e+18 1.300000000000000000e+01
1.760621917722283520e+18 1.200000000000000000e+01
1.760621917922291712e+18 1.200000000000000000e+01
1.760621917988905728e+18 1.200000000000000000e+01
1.760621918055416576e+18 1.200000000000000000e+01
1.760621918122279680e+18 1.200000000000000000e+01
1.760621918188889856e+18 1.200000000000000000e+01
1.760621918722284800e+18 6.900000000000000000e+01
1.760621918922287616e+18 5.900000000000000000e+01
1.760621918988781568e+18 5.900000000000000000e+01
1.760621919322297600e+18 5.500000000000000000e+01
1.760621919388809728e+18 6.500000000000000000e+01
1.760621919455624704e+18 5.500000000000000000e+01
1.760621919789021696e+18 7.200000000000000000e+01
1.760621919855697664e+18 7.200000000000000000e+01
1.760621919922126848e+18 7.200000000000000000e+01
1.760621919989009664e+18 7.200000000000000000e+01
1.760621920055629824e+18 7.200000000000000000e+01
1.760621920122162688e+18 7.200000000000000000e+01
1.760621920255673600e+18 8.700000000000000000e+01
1.760621920389016576e+18 8.700000000000000000e+01
1.760621920455620864e+18 8.700000000000000000e+01
1.760621920722406656e+18 8.700000000000000000e+01
1.760621920855539712e+18 1.200000000000000000e+01
1.760621921122367744e+18 1.200000000000000000e+01
1.760621921189006592e+18 1.200000000000000000e+01
1.760621921255512832e+18 1.200000000000000000e+01
1.760621921355536640e+18 1.200000000000000000e+01
1.760621921622378496e+18 1.200000000000000000e+01
1.760621921688874752e+18 1.200000000000000000e+01
1.760621921755750656e+18 1.200000000000000000e+01
1.760621922355769600e+18 1.000000000000000000e+01
1.760621922422372608e+18 1.000000000000000000e+01
1.760621922488807680e+18 1.000000000000000000e+01
1.760621922555731712e+18 1.000000000000000000e+01
1.760621922622337536e+18 1.000000000000000000e+01
1.760621922688973568e+18 1.000000000000000000e+01
1.760621922755710720e+18 1.000000000000000000e+01
1.760621922822225664e+18 7.500000000000000000e+01
1.760621923155713792e+18 7.500000000000000000e+01
1.760621923289069568e+18 7.500000000000000000e+01
1.760621923355681536e+18 7.500000000000000000e+01
1.760621923422200576e+18 7.500000000000000000e+01
1.760621923489064704e+18 7.500000000000000000e+01
1.760621923622198528e+18 7.500000000000000000e+01
1.760621923689051648e+18 7.500000000000000000e+01
1.760621923889070848e+18 8.500000000000000000e+01
1.760621923955609856e+18 8.500000000000000000e+01
1.760621924022435584e+18 8.500000000000000000e+01
1.760621924089075456e+18 8.500000000000000000e+01
1.760621924155562752e+18 8.500000000000000000e+01
1.760621924355535872e+18 1.300000000000000000e+01
1.760621924422434560e+18 1.300000000000000000e+01
1.760621924489056512e+18 1.300000000000000000e+01
1.760621924555577856e+18 1.300000000000000000e+01
1.760621924622423552e+18 1.300000000000000000e+01
1.760621924689046528e+18 1.300000000000000000e+01
1.760621924755678720e+18 1.300000000000000000e+01
1.760621924822477568e+18 1.300000000000000000e+01
1.760621924888929536e+18 9.000000000000000000e+01
1.760621924955839744e+18 9.000000000000000000e+01
1.760621925088932864e+18 9.000000000000000000e+01
1.760621925155797760e+18 9.000000000000000000e+01
1.760621925222423808e+18 9.000000000000000000e+01
1.760621925288967680e+18 9.000000000000000000e+01
1.760621925355781888e+18 9.000000000000000000e+01
1.760621925889101824e+18 1.000000000000000000e+01
1.760621925955800832e+18 1.000000000000000000e+01
1.760621926022353664e+18 1.000000000000000000e+01
1.760621926155771648e+18 1.000000000000000000e+01
1.760621926222318592e+18 1.000000000000000000e+01
1.760621926289176576e+18 1.000000000000000000e+01
1.760621926355779584e+18 1.000000000000000000e+01
1.760621926422339584e+18 8.000000000000000000e+00
1.760621926489153536e+18 8.000000000000000000e+00
1.760621926555767808e+18 8.000000000000000000e+00
1.760621926622283776e+18 8.000000000000000000e+00
1.760621926722316800e+18 8.400000000000000000e+01
1.760621926755847680e+18 8.400000000000000000e+01
1.760621926822426880e+18 8.000000000000000000e+00
1.760621926955657728e+18 7.300000000000000000e+01
1.760621927189176832e+18 7.300000000000000000e+01
1.760621927389215744e+18 7.300000000000000000e+01
1.760621927455682816e+18 8.000000000000000000e+01
1.760621927522543616e+18 8.000000000000000000e+01
1.760621927589198592e+18 8.000000000000000000e+01
1.760621927655658752e+18 8.000000000000000000e+01
1.760621927722544640e+18 8.000000000000000000e+01
1.760621927789130752e+18 8.000000000000000000e+01
1.760621927855779584e+18 8.000000000000000000e+01
1.760621927922516480e+18 8.000000000000000000e+01
1.760621927989033728e+18 1.500000000000000000e+01
1.760621928055903744e+18 1.500000000000000000e+01
1.760621928122508800e+18 1.500000000000000000e+01
1.760621928189015552e+18 1.500000000000000000e+01
1.760621928255898624e+18 1.500000000000000000e+01
1.760621928322515712e+18 1.500000000000000000e+01
1.760621928389012480e+18 1.500000000000000000e+01
1.760621928522494720e+18 1.000000000000000000e+01
1.760621928589004800e+18 1.000000000000000000e+01
1.760621928655876608e+18 1.000000000000000000e+01
1.760621928722498560e+18 1.000000000000000000e+01
1.760621928788986624e+18 1.000000000000000000e+01
1.760621928855869696e+18 1.000000000000000000e+01
1.760621928922498816e+18 1.000000000000000000e+01
1.760621929055899648e+18 1.500000000000000000e+01
1.760621929189268480e+18 1.500000000000000000e+01
1.760621929255862784e+18 1.500000000000000000e+01
1.760621929322355712e+18 1.500000000000000000e+01
1.760621929522354688e+18 1.500000000000000000e+01
1.760621929589239552e+18 1.300000000000000000e+01
1.760621929722354688e+18 1.300000000000000000e+01
1.760621929789218560e+18 1.300000000000000000e+01
1.760621929855854848e+18 1.300000000000000000e+01
1.760621929922359808e+18 1.300000000000000000e+01
1.760621929989238784e+18 1.300000000000000000e+01
1.760621930189222656e+18 8.100000000000000000e+01
1.760621930455713792e+18 8.100000000000000000e+01
1.760621930522633728e+18 8.500000000000000000e+01
1.760621930655766784e+18 8.500000000000000000e+01
1.760621930722620672e+18 8.500000000000000000e+01
1.760621930789257728e+18 8.500000000000000000e+01
1.760621930855750912e+18 8.500000000000000000e+01
1.760621930922620672e+18 8.500000000000000000e+01
1.760621932622465536e+18 9.100000000000000000e+01
1.760621932822456576e+18 9.100000000000000000e+01
1.760621932955922688e+18 9.000000000000000000e+00
1.760621933022444800e+18 9.100000000000000000e+01
1.760621933222690560e+18 1.500000000000000000e+01
1.760621933289277696e+18 1.500000000000000000e+01
1.760621933355810560e+18 1.500000000000000000e+01
1.760621933489305856e+18 1.500000000000000000e+01
1.760621934155922688e+18 1.300000000000000000e+01
1.760621934222656768e+18 1.300000000000000000e+01
1.760621934289127680e+18 1.300000000000000000e+01
1.760621934356047616e+18 1.300000000000000000e+01
1.760621934422659584e+18 1.300000000000000000e+01
1.760621934489146624e+18 1.300000000000000000e+01
1.760621934556039680e+18 1.300000000000000000e+01
1.760621934622654720e+18 1.300000000000000000e+01
1.760621934689155584e+18 1.300000000000000000e+01
1.760621934756023552e+18 1.300000000000000000e+01
1.760621934822647552e+18 1.300000000000000000e+01
1.760621934889149696e+18 1.300000000000000000e+01
1.760621935089144832e+18 1.300000000000000000e+01
1.760621935156022784e+18 8.600000000000000000e+01
1.760621935222513664e+18 8.600000000000000000e+01
1.760621935289389568e+18 8.600000000000000000e+01
1.760621935356070656e+18 8.600000000000000000e+01
1.760621935422522880e+18 8.600000000000000000e+01
1.760621935556014848e+18 8.600000000000000000e+01
1.760621935622514688e+18 8.600000000000000000e+01
1.760621935689391616e+18 8.500000000000000000e+01
1.760621935756065536e+18 8.500000000000000000e+01
1.760621935822512640e+18 8.500000000000000000e+01
1.760621935889382656e+18 8.500000000000000000e+01
1.760621935956011776e+18 8.500000000000000000e+01
1.760621936022551808e+18 8.500000000000000000e+01
1.760621936089392640e+18 8.500000000000000000e+01
1.760621937155887616e+18 5.900000000000000000e+01
1.760621937222806784e+18 1.300000000000000000e+01
1.760621937289264640e+18 7.300000000000000000e+01
1.760621937356131840e+18 7.300000000000000000e+01
1.760621937422763520e+18 7.300000000000000000e+01
1.760621937489249792e+18 7.300000000000000000e+01
1.760621937556128768e+18 7.300000000000000000e+01
1.760621937622765824e+18 7.300000000000000000e+01
1.760621937689253632e+18 8.600000000000000000e+01
1.760621937756134656e+18 8.600000000000000000e+01
1.760621937822743552e+18 8.600000000000000000e+01
1.760621937889230848e+18 8.600000000000000000e+01
1.760621937956116736e+18 8.600000000000000000e+01
1.760621938022730496e+18 8.600000000000000000e+01
1.760621938089231616e+18 8.600000000000000000e+01
1.760621938156111616e+18 8.600000000000000000e+01
1.760621938356141568e+18 1.700000000000000000e+01
1.760621938789487616e+18 1.800000000000000000e+01
1.760621938856167680e+18 1.800000000000000000e+01
1.760621938922628608e+18 1.800000000000000000e+01
1.760621938989463552e+18 1.800000000000000000e+01
1.760621939056121600e+18 1.800000000000000000e+01
1.760621939122601728e+18 1.800000000000000000e+01
1.760621939189485824e+18 1.800000000000000000e+01
1.760621939256099584e+18 1.300000000000000000e+01
1.760621939322722560e+18 1.300000000000000000e+01
1.760621939389464576e+18 1.300000000000000000e+01
1.760621939455991808e+18 1.300000000000000000e+01
1.760621939522836736e+18 1.300000000000000000e+01
1.760621939589462784e+18 1.300000000000000000e+01
1.760621939655963648e+18 1.300000000000000000e+01
1.760621939789450752e+18 8.600000000000000000e+01
1.760621939855954688e+18 8.600000000000000000e+01
1.760621939922830592e+18 8.600000000000000000e+01
1.760621939989445632e+18 8.600000000000000000e+01
1.760621940055946496e+18 8.600000000000000000e+01
1.760621940122817792e+18 8.600000000000000000e+01
1.760621940189474560e+18 8.600000000000000000e+01
1.760621940255949824e+18 8.000000000000000000e+00
1.760621940322821632e+18 8.000000000000000000e+00
1.760621940389319680e+18 8.000000000000000000e+00
1.760621940456198656e+18 8.000000000000000000e+00
1.760621940522821632e+18 8.100000000000000000e+01
1.760621940589324800e+18 8.100000000000000000e+01
1.760621940722853632e+18 8.000000000000000000e+00
1.760621940856203776e+18 7.000000000000000000e+01
1.760621940989344512e+18 7.000000000000000000e+01
1.760621941056204800e+18 7.000000000000000000e+01
1.760621941122812672e+18 7.000000000000000000e+01
1.760621941256221696e+18 7.800000000000000000e+01
1.760621941322833664e+18 7.800000000000000000e+01
1.760621941389423616e+18 7.800000000000000000e+01
1.760621941456178688e+18 7.800000000000000000e+01
1.760621941656239872e+18 7.800000000000000000e+01
1.760621941722720512e+18 7.800000000000000000e+01
1.760621941789547776e+18 8.900000000000000000e+01
1.760621941856171520e+18 8.900000000000000000e+01
1.760621941922707712e+18 8.900000000000000000e+01
1.760621941989561856e+18 8.900000000000000000e+01
1.760621942056210688e+18 8.900000000000000000e+01
1.760621942123082752e+18 8.900000000000000000e+01
1.760621942189560576e+18 8.900000000000000000e+01
1.760621942256186624e+18 8.900000000000000000e+01
1.760621942322683648e+18 1.600000000000000000e+01
1.760621942456114688e+18 1.600000000000000000e+01
1.760621942522836736e+18 1.600000000000000000e+01
1.760621942589564672e+18 1.600000000000000000e+01
1.760621942656064768e+18 1.600000000000000000e+01
1.760621942722943744e+18 1.600000000000000000e+01
1.760621942789534464e+18 1.600000000000000000e+01
1.760621942922918912e+18 1.300000000000000000e+01
1.760621942989524480e+18 1.300000000000000000e+01
1.760621943056068608e+18 1.300000000000000000e+01
1.760621943156089856e+18 1.300000000000000000e+01
1.760621943289531648e+18 1.300000000000000000e+01
1.760621943356091648e+18 8.600000000000000000e+01
1.760621943422932736e+18 8.600000000000000000e+01
1.760621943556176640e+18 8.600000000000000000e+01
1.760621943622944512e+18 8.600000000000000000e+01
1.760621943689424640e+18 8.600000000000000000e+01
1.760621943756335616e+18 8.600000000000000000e+01
1.760621944356286720e+18 8.000000000000000000e+01
1.760621944422905600e+18 8.000000000000000000e+01
1.760621944489504512e+18 8.000000000000000000e+01
1.760621944556262656e+18 8.000000000000000000e+01
1.760621944622764544e+18 8.000000000000000000e+01
1.760621944689647616e+18 8.000000000000000000e+01
1.760621944756263680e+18 8.000000000000000000e+01
1.760621944822766848e+18 8.000000000000000000e+01
1.760621944889638656e+18 1.100000000000000000e+01
1.760621945022750720e+18 1.100000000000000000e+01
1.760621945089645568e+18 1.100000000000000000e+01
1.760621945156241664e+18 1.100000000000000000e+01
1.760621945289620736e+18 1.100000000000000000e+01
1.760621945356253696e+18 1.800000000000000000e+01
1.760621945422745600e+18 1.800000000000000000e+01
1.760621945556132864e+18 1.800000000000000000e+01
1.760621945622907648e+18 1.800000000000000000e+01
1.760621945689653760e+18 1.800000000000000000e+01
1.760621945756110592e+18 1.800000000000000000e+01
1.760621945822966528e+18 1.800000000000000000e+01
1.760621945956118528e+18 1.200000000000000000e+01
1.760621946022981632e+18 1.200000000000000000e+01
1.760621946089611776e+18 1.200000000000000000e+01
1.760621946156105728e+18 1.200000000000000000e+01
1.760621946289631488e+18 1.200000000000000000e+01
1.760621947422971648e+18 8.000000000000000000e+01
1.760621947489439744e+18 8.000000000000000000e+01
1.760621947556353536e+18 8.000000000000000000e+01
1.760621947622998784e+18 8.000000000000000000e+01
1.760621947689551616e+18 8.000000000000000000e+01
1.760621947756404736e+18 8.000000000000000000e+01
1.760621947822824704e+18 8.000000000000000000e+01
1.760621947889716736e+18 8.000000000000000000e+01
1.760621947956329472e+18 8.900000000000000000e+01
1.760621948022837760e+18 8.900000000000000000e+01
1.760621948089746688e+18 8.900000000000000000e+01
1.760621948156359680e+18 8.900000000000000000e+01
1.760621948289704448e+18 8.900000000000000000e+01
1.760621948356327680e+18 8.900000000000000000e+01
1.760621948923096576e+18 8.600000000000000000e+01
1.760621948989730560e+18 8.600000000000000000e+01
1.760621949056234496e+18 8.600000000000000000e+01
1.760621949123085824e+18 8.600000000000000000e+01
1.760621949189720576e+18 8.600000000000000000e+01
1.760621949323086848e+18 8.600000000000000000e+01
1.760621949389708800e+18 8.600000000000000000e+01
1.760621949456207872e+18 7.600000000000000000e+01
1.760621949856450816e+18 7.600000000000000000e+01
1.760621949989578752e+18 8.000000000000000000e+00
1.760621950323062784e+18 8.000000000000000000e+00
1.760621950389550592e+18 8.000000000000000000e+00
1.760621950989749760e+18 1.300000000000000000e+01
1.760621951056408576e+18 1.300000000000000000e+01
1.760621951122901760e+18 1.300000000000000000e+01
1.760621951189787648e+18 1.300000000000000000e+01
1.760621951256429568e+18 1.300000000000000000e+01
1.760621951322897664e+18 1.300000000000000000e+01
1.760621951389756672e+18 1.300000000000000000e+01
1.760621951522976512e+18 7.500000000000000000e+01
1.760621951722896640e+18 7.500000000000000000e+01
1.760621951789776640e+18 7.500000000000000000e+01
1.760621951923219712e+18 7.500000000000000000e+01
1.760621951989778688e+18 7.200000000000000000e+01
1.760621953056669696e+18 8.600000000000000000e+01
1.760621953123135488e+18 8.600000000000000000e+01
1.760621953189652736e+18 8.600000000000000000e+01
1.760621953256581888e+18 8.600000000000000000e+01
1.760621953323145728e+18 8.600000000000000000e+01
1.760621953389629696e+18 8.600000000000000000e+01
1.760621953456506624e+18 8.600000000000000000e+01
1.760621953589627648e+18 1.500000000000000000e+01
1.760621953656515584e+18 1.500000000000000000e+01
1.760621953723135744e+18 1.500000000000000000e+01
1.760621953956531712e+18 1.500000000000000000e+01
1.760621954089897728e+18 9.600000000000000000e+01
1.760621954156508672e+18 9.400000000000000000e+01
1.760621954223006720e+18 9.400000000000000000e+01
1.760621954289874688e+18 9.600000000000000000e+01
1.760621954423002624e+18 9.400000000000000000e+01
1.760621954489877760e+18 9.600000000000000000e+01
1.760621955156365568e+18 6.600000000000000000e+01
1.760621955223223808e+18 6.600000000000000000e+01
1.760621955356356608e+18 6.600000000000000000e+01
1.760621955623240704e+18 7.200000000000000000e+01
1.760621956089721600e+18 8.300000000000000000e+01
1.760621956156622592e+18 8.300000000000000000e+01
1.760621956223206656e+18 8.300000000000000000e+01
1.760621956289706752e+18 8.300000000000000000e+01
1.760621956423199744e+18 8.300000000000000000e+01
1.760621956489705472e+18 8.300000000000000000e+01
1.760621956556596736e+18 8.300000000000000000e+01
1.760621956623197696e+18 1.500000000000000000e+01
1.760621956823190784e+18 1.500000000000000000e+01
1.760621956889688832e+18 1.500000000000000000e+01
1.760621957023075584e+18 1.500000000000000000e+01
1.760621957223065600e+18 7.200000000000000000e+01
1.760621957356561664e+18 7.200000000000000000e+01
1.760621957423060736e+18 7.200000000000000000e+01
1.760621957489969664e+18 7.200000000000000000e+01
1.760621957756582656e+18 6.900000000000000000e+01
1.760621957889978624e+18 6.900000000000000000e+01
1.760621958089926656e+18 6.900000000000000000e+01
1.760621958156427520e+18 8.200000000000000000e+01
1.760621958223358720e+18 8.200000000000000000e+01
1.760621958289924608e+18 8.200000000000000000e+01
1.760621958423311616e+18 8.200000000000000000e+01
1.760621958489913600e+18 8.200000000000000000e+01
1.760621958556459776e+18 8.200000000000000000e+01
1.760621958756457472e+18 1.300000000000000000e+01
1.760621958823345664e+18 1.300000000000000000e+01
1.760621958923334656e+18 1.300000000000000000e+01
1.760621958989952512e+18 1.300000000000000000e+01
1.760621959056571648e+18 1.300000000000000000e+01
1.760621959123311872e+18 1.300000000000000000e+01
1.760621959256707584e+18 1.300000000000000000e+01
1.760621959323326464e+18 1.300000000000000000e+01
1.760621959389807616e+18 1.300000000000000000e+01
1.760621959456687616e+18 1.300000000000000000e+01
1.760621959523319808e+18 1.300000000000000000e+01
1.760621959589793792e+18 1.300000000000000000e+01
1.760621959923288576e+18 7.300000000000000000e+01
1.760621960189887744e+18 7.000000000000000000e+01
1.760621960256668672e+18 7.000000000000000000e+01
1.760621960390037760e+18 7.000000000000000000e+01
1.760621960523162624e+18 7.000000000000000000e+01
1.760621960790017536e+18 6.300000000000000000e+01
1.760621960856685568e+18 5.300000000000000000e+01
1.760621960923145728e+18 6.300000000000000000e+01
1.760621960990035712e+18 6.300000000000000000e+01
1.760621961123261696e+18 6.300000000000000000e+01
1.760621961190027776e+18 7.500000000000000000e+01
1.760621961323385600e+18 7.500000000000000000e+01
1.760621961456499456e+18 7.500000000000000000e+01
1.760621961523370752e+18 7.500000000000000000e+01
1.760621961589994752e+18 7.500000000000000000e+01
1.760621961723371776e+18 8.200000000000000000e+01
1.760621961789991680e+18 8.200000000000000000e+01
1.760621961856539648e+18 8.200000000000000000e+01
1.760621961923368704e+18 8.200000000000000000e+01
1.760621961989989632e+18 8.200000000000000000e+01
1.760621962056512512e+18 8.200000000000000000e+01
1.760621962123358720e+18 8.200000000000000000e+01
1.760621962189857792e+18 8.800000000000000000e+01
1.760621962323354624e+18 5.500000000000000000e+01
1.760621962389858816e+18 5.500000000000000000e+01
1.760621962456777472e+18 5.500000000000000000e+01
1.760621962523360768e+18 5.500000000000000000e+01
1.760621962589889792e+18 5.500000000000000000e+01
1.760621962656728832e+18 5.500000000000000000e+01
1.760621963256764672e+18 6.200000000000000000e+01
1.760621963323266816e+18 6.200000000000000000e+01
1.760621963390130688e+18 5.200000000000000000e+01
1.760621963456741632e+18 6.200000000000000000e+01
1.760621963656762624e+18 6.200000000000000000e+01
1.760621963856734720e+18 7.800000000000000000e+01
1.760621963923225600e+18 7.800000000000000000e+01
1.760621963990102784e+18 7.800000000000000000e+01
1.760621964056744448e+18 7.800000000000000000e+01
1.760621964790090496e+18 8.000000000000000000e+00
1.760621964856608512e+18 8.000000000000000000e+00
1.760621964956608768e+18 8.000000000000000000e+00
1.760621965156605696e+18 8.000000000000000000e+00
1.760621965223421696e+18 8.000000000000000000e+00
1.760621965290078720e+18 7.500000000000000000e+01
1.760621965356697856e+18 7.500000000000000000e+01
1.760621965489939712e+18 7.500000000000000000e+01
1.760621965556834816e+18 7.500000000000000000e+01
1.760621965689968640e+18 7.500000000000000000e+01
1.760621966289935616e+18 8.200000000000000000e+01
1.760621966356806656e+18 8.200000000000000000e+01
1.760621966490180608e+18 8.200000000000000000e+01
1.760621966556807680e+18 8.200000000000000000e+01
1.760621966623306752e+18 8.200000000000000000e+01
1.760621966690179584e+18 8.200000000000000000e+01
1.760621966756820736e+18 8.200000000000000000e+01
1.760621966823292672e+18 1.500000000000000000e+01
1.760621966890160896e+18 1.500000000000000000e+01
1.760621966956791552e+18 1.500000000000000000e+01
1.760621967023287808e+18 1.500000000000000000e+01
1.760621967156789760e+18 1.500000000000000000e+01
1.760621967223254784e+18 1.500000000000000000e+01
1.760621967756650752e+18 1.100000000000000000e+01
1.760621968356717568e+18 8.000000000000000000e+01
1.760621968423522816e+18 8.000000000000000000e+01
1.760621968490022656e+18 8.000000000000000000e+01
1.760621968556894720e+18 8.000000000000000000e+01
1.760621968623536640e+18 8.000000000000000000e+01
1.760621968690015744e+18 8.000000000000000000e+01
1.760621968756922624e+18 8.000000000000000000e+01
1.760621968890004736e+18 1.300000000000000000e+01
1.760621969023564544e+18 1.300000000000000000e+01
1.760621969090093568e+18 1.300000000000000000e+01
1.760621969156908800e+18 1.300000000000000000e+01
1.760621969290085888e+18 1.300000000000000000e+01
1.760621969956919552e+18 7.200000000000000000e+01
1.760621970023398656e+18 7.200000000000000000e+01
1.760621970090281728e+18 7.200000000000000000e+01
1.760621970556789760e+18 5.800000000000000000e+01
1.760621970690248704e+18 5.800000000000000000e+01
1.760621970890271744e+18 6.600000000000000000e+01
1.760621971423660800e+18 7.900000000000000000e+01
1.760621971556922624e+18 7.900000000000000000e+01
1.760621971656985856e+18 7.900000000000000000e+01
1.760621971690113792e+18 7.900000000000000000e+01
1.760621971757056768e+18 7.900000000000000000e+01
1.760621971823623680e+18 7.900000000000000000e+01
1.760621971890124800e+18 8.900000000000000000e+01
1.760621971990102784e+18 8.900000000000000000e+01
1.760621972023617792e+18 8.900000000000000000e+01
1.760621972223603712e+18 8.900000000000000000e+01
1.760621972323615744e+18 8.900000000000000000e+01
1.760621972390076672e+18 8.900000000000000000e+01
1.760621972456948736e+18 1.300000000000000000e+01
1.760621972523570688e+18 1.300000000000000000e+01
1.760621972590179584e+18 1.300000000000000000e+01
1.760621972656972544e+18 1.300000000000000000e+01
1.760621972723468800e+18 1.300000000000000000e+01
1.760621972790326528e+18 1.300000000000000000e+01
1.760621972856952576e+18 1.300000000000000000e+01
1.760621972923447552e+18 8.200000000000000000e+01
1.760621972990314752e+18 8.200000000000000000e+01
1.760621973056946688e+18 8.200000000000000000e+01
1.760621973123470848e+18 8.200000000000000000e+01
1.760621973190313472e+18 8.200000000000000000e+01
1.760621973256942848e+18 8.200000000000000000e+01
1.760621973323437568e+18 8.200000000000000000e+01
1.760621973390316800e+18 8.200000000000000000e+01
1.760621973990304768e+18 8.600000000000000000e+01
1.760621974123688704e+18 8.600000000000000000e+01
1.760621974190308608e+18 8.600000000000000000e+01
1.760621974256853504e+18 8.600000000000000000e+01
1.760621974323672832e+18 8.600000000000000000e+01
1.760621974390364672e+18 8.600000000000000000e+01
1.760621974456855808e+18 1.500000000000000000e+01
1.760621974523721728e+18 1.500000000000000000e+01
1.760621974590338816e+18 1.500000000000000000e+01
1.760621974656955648e+18 1.500000000000000000e+01
1.760621974790174720e+18 1.500000000000000000e+01
1.760621974923724544e+18 1.500000000000000000e+01
1.760621975457044480e+18 8.000000000000000000e+01
1.760621975523668736e+18 8.000000000000000000e+01
1.760621975590206720e+18 8.000000000000000000e+01
1.760621975690308608e+18 8.000000000000000000e+01
1.760621975723569664e+18 8.000000000000000000e+01
1.760621975790286848e+18 8.000000000000000000e+01
1.760621975857029632e+18 8.000000000000000000e+01
1.760621975923544576e+18 8.000000000000000000e+01
1.760621976023560704e+18 6.600000000000000000e+01
1.760621976057070848e+18 6.600000000000000000e+01
1.760621976123559680e+18 6.600000000000000000e+01
1.760621976257061632e+18 6.600000000000000000e+01
1.760621976357095680e+18 6.600000000000000000e+01
1.760621976390421504e+18 6.600000000000000000e+01
1.760621976457059584e+18 6.000000000000000000e+00
1.760621976590447616e+18 6.500000000000000000e+01
1.760621977523804672e+18 5.600000000000000000e+01
1.760621977590423552e+18 5.600000000000000000e+01
1.760621977690381824e+18 5.600000000000000000e+01
1.760621977757003776e+18 5.600000000000000000e+01
1.760621977823755776e+18 5.600000000000000000e+01
1.760621978023748608e+18 3.900000000000000000e+01
1.760621978090252544e+18 3.900000000000000000e+01
1.760621978157157632e+18 3.900000000000000000e+01
1.760621978223749632e+18 3.900000000000000000e+01
1.760621978290219776e+18 3.900000000000000000e+01
1.760621978357120768e+18 3.900000000000000000e+01
1.760621978423745536e+18 3.900000000000000000e+01
1.760621978490243584e+18 3.800000000000000000e+01
1.760621978557111808e+18 1.000000000000000000e+01
1.760621978623748864e+18 1.000000000000000000e+01
1.760621978690231552e+18 1.000000000000000000e+01
1.760621978757132800e+18 1.000000000000000000e+01
1.760621978823772672e+18 1.000000000000000000e+01
1.760621978890342656e+18 1.000000000000000000e+01
1.760621978957111552e+18 1.000000000000000000e+01
1.760621979557134592e+18 2.900000000000000000e+01
1.760621979623612672e+18 2.900000000000000000e+01
1.760621979690511616e+18 2.900000000000000000e+01
1.760621979757126656e+18 2.900000000000000000e+01
1.760621979823590656e+18 2.900000000000000000e+01
1.760621979890480640e+18 2.900000000000000000e+01
1.760621979957014784e+18 2.900000000000000000e+01
1.760621980023898624e+18 8.000000000000000000e+01
1.760621980223872768e+18 5.000000000000000000e+01
1.760621980290460672e+18 5.000000000000000000e+01
1.760621980490495744e+18 5.000000000000000000e+01
1.760621980556977664e+18 5.400000000000000000e+01
1.760621980690496768e+18 5.400000000000000000e+01
1.760621980757043712e+18 5.400000000000000000e+01
1.760621980823834624e+18 5.400000000000000000e+01
1.760621980923856640e+18 5.400000000000000000e+01
1.760621981623861760e+18 6.200000000000000000e+01
1.760621981723856640e+18 6.200000000000000000e+01
1.760621981857217792e+18 6.200000000000000000e+01
1.760621981957279744e+18 6.200000000000000000e+01
1.760621982090603520e+18 5.900000000000000000e+01
1.760621982157218816e+18 5.900000000000000000e+01
1.760621982223745536e+18 5.900000000000000000e+01
1.760621982290587648e+18 5.900000000000000000e+01
1.760621982390570752e+18 5.900000000000000000e+01
1.760621982423695616e+18 5.900000000000000000e+01
1.760621982490598656e+18 5.900000000000000000e+01
1.760621983123937536e+18 8.000000000000000000e+00
1.760621983157097472e+18 8.000000000000000000e+00
1.760621983257047552e+18 8.400000000000000000e+01
1.760621983457060608e+18 8.000000000000000000e+00
1.760621983657043712e+18 8.600000000000000000e+01
1.760621983723932672e+18 8.600000000000000000e+01
1.760621983790540800e+18 8.600000000000000000e+01
1.760621983857039616e+18 8.600000000000000000e+01
1.760621983923914752e+18 8.600000000000000000e+01
1.760621983990526720e+18 8.600000000000000000e+01
1.760621984057193728e+18 8.600000000000000000e+01
1.760621985190683648e+18 8.500000000000000000e+01
1.760621985323771648e+18 8.500000000000000000e+01
1.760621985390665728e+18 8.500000000000000000e+01
1.760621985457307648e+18 8.500000000000000000e+01
1.760621985591220736e+18 8.500000000000000000e+01
1.760621985657289728e+18 8.300000000000000000e+01
1.760621985723801600e+18 8.300000000000000000e+01
1.760621985790611712e+18 8.300000000000000000e+01
1.760621985857303552e+18 8.300000000000000000e+01
1.760621985923814656e+18 8.300000000000000000e+01
1.760621985990668800e+18 8.300000000000000000e+01
1.760621986057283584e+18 8.300000000000000000e+01
1.760621986123886592e+18 8.300000000000000000e+01
1.760621986257123584e+18 6.000000000000000000e+01
1.760621986324008704e+18 6.000000000000000000e+01
1.760621986390614784e+18 6.000000000000000000e+01
1.760621986457155584e+18 6.000000000000000000e+01
1.760621986524004608e+18 5.000000000000000000e+01
1.760621986590637568e+18 6.000000000000000000e+01
1.760621987290536704e+18 5.000000000000000000e+01
1.760621987323993600e+18 6.000000000000000000e+01
1.760621987424007680e+18 5.000000000000000000e+01
1.760621987524014592e+18 5.000000000000000000e+01
1.760621987590527744e+18 5.000000000000000000e+01
1.760621987657388800e+18 5.000000000000000000e+01
1.760621987823987712e+18 7.900000000000000000e+01
1.760621987857363712e+18 7.900000000000000000e+01
1.760621987957380864e+18 7.900000000000000000e+01
1.760621988090488576e+18 7.900000000000000000e+01
1.760621988157369600e+18 7.900000000000000000e+01
1.760621988190647552e+18 7.900000000000000000e+01
1.760621988257394688e+18 1.200000000000000000e+01
1.760621988323881728e+18 1.200000000000000000e+01
1.760621988423846656e+18 1.200000000000000000e+01
1.760621988557339648e+18 1.200000000000000000e+01
1.760621988823833600e+18 7.500000000000000000e+01
1.760621988957341696e+18 7.500000000000000000e+01
1.760621989023836672e+18 7.500000000000000000e+01
1.760621989090703616e+18 7.500000000000000000e+01
1.760621989157340672e+18 7.500000000000000000e+01
1.760621989223981568e+18 7.800000000000000000e+01
1.760621989357240576e+18 7.800000000000000000e+01
1.760621989490689792e+18 7.800000000000000000e+01
1.760621989557198848e+18 7.800000000000000000e+01
1.760621989624068864e+18 7.800000000000000000e+01
1.760621989690697728e+18 7.800000000000000000e+01
1.760621989757200640e+18 8.900000000000000000e+01
1.760621989824067584e+18 8.900000000000000000e+01
1.760621989890692608e+18 8.900000000000000000e+01
1.760621989957199616e+18 8.900000000000000000e+01
1.760621990024066560e+18 8.900000000000000000e+01
1.760621990090687744e+18 8.900000000000000000e+01
1.760621990157184512e+18 8.900000000000000000e+01
1.760621990224061696e+18 8.900000000000000000e+01
1.760621990357391616e+18 1.500000000000000000e+01
1.760621990424088832e+18 1.500000000000000000e+01
1.760621990557455872e+18 1.500000000000000000e+01
1.760621990624099840e+18 1.500000000000000000e+01
1.760621991690776576e+18 6.000000000000000000e+00
1.760621991823901696e+18 5.900000000000000000e+01
1.760621991890820864e+18 5.900000000000000000e+01
1.760621991957416704e+18 5.900000000000000000e+01
1.760621992023921664e+18 5.900000000000000000e+01
1.760621992157436672e+18 5.900000000000000000e+01
1.760621992223918592e+18 5.900000000000000000e+01
1.760621992790810624e+18 8.000000000000000000e+00
1.760621992824188672e+18 8.000000000000000000e+00
1.760621992890805760e+18 8.000000000000000000e+00
1.760621993124187648e+18 8.000000000000000000e+00
1.760621993357289728e+18 7.800000000000000000e+01
1.760621993457404672e+18 7.800000000000000000e+01
1.760621993490708480e+18 7.800000000000000000e+01
1.760621993557589760e+18 7.800000000000000000e+01
1.760621993624199680e+18 7.800000000000000000e+01
1.760621994390638592e+18 7.600000000000000000e+01
1.760621994523996672e+18 7.600000000000000000e+01
1.760621994657490688e+18 7.600000000000000000e+01
1.760621994790859776e+18 7.600000000000000000e+01
1.760621994857490688e+18 9.000000000000000000e+01
1.760621994990856704e+18 9.000000000000000000e+01
1.760621995057529600e+18 9.000000000000000000e+01
1.760621995123988736e+18 9.000000000000000000e+01
1.760621995190925568e+18 9.000000000000000000e+01
1.760621995257483776e+18 9.000000000000000000e+01
1.760621995323984640e+18 8.000000000000000000e+01
1.760621995390864640e+18 8.000000000000000000e+01
1.760621995457489664e+18 8.000000000000000000e+01
1.760621995524143616e+18 8.000000000000000000e+01
1.760621995590902528e+18 8.000000000000000000e+01
1.760621995657353728e+18 8.000000000000000000e+01
1.760621995724251648e+18 8.000000000000000000e+01
1.760621995790829568e+18 8.000000000000000000e+01
1.760621995857369600e+18 8.900000000000000000e+01
1.760621995924222720e+18 8.900000000000000000e+01
1.760621995990842624e+18 8.900000000000000000e+01
1.760621996057408512e+18 8.900000000000000000e+01
1.760621996124222720e+18 8.900000000000000000e+01
1.760621996190863616e+18 8.900000000000000000e+01
1.760621996257389824e+18 8.900000000000000000e+01
1.760621996324259840e+18 8.900000000000000000e+01
1.760621996657641728e+18 8.400000000000000000e+01
1.760621996790721536e+18 8.400000000000000000e+01
1.760621997390705664e+18 8.900000000000000000e+01
1.760621997457578752e+18 8.900000000000000000e+01
1.760621997524201728e+18 8.900000000000000000e+01
1.760621997590853632e+18 8.900000000000000000e+01
1.760621997657582848e+18 8.900000000000000000e+01
1.760621997724090624e+18 8.900000000000000000e+01
1.760621997790999552e+18 8.900000000000000000e+01
1.760621998590974464e+18 1.500000000000000000e+01
1.760621998657462528e+18 1.500000000000000000e+01
1.760621998924349696e+18 7.500000000000000000e+01
1.760621998990947840e+18 7.500000000000000000e+01
1.760621999057460736e+18 7.500000000000000000e+01
1.760621999157426688e+18 7.500000000000000000e+01
1.760621999324334592e+18 7.500000000000000000e+01
1.760621999824263680e+18 7.100000000000000000e+01
1.760621999890784768e+18 8.700000000000000000e+01
1.760621999957674752e+18 8.200000000000000000e+01
1.760622000024285696e+18 8.200000000000000000e+01
1.760622000090784768e+18 8.200000000000000000e+01
1.760622000157648640e+18 8.200000000000000000e+01
1.760622000224277760e+18 8.200000000000000000e+01
1.760622000290827776e+18 8.200000000000000000e+01
1.760622000357727744e+18 8.200000000000000000e+01
1.760622000824157696e+18 1.200000000000000000e+01
1.760622000957650688e+18 1.200000000000000000e+01
1.760622001024149760e+18 1.200000000000000000e+01
1.760622001224147712e+18 1.200000000000000000e+01
1.760622001291028736e+18 1.200000000000000000e+01
1.760622001357644800e+18 1.200000000000000000e+01
1.760622001491022592e+18 8.200000000000000000e+01
1.760622001624200704e+18 8.200000000000000000e+01
1.760622001691023616e+18 8.200000000000000000e+01
1.760622001757508864e+18 8.200000000000000000e+01
1.760622001824239616e+18 8.200000000000000000e+01
1.760622001891064576e+18 8.200000000000000000e+01
1.760622002024397568e+18 8.400000000000000000e+01
1.760622002091007744e+18 8.000000000000000000e+00
1.760622002157581568e+18 8.400000000000000000e+01
1.760622002224360704e+18 8.600000000000000000e+01
1.760622002357543680e+18 8.400000000000000000e+01
1.760622002424403712e+18 8.400000000000000000e+01
1.760622002491007488e+18 1.500000000000000000e+01
1.760622002557542656e+18 1.500000000000000000e+01
1.760622002624385536e+18 1.500000000000000000e+01
1.760622002691001600e+18 1.500000000000000000e+01
1.760622002757660672e+18 1.500000000000000000e+01
1.760622002857646592e+18 1.500000000000000000e+01
1.760622002957750784e+18 1.500000000000000000e+01
1.760622003024395776e+18 1.300000000000000000e+01
1.760622003090883840e+18 1.300000000000000000e+01
1.760622003190898688e+18 1.300000000000000000e+01
1.760622003224398592e+18 1.300000000000000000e+01
1.760622003524400640e+18 8.000000000000000000e+01
1.760622003557759744e+18 8.000000000000000000e+01
1.760622003624407808e+18 8.000000000000000000e+01
1.760622003690863616e+18 8.000000000000000000e+01
1.760622003757760768e+18 8.000000000000000000e+01
1.760622003857760768e+18 8.000000000000000000e+01
1.760622003891015680e+18 8.000000000000000000e+01
1.760622003957770496e+18 8.000000000000000000e+01
1.760622004091112704e+18 7.900000000000000000e+01
1.760622004224283648e+18 7.900000000000000000e+01
1.760622004291152640e+18 7.900000000000000000e+01
1.760622004357825792e+18 7.900000000000000000e+01
1.760622004424261632e+18 7.900000000000000000e+01
1.760622004524237568e+18 7.900000000000000000e+01
1.760622004757761792e+18 -7.100000000000000000e+01
1.760622005124469760e+18 8.000000000000000000e+00
1.760622006257852672e+18 1.100000000000000000e+01
1.760622006390950656e+18 1.100000000000000000e+01
1.760622006790971648e+18 6.000000000000000000e+01
1.760622006857907712e+18 4.000000000000000000e+01
1.760622007057835520e+18 0.000000000000000000e+00
1.760622007124375552e+18 4.900000000000000000e+01
1.760622007191225856e+18 4.900000000000000000e+01
1.760622007257805568e+18 4.900000000000000000e+01
1.760622007524300544e+18 6.900000000000000000e+01
1.760622008191194880e+18 8.100000000000000000e+01
1.760622008257645568e+18 8.000000000000000000e+00
1.760622008391197696e+18 8.000000000000000000e+00
1.760622008591202816e+18 8.000000000000000000e+01
1.760622008724559872e+18 9.000000000000000000e+01
1.760622008791192832e+18 9.000000000000000000e+01
1.760622008857654528e+18 9.000000000000000000e+01
1.760622008924530688e+18 9.000000000000000000e+01
1.760622008991146496e+18 9.000000000000000000e+01
1.760622009057777664e+18 9.000000000000000000e+01
1.760622009124561664e+18 8.000000000000000000e+00
1.760622009324538624e+18 8.100000000000000000e+01
1.760622009391074560e+18 8.000000000000000000e+00
1.760622009924582656e+18 7.300000000000000000e+01
1.760622010391294720e+18 5.900000000000000000e+01
1.760622010757893632e+18 5.900000000000000000e+01
1.760622010824381696e+18 5.900000000000000000e+01
1.760622010891270656e+18 5.900000000000000000e+01
1.760622010957908736e+18 6.900000000000000000e+01
1.760622011024378880e+18 6.900000000000000000e+01
1.760622011091253760e+18 5.900000000000000000e+01
1.760622011291251712e+18 6.900000000000000000e+01
1.760622011357771520e+18 5.900000000000000000e+01
1.760622011424616448e+18 5.900000000000000000e+01
1.760622011491220736e+18 5.900000000000000000e+01
1.760622011557735680e+18 5.900000000000000000e+01
1.760622011624615680e+18 5.900000000000000000e+01
1.760622012024647680e+18 7.200000000000000000e+01
1.760622013891337728e+18 6.800000000000000000e+01
1.760622013958010624e+18 6.800000000000000000e+01
1.760622014091330816e+18 5.800000000000000000e+01
1.760622014257878784e+18 6.900000000000000000e+01
1.760622014424726784e+18 5.900000000000000000e+01
1.760622014791354624e+18 6.600000000000000000e+01
1.760622014857891840e+18 6.600000000000000000e+01
1.760622014991335680e+18 6.600000000000000000e+01
1.760622015057829632e+18 6.600000000000000000e+01
1.760622015858053632e+18 5.800000000000000000e+01
1.760622015991176704e+18 5.800000000000000000e+01
1.760622016058043648e+18 6.800000000000000000e+01
1.760622016124672768e+18 6.800000000000000000e+01
1.760622016258046720e+18 5.900000000000000000e+01
1.760622016324515584e+18 5.900000000000000000e+01
1.760622016391289600e+18 5.900000000000000000e+01
1.760622016591413760e+18 6.900000000000000000e+01
1.760622016658051840e+18 6.900000000000000000e+01
1.760622016724576768e+18 5.900000000000000000e+01
1.760622020491505664e+18 6.900000000000000000e+01
1.760622020624780544e+18 6.900000000000000000e+01
1.760622020691504640e+18 5.900000000000000000e+01
1.760622020958014720e+18 5.900000000000000000e+01
1.760622021158004736e+18 5.900000000000000000e+01
1.760622021357972736e+18 7.500000000000000000e+01
1.760622021424849664e+18 7.500000000000000000e+01
1.760622021558072576e+18 7.500000000000000000e+01
1.760622021624834816e+18 7.500000000000000000e+01
1.760622021891350784e+18 8.500000000000000000e+01
1.760622022158212608e+18 8.500000000000000000e+01
1.760622022224836608e+18 8.500000000000000000e+01
1.760622022291324672e+18 8.500000000000000000e+01
1.760622022891594752e+18 -2.100000000000000000e+01
1.760622023291575552e+18 -2.100000000000000000e+01
1.760622023424685824e+18 1.600000000000000000e+01
1.760622023491585792e+18 1.600000000000000000e+01
1.760622023558268672e+18 1.600000000000000000e+01
1.760622023624811776e+18 1.600000000000000000e+01
1.760622023758088704e+18 1.600000000000000000e+01
1.760622023824958464e+18 1.600000000000000000e+01
1.760622023891569664e+18 1.600000000000000000e+01
1.760622023958091776e+18 1.600000000000000000e+01
1.760622024158047744e+18 1.600000000000000000e+01
1.760622024224946688e+18 1.600000000000000000e+01
1.760622024324955648e+18 1.600000000000000000e+01
1.760622024358065664e+18 1.600000000000000000e+01
1.760622024424931840e+18 2.500000000000000000e+01
1.760622024491540736e+18 2.500000000000000000e+01
1.760622024558065664e+18 2.500000000000000000e+01
1.760622024624982528e+18 2.500000000000000000e+01
1.760622024691448576e+18 2.500000000000000000e+01
1.760622024891419648e+18 2.500000000000000000e+01
1.760622025024977664e+18 2.500000000000000000e+01
1.760622025091437568e+18 2.500000000000000000e+01
1.760622025158271744e+18 2.500000000000000000e+01
1.760622025224949504e+18 2.500000000000000000e+01
1.760622025424970752e+18 2.800000000000000000e+01
1.760622025491448576e+18 2.800000000000000000e+01
1.760622025558330880e+18 2.800000000000000000e+01
1.760622025658298624e+18 2.800000000000000000e+01
1.760622025691568640e+18 2.800000000000000000e+01
1.760622025758328576e+18 2.800000000000000000e+01
1.760622025824803584e+18 2.800000000000000000e+01
1.760622025891651584e+18 2.800000000000000000e+01
1.760622025991666688e+18 2.200000000000000000e+01
1.760622026024834560e+18 2.200000000000000000e+01
1.760622026091687680e+18 2.200000000000000000e+01
1.760622026158297856e+18 2.200000000000000000e+01
1.760622026224794624e+18 2.200000000000000000e+01
1.760622026324782592e+18 2.200000000000000000e+01
1.760622026358307584e+18 2.200000000000000000e+01
1.760622026424805632e+18 2.200000000000000000e+01
1.760622027058146816e+18 2.200000000000000000e+01
1.760622027125014784e+18 2.200000000000000000e+01
1.760622027191683840e+18 2.200000000000000000e+01
1.760622027258123520e+18 2.200000000000000000e+01
1.760622027391663872e+18 2.200000000000000000e+01
1.760622027524991744e+18 1.800000000000000000e+01
1.760622027591625728e+18 1.800000000000000000e+01
1.760622027791505664e+18 1.800000000000000000e+01
1.760622027858258688e+18 1.800000000000000000e+01
1.760622027991427584e+18 1.800000000000000000e+01
1.760622028058410752e+18 -2.100000000000000000e+01
1.760622028124989696e+18 -2.100000000000000000e+01
1.760622028191481600e+18 -2.100000000000000000e+01
1.760622028324989696e+18 -2.100000000000000000e+01
1.760622028391484672e+18 -2.100000000000000000e+01
1.760622028458371584e+18 -2.100000000000000000e+01
1.760622028591620608e+18 1.300000000000000000e+01
1.760622028658351616e+18 1.300000000000000000e+01
1.760622028791604736e+18 1.300000000000000000e+01
1.760622028858352640e+18 1.300000000000000000e+01
1.760622028991756800e+18 1.300000000000000000e+01
1.760622029058352640e+18 1.300000000000000000e+01
1.760622029124858624e+18 1.500000000000000000e+01
1.760622029258369792e+18 1.500000000000000000e+01
1.760622029391744512e+18 1.500000000000000000e+01
1.760622029458352640e+18 1.500000000000000000e+01
1.760622029524840704e+18 1.500000000000000000e+01
1.760622029591723776e+18 1.500000000000000000e+01
1.760622029658363648e+18 1.500000000000000000e+01
1.760622029858221824e+18 1.500000000000000000e+01
1.760622030025125632e+18 1.500000000000000000e+01
1.760622030125111552e+18 2.000000000000000000e+01
1.760622030191727616e+18 2.000000000000000000e+01
1.760622030258238720e+18 2.000000000000000000e+01
1.760622030325110784e+18 2.000000000000000000e+01
1.760622030391712768e+18 2.000000000000000000e+01
1.760622030525098496e+18 2.000000000000000000e+01
1.760622030591734528e+18 2.000000000000000000e+01
1.760622030691729664e+18 2.000000000000000000e+01
1.760622030725097728e+18 2.000000000000000000e+01
1.760622030791709696e+18 2.000000000000000000e+01
1.760622030858356736e+18 2.000000000000000000e+01
1.760622030925110528e+18 2.000000000000000000e+01
1.760622031025093888e+18 2.000000000000000000e+01
1.760622031058517760e+18 2.000000000000000000e+01
1.760622031125111552e+18 2.000000000000000000e+01
1.760622031191594496e+18 2.000000000000000000e+01
1.760622031258487808e+18 2.000000000000000000e+01
1.760622031358456576e+18 2.000000000000000000e+01
1.760622031391606528e+18 2.000000000000000000e+01
1.760622031458522880e+18 2.000000000000000000e+01
1.760622031525127680e+18 2.000000000000000000e+01
1.760622031591626752e+18 2.000000000000000000e+01
1.760622031691567616e+18 3.100000000000000000e+01
1.760622031725089792e+18 3.100000000000000000e+01
1.760622031791628544e+18 3.100000000000000000e+01
1.760622031858437888e+18 3.100000000000000000e+01
1.760622031925079552e+18 3.100000000000000000e+01
1.760622032024917504e+18 3.100000000000000000e+01
1.760622032158419712e+18 3.100000000000000000e+01
1.760622032358441472e+18 -2.700000000000000000e+01
1.760622032558434816e+18 2.700000000000000000e+01
1.760622032624918784e+18 2.700000000000000000e+01
1.760622032758416640e+18 3.100000000000000000e+01
1.760622032824923648e+18 3.100000000000000000e+01
1.760622032891792896e+18 3.100000000000000000e+01
1.760622032958438656e+18 3.100000000000000000e+01
1.760622033025041664e+18 3.100000000000000000e+01
1.760622033091779584e+18 3.100000000000000000e+01
1.760622033158288640e+18 3.100000000000000000e+01
1.760622033225156864e+18 -3.400000000000000000e+01
1.760622033958284544e+18 2.600000000000000000e+01
1.760622034158556672e+18 2.400000000000000000e+01
1.760622034225145600e+18 2.600000000000000000e+01
1.760622034291662592e+18 1.900000000000000000e+01
1.760622034425163776e+18 1.900000000000000000e+01
1.760622034491639552e+18 1.900000000000000000e+01
1.760622034558547712e+18 1.900000000000000000e+01
1.760622034625149696e+18 1.900000000000000000e+01
1.760622034691633664e+18 1.900000000000000000e+01
1.760622034758577664e+18 1.800000000000000000e+01
1.760622034825138688e+18 1.800000000000000000e+01
1.760622034891680768e+18 1.800000000000000000e+01
1.760622034958530560e+18 1.800000000000000000e+01
1.760622035058523648e+18 1.800000000000000000e+01
1.760622035091784704e+18 1.800000000000000000e+01
1.760622035158511616e+18 1.800000000000000000e+01
1.760622035291911680e+18 1.200000000000000000e+01
1.760622035358541824e+18 1.200000000000000000e+01
1.760622035425020672e+18 1.200000000000000000e+01
1.760622035558527744e+18 1.200000000000000000e+01
1.760622035691888640e+18 1.200000000000000000e+01
1.760622035758516736e+18 1.200000000000000000e+01
1.760622035958510592e+18 1.000000000000000000e+01
1.760622036091890688e+18 1.000000000000000000e+01
1.760622036158404608e+18 1.000000000000000000e+01
1.760622036225282560e+18 1.000000000000000000e+01
1.760622036291905536e+18 1.000000000000000000e+01
1.760622036425277696e+18 1.200000000000000000e+01
1.760622036558417920e+18 1.200000000000000000e+01
1.760622036625283840e+18 1.200000000000000000e+01
1.760622036725236736e+18 1.200000000000000000e+01
1.760622036958467840e+18 -2.100000000000000000e+01
1.760622037058359552e+18 -2.100000000000000000e+01
1.760622037191731712e+18 -2.100000000000000000e+01
1.760622037258608640e+18 -2.100000000000000000e+01
1.760622037325226752e+18 -2.000000000000000000e+01
1.760622037391742720e+18 2.000000000000000000e+01
1.760622037458599680e+18 2.000000000000000000e+01
1.760622037525242624e+18 2.000000000000000000e+01
1.760622037591727616e+18 2.000000000000000000e+01
1.760622037658600448e+18 2.000000000000000000e+01
1.760622037725219840e+18 2.000000000000000000e+01
1.760622037791692800e+18 2.000000000000000000e+01
1.760622037925226752e+18 1.900000000000000000e+01
1.760622037991708672e+18 1.900000000000000000e+01
1.760622038058567680e+18 1.900000000000000000e+01
1.760622038125216768e+18 1.900000000000000000e+01
1.760622038191837696e+18 1.900000000000000000e+01
1.760622038258585600e+18 1.900000000000000000e+01
1.760622038325082880e+18 1.900000000000000000e+01
1.760622038458587648e+18 1.900000000000000000e+01
1.760622038591944704e+18 1.900000000000000000e+01
1.760622038658594560e+18 1.900000000000000000e+01
1.760622038725072640e+18 1.900000000000000000e+01
1.760622038791963648e+18 1.900000000000000000e+01
1.760622038858573568e+18 1.800000000000000000e+01
1.760622038925072640e+18 1.800000000000000000e+01
1.760622039058613760e+18 1.800000000000000000e+01
1.760622039125082624e+18 1.800000000000000000e+01
1.760622039258442752e+18 1.800000000000000000e+01
1.760622039325190656e+18 1.800000000000000000e+01
1.760622039391983872e+18 1.900000000000000000e+01
1.760622039525373696e+18 1.900000000000000000e+01
1.760622039591939584e+18 1.900000000000000000e+01
1.760622039658481664e+18 1.900000000000000000e+01
1.760622039791980800e+18 1.900000000000000000e+01
1.760622039858433792e+18 1.900000000000000000e+01
1.760622040058447616e+18 1.900000000000000000e+01
1.760622040125320704e+18 1.900000000000000000e+01
1.760622040191930880e+18 1.900000000000000000e+01
1.760622040258562560e+18 1.900000000000000000e+01
1.760622040325306624e+18 1.900000000000000000e+01
1.760622040391818752e+18 1.900000000000000000e+01
1.760622040458708736e+18 -2.000000000000000000e+00
1.760622040525306624e+18 2.000000000000000000e+00
1.760622040858693632e+18 2.000000000000000000e+00
1.760622040925317888e+18 1.200000000000000000e+01
1.760622043491904768e+18 5.000000000000000000e+00
1.760622043558769664e+18 5.000000000000000000e+00
1.760622043625396736e+18 5.000000000000000000e+00
1.760622043691852544e+18 5.000000000000000000e+00
1.760622043758779648e+18 5.000000000000000000e+00
1.760622043825372672e+18 5.000000000000000000e+00
1.760622043891857664e+18 5.000000000000000000e+00
1.760622043958749696e+18 5.000000000000000000e+00
1.760622044025374720e+18 5.000000000000000000e+00
1.760622044091868672e+18 5.000000000000000000e+00
1.760622044158739456e+18 5.000000000000000000e+00
1.760622044225410816e+18 5.000000000000000000e+00
1.760622044291868672e+18 5.000000000000000000e+00
1.760622044358820608e+18 5.000000000000000000e+00
1.760622044425367552e+18 5.000000000000000000e+00
1.760622044491986688e+18 5.000000000000000000e+00
1.760622044558747648e+18 5.000000000000000000e+00
1.760622044625244672e+18 5.000000000000000000e+00
1.760622044692093696e+18 5.000000000000000000e+00
1.760622044758798592e+18 5.000000000000000000e+00
1.760622044825286656e+18 5.000000000000000000e+00
1.760622044892138752e+18 5.000000000000000000e+00
1.760622044958741760e+18 5.000000000000000000e+00
1.760622045025513728e+18 5.000000000000000000e+00
1.760622045158781696e+18 5.000000000000000000e+00
1.760622045225312768e+18 5.000000000000000000e+00
1.760622045292203776e+18 5.000000000000000000e+00
1.760622045358726656e+18 5.000000000000000000e+00
1.760622045425261824e+18 5.000000000000000000e+00
1.760622046558744576e+18 1.000000000000000000e+01
1.760622046691986688e+18 1.000000000000000000e+01
1.760622046758842624e+18 1.000000000000000000e+01
1.760622046825463808e+18 1.000000000000000000e+01
1.760622046958872832e+18 1.000000000000000000e+01
1.760622047125498880e+18 1.100000000000000000e+01
1.760622047158871552e+18 1.100000000000000000e+01
1.760622047225483776e+18 1.100000000000000000e+01
1.760622047292008704e+18 1.100000000000000000e+01
1.760622047358878720e+18 1.100000000000000000e+01
1.760622047458811648e+18 1.100000000000000000e+01
1.760622047492000512e+18 1.100000000000000000e+01
1.760622047625371648e+18 2.400000000000000000e+01
1.760622047692241664e+18 2.600000000000000000e+01
1.760622047792219648e+18 2.400000000000000000e+01
1.760622047825376768e+18 2.600000000000000000e+01
1.760622047892239616e+18 2.600000000000000000e+01
1.760622048025380608e+18 2.600000000000000000e+01
1.760622048125323776e+18 2.800000000000000000e+01
1.760622048158861568e+18 2.800000000000000000e+01
1.760622048225346560e+18 2.800000000000000000e+01
1.760622048292256512e+18 2.800000000000000000e+01
1.760622048358848512e+18 2.800000000000000000e+01
1.760622048458829568e+18 2.800000000000000000e+01
1.760622048492239616e+18 2.800000000000000000e+01
1.760622048592182528e+18 2.100000000000000000e+01
1.760622048658671616e+18 2.100000000000000000e+01
1.760622048725588736e+18 2.100000000000000000e+01
1.760622048792172544e+18 2.100000000000000000e+01
1.760622048858673664e+18 2.100000000000000000e+01
1.760622048925547520e+18 2.100000000000000000e+01
1.760622048992175616e+18 2.100000000000000000e+01
1.760622049058666752e+18 1.500000000000000000e+01
1.760622049258689536e+18 1.500000000000000000e+01
1.760622049392219904e+18 1.500000000000000000e+01
1.760622049458662656e+18 1.500000000000000000e+01
1.760622049525553664e+18 1.500000000000000000e+01
1.760622049725550592e+18 9.000000000000000000e+00
1.760622050125531648e+18 1.600000000000000000e+01
1.760622050192103680e+18 1.600000000000000000e+01
1.760622050258953472e+18 1.600000000000000000e+01
1.760622050325588736e+18 1.600000000000000000e+01
1.760622050392039680e+18 1.600000000000000000e+01
1.760622050458958592e+18 1.600000000000000000e+01
1.760622050525520640e+18 1.600000000000000000e+01
1.760622050658919680e+18 3.100000000000000000e+01
1.760622050725444864e+18 3.100000000000000000e+01
1.760622050858919680e+18 3.100000000000000000e+01
1.760622050925389824e+18 3.100000000000000000e+01
1.760622050992231680e+18 3.100000000000000000e+01
1.760622051192348672e+18 2.300000000000000000e+01
1.760622051258910720e+18 2.300000000000000000e+01
1.760622051325384704e+18 2.300000000000000000e+01
1.760622051392269568e+18 2.300000000000000000e+01
1.760622051458937600e+18 2.300000000000000000e+01
1.760622051525383680e+18 2.300000000000000000e+01
1.760622051592289792e+18 2.800000000000000000e+01
1.760622051658887680e+18 8.000000000000000000e+00
1.760622051725533696e+18 8.000000000000000000e+00
1.760622052058793728e+18 8.000000000000000000e+00
1.760622052125678848e+18 5.400000000000000000e+01
1.760622052192254720e+18 5.400000000000000000e+01
1.760622052525632512e+18 -5.400000000000000000e+01
1.760622052658747648e+18 8.500000000000000000e+01
1.760622052725654528e+18 8.500000000000000000e+01
1.760622052825645568e+18 8.500000000000000000e+01
1.760622052858900736e+18 8.500000000000000000e+01
1.760622052925625600e+18 8.500000000000000000e+01
1.760622052992137728e+18 8.500000000000000000e+01
1.760622053659023872e+18 2.800000000000000000e+01
1.760622053725643520e+18 2.800000000000000000e+01
1.760622053892226816e+18 2.800000000000000000e+01
1.760622054025479680e+18 2.800000000000000000e+01
1.760622054092343552e+18 2.800000000000000000e+01
1.760622054225470720e+18 -5.000000000000000000e+00
1.760622054292341760e+18 -5.000000000000000000e+00
1.760622054358966528e+18 -5.000000000000000000e+00
1.760622054425463552e+18 -5.000000000000000000e+00
1.760622054492337664e+18 -5.000000000000000000e+00
1.760622056225716480e+18 2.000000000000000000e+00
1.760622056292265728e+18 2.000000000000000000e+00
1.760622056359093760e+18 2.000000000000000000e+00
1.760622056425723904e+18 2.000000000000000000e+00
1.760622056492192768e+18 2.000000000000000000e+00
1.760622056559097856e+18 2.000000000000000000e+00
1.760622056692179712e+18 7.000000000000000000e+01
1.760622056759076608e+18 1.000000000000000000e+01
1.760622056825706752e+18 1.000000000000000000e+01
1.760622057025602560e+18 1.000000000000000000e+01
1.760622057092470528e+18 1.000000000000000000e+01
1.760622057225589760e+18 2.300000000000000000e+01
1.760622057292436480e+18 2.300000000000000000e+01
1.760622057359074560e+18 2.300000000000000000e+01
1.760622057425578496e+18 2.300000000000000000e+01
1.760622057625597696e+18 2.300000000000000000e+01
1.760622057759038720e+18 2.600000000000000000e+01
1.760622057859100672e+18 2.600000000000000000e+01
1.760622057959097600e+18 2.600000000000000000e+01
1.760622058025690880e+18 2.600000000000000000e+01
1.760622058092466688e+18 2.600000000000000000e+01
1.760622058192454656e+18 2.600000000000000000e+01
1.760622058425787648e+18 1.800000000000000000e+01
1.760622058525757696e+18 1.800000000000000000e+01
1.760622058558982656e+18 1.800000000000000000e+01
1.760622058625838848e+18 1.800000000000000000e+01
1.760622058692447744e+18 1.800000000000000000e+01
1.760622059725745664e+18 2.100000000000000000e+01
1.760622059792255744e+18 2.000000000000000000e+00
1.760622059859133696e+18 2.000000000000000000e+00
1.760622059925770752e+18 2.000000000000000000e+00
1.760622059992252672e+18 2.000000000000000000e+00
1.760622060059114752e+18 2.000000000000000000e+00
1.760622060125636608e+18 2.000000000000000000e+00
1.760622060192455680e+18 2.000000000000000000e+00
1.760622060325624832e+18 1.500000000000000000e+01
1.760622060525617664e+18 1.500000000000000000e+01
1.760622060592543488e+18 1.500000000000000000e+01
1.760622060792468736e+18 3.200000000000000000e+01
1.760622060859178752e+18 3.200000000000000000e+01
1.760622060925615872e+18 3.200000000000000000e+01
1.760622060992489472e+18 3.200000000000000000e+01
1.760622061059117824e+18 3.200000000000000000e+01
1.760622061125741824e+18 3.200000000000000000e+01
1.760622061192478720e+18 3.200000000000000000e+01
1.760622061259006720e+18 3.200000000000000000e+01
1.760622061325855744e+18 2.200000000000000000e+01
1.760622061392557568e+18 2.200000000000000000e+01
1.760622061459027712e+18 2.200000000000000000e+01
1.760622061525885696e+18 2.200000000000000000e+01
1.760622061592479744e+18 2.200000000000000000e+01
1.760622061659019776e+18 2.200000000000000000e+01
1.760622061725861888e+18 2.200000000000000000e+01
1.760622061792567808e+18 1.000000000000000000e+01
1.760622061858979584e+18 1.000000000000000000e+01
1.760622061925854720e+18 1.000000000000000000e+01
1.760622061992481792e+18 1.000000000000000000e+01
1.760622062058989824e+18 1.000000000000000000e+01
1.760622062125917696e+18 1.000000000000000000e+01
1.760622062192396544e+18 1.000000000000000000e+01
1.760622062259128576e+18 1.000000000000000000e+01
1.760622062992362752e+18 -5.000000000000000000e+00
1.760622063125872640e+18 -5.000000000000000000e+00
1.760622063225734656e+18 -5.000000000000000000e+00
1.760622063259243776e+18 -5.000000000000000000e+00
1.760622063792625664e+18 1.000000000000000000e+00
1.760622063925761792e+18 1.000000000000000000e+01
1.760622063992578816e+18 1.000000000000000000e+01
1.760622064059252736e+18 1.000000000000000000e+01
1.760622064125749504e+18 1.000000000000000000e+01
1.760622064225699584e+18 1.000000000000000000e+01
1.760622064259267584e+18 1.000000000000000000e+01
1.760622064325842688e+18 2.300000000000000000e+01
1.760622064392581632e+18 2.300000000000000000e+01
1.760622064459179520e+18 2.300000000000000000e+01
1.760622064559056640e+18 2.300000000000000000e+01
1.760622064592622848e+18 2.300000000000000000e+01
1.760622064726004480e+18 2.300000000000000000e+01
1.760622064792615680e+18 2.300000000000000000e+01
1.760622064892569856e+18 2.100000000000000000e+01
1.760622064959030528e+18 2.100000000000000000e+01
1.760622065025919744e+18 2.100000000000000000e+01
1.760622065159061760e+18 2.100000000000000000e+01
1.760622065225922560e+18 2.100000000000000000e+01
1.760622065292550656e+18 2.100000000000000000e+01
1.760622065425914880e+18 2.000000000000000000e+01
1.760622065492401664e+18 2.000000000000000000e+01
1.760622065559274752e+18 2.000000000000000000e+01
1.760622065625908736e+18 2.000000000000000000e+01
1.760622065692510720e+18 2.000000000000000000e+01
1.760622065759341824e+18 2.000000000000000000e+01
1.760622065892422656e+18 1.600000000000000000e+01
1.760622065959318528e+18 1.600000000000000000e+01
1.760622066025917696e+18 1.600000000000000000e+01
1.760622066092411648e+18 1.600000000000000000e+01
1.760622066159340544e+18 1.600000000000000000e+01
1.760622066225939712e+18 1.600000000000000000e+01
1.760622066292409600e+18 1.600000000000000000e+01
1.760622066359280640e+18 1.000000000000000000e+01
1.760622066492661760e+18 1.000000000000000000e+01
1.760622066559278848e+18 1.000000000000000000e+01
1.760622066625847552e+18 1.000000000000000000e+01
1.760622066692642816e+18 1.000000000000000000e+01
1.760622066759347712e+18 1.000000000000000000e+01
1.760622066825774592e+18 1.000000000000000000e+01
1.760622066892651776e+18 1.500000000000000000e+01
1.760622066959279872e+18 1.500000000000000000e+01
1.760622067159348736e+18 1.500000000000000000e+01
1.760622067226102528e+18 1.500000000000000000e+01
1.760622067292641536e+18 1.500000000000000000e+01
1.760622067359334656e+18 2.900000000000000000e+01
1.760622067425903872e+18 2.700000000000000000e+01
1.760622067492648704e+18 2.700000000000000000e+01
1.760622067559162624e+18 2.700000000000000000e+01
1.760622067626064896e+18 2.700000000000000000e+01
1.760622067692655616e+18 2.700000000000000000e+01
1.760622067759176704e+18 2.700000000000000000e+01
1.760622067826021632e+18 2.700000000000000000e+01
1.760622067892610816e+18 1.900000000000000000e+01
1.760622067959137792e+18 1.900000000000000000e+01
1.760622068026019584e+18 1.900000000000000000e+01
1.760622068092633600e+18 1.900000000000000000e+01
1.760622068159143680e+18 1.900000000000000000e+01
1.760622068259171840e+18 1.900000000000000000e+01
1.760622068292680704e+18 1.900000000000000000e+01
1.760622068359171584e+18 1.900000000000000000e+01
1.760622068926014720e+18 3.000000000000000000e+00
1.760622068959472640e+18 3.000000000000000000e+00
1.760622069026025728e+18 3.000000000000000000e+00
1.760622069092520704e+18 3.000000000000000000e+00
1.760622069159389696e+18 3.000000000000000000e+00
1.760622069259392768e+18 3.000000000000000000e+00
1.760622069292548608e+18 3.000000000000000000e+00
1.760622069359410688e+18 3.000000000000000000e+00
1.760622069426022656e+18 3.000000000000000000e+00
1.760622069492646656e+18 3.000000000000000000e+00
1.760622069592738560e+18 3.000000000000000000e+00
1.760622069625907712e+18 3.000000000000000000e+00
1.760622069692755712e+18 3.000000000000000000e+00
1.760622069759392768e+18 3.000000000000000000e+00
1.760622069825887744e+18 3.000000000000000000e+00
1.760622070025872640e+18 1.500000000000000000e+01
1.760622070092756736e+18 1.500000000000000000e+01
1.760622070192779776e+18 1.500000000000000000e+01
1.760622070259356672e+18 1.500000000000000000e+01
1.760622070392721664e+18 1.500000000000000000e+01
1.760622070459360512e+18 9.000000000000000000e+00
1.760622071992564736e+18 1.000000000000000000e+01
1.760622072059490560e+18 1.000000000000000000e+01
1.760622072126070784e+18 1.000000000000000000e+01
1.760622072192564736e+18 1.000000000000000000e+01
1.760622072259484672e+18 1.000000000000000000e+01
1.760622072326108672e+18 1.000000000000000000e+01
1.760622072392613632e+18 1.000000000000000000e+01
1.760622072925940736e+18 0.000000000000000000e+00
1.760622073792823808e+18 1.000000000000000000e+00
1.760622074526207744e+18 2.000000000000000000e+00
1.760622074626196736e+18 2.000000000000000000e+00
1.760622074726207744e+18 2.000000000000000000e+00
1.760622074992710656e+18 1.000000000000000000e+01
1.760622075059576832e+18 1.000000000000000000e+01
1.760622075126207488e+18 1.000000000000000000e+01
1.760622075192680704e+18 1.000000000000000000e+01
1.760622075292665600e+18 1.000000000000000000e+01
1.760622075359555840e+18 1.000000000000000000e+01
1.760622075426155520e+18 1.000000000000000000e+01
1.760622075492689664e+18 1.000000000000000000e+01
1.760622075559566848e+18 2.000000000000000000e+00
1.760622075626160640e+18 2.000000000000000000e+00
1.760622075692643584e+18 2.000000000000000000e+00
1.760622075759556864e+18 2.000000000000000000e+00
1.760622075826017536e+18 2.000000000000000000e+00
1.760622075959515648e+18 2.000000000000000000e+00
1.760622076026041856e+18 2.200000000000000000e+01
1.760622076092860672e+18 2.200000000000000000e+01
1.760622076159517696e+18 2.200000000000000000e+01
1.760622076226018560e+18 -2.200000000000000000e+01
1.760622076292885760e+18 2.200000000000000000e+01
1.760622076359509760e+18 -2.200000000000000000e+01
1.760622076426008576e+18 2.200000000000000000e+01
1.760622076492871680e+18 2.200000000000000000e+01
1.760622076559531776e+18 3.800000000000000000e+01
1.760622076626008832e+18 3.800000000000000000e+01
1.760622076692876544e+18 3.800000000000000000e+01
1.760622076759535872e+18 3.800000000000000000e+01
1.760622076826123776e+18 3.800000000000000000e+01
1.760622076892873728e+18 3.800000000000000000e+01
1.760622076959395584e+18 3.800000000000000000e+01
1.760622077026245632e+18 5.000000000000000000e+01
1.760622077092874752e+18 5.600000000000000000e+01
1.760622077159429888e+18 5.600000000000000000e+01
1.760622077226243840e+18 5.600000000000000000e+01
1.760622077292864512e+18 5.600000000000000000e+01
1.760622077359395840e+18 5.600000000000000000e+01
1.760622077426238720e+18 -5.600000000000000000e+01
1.760622077492863744e+18 5.600000000000000000e+01
1.760622077559360768e+18 6.000000000000000000e+01
1.760622077626292736e+18 6.000000000000000000e+01
1.760622077692888832e+18 6.000000000000000000e+01
1.760622077759356672e+18 6.000000000000000000e+01
1.760622077826283776e+18 5.000000000000000000e+01
1.760622077892772608e+18 6.000000000000000000e+01
1.760622077959672576e+18 6.000000000000000000e+01
1.760622078026243584e+18 6.000000000000000000e+01
1.760622078626229760e+18 5.800000000000000000e+01
1.760622078692733696e+18 5.800000000000000000e+01
1.760622078759616512e+18 5.800000000000000000e+01
1.760622078826232576e+18 -5.800000000000000000e+01
1.760622078892815616e+18 -5.800000000000000000e+01
1.760622078992998656e+18 5.800000000000000000e+01
1.760622079026096640e+18 5.800000000000000000e+01
1.760622081659681792e+18 -1.100000000000000000e+01
1.760622082126172672e+18 2.000000000000000000e+01
1.760622082259703552e+18 2.000000000000000000e+01
1.760622082393038848e+18 2.000000000000000000e+01
1.760622082459705600e+18 2.000000000000000000e+01
1.760622082526192640e+18 2.000000000000000000e+01
1.760622082593073664e+18 2.000000000000000000e+01
1.760622082993036800e+18 1.500000000000000000e+01
1.760622083059579648e+18 1.500000000000000000e+01
1.760622083659519744e+18 3.500000000000000000e+01
1.760622083726449664e+18 3.500000000000000000e+01
1.760622083793047552e+18 3.500000000000000000e+01
1.760622083859520768e+18 3.500000000000000000e+01
1.760622084059559680e+18 3.500000000000000000e+01
1.760622084126385664e+18 3.500000000000000000e+01
1.760622084192902656e+18 7.600000000000000000e+01
1.760622084326410752e+18 7.600000000000000000e+01
1.760622084392925696e+18 7.600000000000000000e+01
1.760622084459776512e+18 7.600000000000000000e+01
1.760622085193014528e+18 1.000000000000000000e+01
1.760622085259757824e+18 1.000000000000000000e+01
1.760622085359762688e+18 1.000000000000000000e+01
1.760622085393120768e+18 1.000000000000000000e+01
1.760622085526264576e+18 1.000000000000000000e+01
1.760622085593144576e+18 1.000000000000000000e+01
1.760622088226484736e+18 8.900000000000000000e+01
1.760622088293076736e+18 8.900000000000000000e+01
1.760622088359818752e+18 8.900000000000000000e+01
1.760622088426326784e+18 8.900000000000000000e+01
1.760622088493177600e+18 8.900000000000000000e+01
1.760622088559850752e+18 8.900000000000000000e+01
1.760622088626320640e+18 8.900000000000000000e+01
1.760622088759815680e+18 7.300000000000000000e+01
1.760622088826346752e+18 7.300000000000000000e+01
1.760622088893192704e+18 7.300000000000000000e+01
1.760622088959833600e+18 7.300000000000000000e+01
1.760622089026367744e+18 7.300000000000000000e+01
1.760622089093198848e+18 7.300000000000000000e+01
1.760622089159819520e+18 7.300000000000000000e+01
1.760622089226361856e+18 5.000000000000000000e+01
1.760622089293206784e+18 5.000000000000000000e+01
1.760622089359689728e+18 5.000000000000000000e+01
1.760622089426597632e+18 5.000000000000000000e+01
1.760622089493196800e+18 5.000000000000000000e+01
1.760622089559705856e+18 5.000000000000000000e+01
1.760622089626575616e+18 5.000000000000000000e+01
1.760622089693186816e+18 5.000000000000000000e+01
1.760622089759713536e+18 2.400000000000000000e+01
1.760622089826570752e+18 2.600000000000000000e+01
1.760622089959698688e+18 2.400000000000000000e+01
1.760622090093215744e+18 2.400000000000000000e+01
1.760622090159760640e+18 2.400000000000000000e+01
1.760622090226569728e+18 1.600000000000000000e+01
1.760622090293227776e+18 1.600000000000000000e+01
1.760622090426592512e+18 1.600000000000000000e+01
1.760622090493073664e+18 1.600000000000000000e+01
1.760622090559951872e+18 1.600000000000000000e+01
1.760622090626460672e+18 1.600000000000000000e+01
1.760622090726562816e+18 2.200000000000000000e+01
1.760622090759978752e+18 2.200000000000000000e+01
1.760622090893104896e+18 2.200000000000000000e+01
1.760622090959937536e+18 2.200000000000000000e+01
1.760622091059920896e+18 2.200000000000000000e+01
1.760622091093093632e+18 2.200000000000000000e+01
1.760622091159967744e+18 2.200000000000000000e+01
1.760622092326413568e+18 6.000000000000000000e+00
1.760622092393280768e+18 6.000000000000000000e+00
1.760622092593236736e+18 6.000000000000000000e+00
1.760622092726634752e+18 6.000000000000000000e+00
1.760622092793266688e+18 1.000000000000000000e+01
1.760622092859749888e+18 1.000000000000000000e+01
1.760622092926632704e+18 1.000000000000000000e+01
1.760622092993250560e+18 1.000000000000000000e+01
1.760622093059752704e+18 1.000000000000000000e+01
1.760622093126630656e+18 1.000000000000000000e+01
1.760622093193256704e+18 1.000000000000000000e+01
1.760622093259757824e+18 6.100000000000000000e+02
1.760622094593236736e+18 2.000000000000000000e+00
1.760622094793389824e+18 1.200000000000000000e+01
1.760622094860001536e+18 1.200000000000000000e+01
1.760622094926489600e+18 1.200000000000000000e+01
1.760622094993341696e+18 1.200000000000000000e+01
1.760622095059990528e+18 1.200000000000000000e+01
1.760622095126501888e+18 1.200000000000000000e+01
1.760622095193363712e+18 1.200000000000000000e+01
1.760622095926746624e+18 5.000000000000000000e+00
1.760622095993369600e+18 5.000000000000000000e+00
1.760622096093372672e+18 5.000000000000000000e+00
1.760622096193338624e+18 5.000000000000000000e+00
1.760622096259846656e+18 5.000000000000000000e+00
1.760622096326703872e+18 2.500000000000000000e+01
1.760622096426721536e+18 2.000000000000000000e+00
1.760622096526721792e+18 2.000000000000000000e+00
1.760622096593384704e+18 2.000000000000000000e+00
1.760622096860122624e+18 3.000000000000000000e+00
1.760622096926747904e+18 3.000000000000000000e+00
1.760622096993244672e+18 3.000000000000000000e+00
1.760622097093227520e+18 3.000000000000000000e+00
1.760622097126741760e+18 3.000000000000000000e+00
1.760622097193223680e+18 3.000000000000000000e+00
1.760622097260121600e+18 3.000000000000000000e+00
1.760622097426695680e+18 1.800000000000000000e+01
1.760622097460111616e+18 1.800000000000000000e+01
1.760622097693304832e+18 1.800000000000000000e+01
1.760622097760052736e+18 1.800000000000000000e+01
1.760622097826539776e+18 1.800000000000000000e+01
1.760622097893414656e+18 2.700000000000000000e+01
1.760622098226561792e+18 2.700000000000000000e+01
1.760622098293428736e+18 2.700000000000000000e+01
1.760622098426546688e+18 1.800000000000000000e+01
1.760622098560047616e+18 1.800000000000000000e+01
1.760622098626572544e+18 1.800000000000000000e+01
1.760622098693425664e+18 1.800000000000000000e+01
1.760622098759932672e+18 1.800000000000000000e+01
1.760622098826803712e+18 1.800000000000000000e+01
1.760622099426800640e+18 2.500000000000000000e+01
1.760622099559956736e+18 2.500000000000000000e+01
1.760622099626776576e+18 2.500000000000000000e+01
1.760622099693382656e+18 2.500000000000000000e+01
1.760622099760037632e+18 2.500000000000000000e+01
1.760622099826830592e+18 2.500000000000000000e+01
1.760622099893319680e+18 3.300000000000000000e+01
1.760622099960148480e+18 3.300000000000000000e+01
1.760622100026751744e+18 3.300000000000000000e+01
1.760622100093237760e+18 3.300000000000000000e+01
1.760622100160165888e+18 3.300000000000000000e+01
1.760622100226776576e+18 3.300000000000000000e+01
1.760622100360140544e+18 3.300000000000000000e+01
1.760622100426823680e+18 3.600000000000000000e+01
1.760622100493280768e+18 3.600000000000000000e+01
1.760622100560184832e+18 3.600000000000000000e+01
1.760622100626798592e+18 3.600000000000000000e+01
1.760622100693285632e+18 3.600000000000000000e+01
1.760622100760182528e+18 3.600000000000000000e+01
1.760622100826662656e+18 3.600000000000000000e+01
1.760622100893404672e+18 3.600000000000000000e+01
1.760622100960166656e+18 2.500000000000000000e+01
1.760622101126664704e+18 2.500000000000000000e+01
1.760622101160208640e+18 2.500000000000000000e+01
1.760622101360150528e+18 2.500000000000000000e+01
1.760622101460156672e+18 1.500000000000000000e+01
1.760622101493542656e+18 1.500000000000000000e+01
1.760622101693525760e+18 1.500000000000000000e+01
1.760622101893530624e+18 1.500000000000000000e+01
1.760622101960022784e+18 1.900000000000000000e+01
1.760622102026914560e+18 1.900000000000000000e+01
1.760622102126892544e+18 1.900000000000000000e+01
1.760622102160042752e+18 1.900000000000000000e+01
1.760622102226920704e+18 1.900000000000000000e+01
1.760622102293464576e+18 1.900000000000000000e+01
1.760622102360036608e+18 1.900000000000000000e+01
1.760622102460014592e+18 2.900000000000000000e+01
1.760622102493525760e+18 -2.900000000000000000e+01
1.760622102560018688e+18 2.900000000000000000e+01
1.760622102626936576e+18 2.900000000000000000e+01
1.760622102793466624e+18 2.900000000000000000e+01
1.760622102860104448e+18 2.900000000000000000e+01
1.760622102926851840e+18 3.900000000000000000e+01
1.760622102993360640e+18 3.500000000000000000e+01
1.760622103260235776e+18 3.500000000000000000e+01
1.760622103326899712e+18 3.500000000000000000e+01
1.760622103393315840e+18 3.500000000000000000e+01
1.760622103460217600e+18 2.000000000000000000e+01
1.760622103526839808e+18 2.000000000000000000e+01
1.760622103726845696e+18 2.000000000000000000e+01
1.760622103793342464e+18 2.000000000000000000e+01
1.760622103860211712e+18 2.000000000000000000e+01
1.760622103993432832e+18 8.000000000000000000e+00
1.760622104060219648e+18 8.000000000000000000e+00
1.760622104126755840e+18 8.000000000000000000e+00
1.760622104193581568e+18 8.000000000000000000e+00
1.760622104260252672e+18 8.000000000000000000e+00
1.760622104326710784e+18 8.000000000000000000e+00
1.760622104526727680e+18 8.000000000000000000e+00
1.760622104793573632e+18 8.000000000000000000e+00
1.760622104926697728e+18 8.000000000000000000e+00
1.760622104993596672e+18 1.500000000000000000e+01
1.760622105127023616e+18 1.500000000000000000e+01
1.760622105260069632e+18 1.500000000000000000e+01
1.760622105326958592e+18 1.500000000000000000e+01
1.760622105393562880e+18 1.500000000000000000e+01
1.760622105460104704e+18 1.800000000000000000e+01
1.760622106193392640e+18 1.100000000000000000e+01
1.760622106326990592e+18 -1.100000000000000000e+01
1.760622107060333824e+18 2.000000000000000000e+00
1.760622107493665792e+18 2.400000000000000000e+01
1.760622108060321536e+18 1.000000000000000000e+01
1.760622108160161792e+18 1.000000000000000000e+01
1.760622108193681664e+18 1.000000000000000000e+01
1.760622108260209920e+18 1.000000000000000000e+01
1.760622108327057664e+18 1.000000000000000000e+01
1.760622108427036672e+18 1.000000000000000000e+01
1.760622108493649664e+18 1.000000000000000000e+01
1.760622108627010560e+18 6.000000000000000000e+00
1.760622108693625600e+18 6.000000000000000000e+00
1.760622108760203520e+18 6.000000000000000000e+00
1.760622108827002880e+18 6.000000000000000000e+00
1.760622109027078656e+18 5.600000000000000000e+01
1.760622109093632768e+18 5.000000000000000000e+00
1.760622109160271616e+18 5.000000000000000000e+00
1.760622109226984704e+18 5.000000000000000000e+00
1.760622109293483776e+18 5.000000000000000000e+00
1.760622109360377856e+18 5.000000000000000000e+00
1.760622109427009536e+18 5.000000000000000000e+00
1.760622109493509888e+18 5.000000000000000000e+00
1.760622109626999552e+18 2.000000000000000000e+00
1.760622109693499648e+18 2.000000000000000000e+00
1.760622109760425472e+18 2.000000000000000000e+00
1.760622109827053824e+18 2.000000000000000000e+00
1.760622109893503744e+18 2.000000000000000000e+00
1.760622109960377600e+18 2.000000000000000000e+00
1.760622110027017472e+18 2.000000000000000000e+00
1.760622110693753600e+18 3.000000000000000000e+00
1.760622110760414720e+18 3.000000000000000000e+00
1.760622110960371712e+18 3.000000000000000000e+00
1.760622111026854656e+18 3.000000000000000000e+00
1.760622111627114752e+18 2.200000000000000000e+01
1.760622111693741824e+18 2.200000000000000000e+01
1.760622111760245504e+18 2.200000000000000000e+01
1.760622111827113728e+18 2.200000000000000000e+01
1.760622111960249600e+18 2.200000000000000000e+01
1.760622112093742592e+18 2.100000000000000000e+01
1.760622112227108608e+18 2.100000000000000000e+01
1.760622112293631744e+18 2.100000000000000000e+01
1.760622112360373760e+18 2.100000000000000000e+01
1.760622112427138560e+18 2.100000000000000000e+01
1.760622112527086848e+18 2.100000000000000000e+01
1.760622112560534784e+18 2.100000000000000000e+01
1.760622112627124736e+18 1.300000000000000000e+01
1.760622112693628672e+18 1.300000000000000000e+01
1.760622112760482816e+18 1.300000000000000000e+01
1.760622112860499712e+18 1.300000000000000000e+01
1.760622112893635840e+18 1.300000000000000000e+01
1.760622112960525824e+18 1.300000000000000000e+01
1.760622113027094528e+18 1.300000000000000000e+01
1.760622113093609472e+18 3.000000000000000000e+00
1.760622113193619712e+18 8.000000000000000000e+00
1.760622113227125760e+18 8.000000000000000000e+00
1.760622113293654784e+18 8.000000000000000000e+00
1.760622113360481792e+18 8.000000000000000000e+00
1.760622113426985728e+18 8.000000000000000000e+00
1.760622113526934528e+18 8.000000000000000000e+00
1.760622113560459520e+18 8.000000000000000000e+00
1.760622113626988544e+18 1.500000000000000000e+01
1.760622113693855744e+18 1.500000000000000000e+01
1.760622113760499712e+18 1.500000000000000000e+01
1.760622113860445696e+18 1.500000000000000000e+01
1.760622113926954752e+18 1.500000000000000000e+01
1.760622113993817600e+18 1.500000000000000000e+01
1.760622114060462592e+18 1.500000000000000000e+01
1.760622114126930688e+18 3.100000000000000000e+01
1.760622114260427776e+18 3.100000000000000000e+01
1.760622114326947584e+18 3.100000000000000000e+01
1.760622114393805824e+18 3.100000000000000000e+01
1.760622114460303872e+18 3.100000000000000000e+01
1.760622114527184640e+18 3.100000000000000000e+01
1.760622114593804544e+18 3.100000000000000000e+01
1.760622114660297728e+18 3.000000000000000000e+01
1.760622114727184896e+18 3.000000000000000000e+01
1.760622114793779712e+18 3.000000000000000000e+01
1.760622114860296704e+18 3.000000000000000000e+01
1.760622114927176704e+18 3.000000000000000000e+01
1.760622114993796608e+18 3.000000000000000000e+01
1.760622115060320512e+18 3.000000000000000000e+01
1.760622115127172608e+18 3.000000000000000000e+01
1.760622115193829888e+18 2.200000000000000000e+01
1.760622115260347648e+18 2.200000000000000000e+01
1.760622115327166720e+18 2.200000000000000000e+01
1.760622115393823744e+18 2.200000000000000000e+01
1.760622115460418816e+18 2.200000000000000000e+01
1.760622115527157760e+18 2.200000000000000000e+01
1.760622115593710592e+18 2.200000000000000000e+01
1.760622115793704704e+18 6.000000000000000000e+00
1.760622116193712640e+18 5.000000000000000000e+00
1.760622116260547584e+18 5.000000000000000000e+00
1.760622116327234816e+18 5.000000000000000000e+00
1.760622116393651712e+18 5.000000000000000000e+00
1.760622116460571648e+18 5.000000000000000000e+00
1.760622116527030784e+18 5.000000000000000000e+00
1.760622116593902592e+18 5.000000000000000000e+00
1.760622116660556800e+18 5.600000000000000000e+01
1.760622116727071744e+18 1.600000000000000000e+01
1.760622116793894656e+18 1.600000000000000000e+01
1.760622116860526592e+18 1.600000000000000000e+01
1.760622116927066624e+18 1.600000000000000000e+01
1.760622116993879808e+18 1.600000000000000000e+01
1.760622117060579840e+18 1.600000000000000000e+01
1.760622117127067648e+18 1.600000000000000000e+01
1.760622117227068672e+18 1.600000000000000000e+01
1.760622117260553472e+18 1.600000000000000000e+01
1.760622117393913856e+18 1.600000000000000000e+01
1.760622117460546816e+18 1.600000000000000000e+01
1.760622117527156480e+18 1.600000000000000000e+01
1.760622117593892608e+18 1.600000000000000000e+01
1.760622117660408832e+18 1.600000000000000000e+01
1.760622117727324672e+18 1.200000000000000000e+01
1.760622117793910784e+18 1.200000000000000000e+01
1.760622117927296512e+18 1.200000000000000000e+01
1.760622118060401664e+18 1.200000000000000000e+01
1.760622118127303680e+18 1.200000000000000000e+01
1.760622119760620544e+18 8.000000000000000000e+00
1.760622119827107584e+18 8.000000000000000000e+00
1.760622119893968640e+18 8.000000000000000000e+00
1.760622119960600576e+18 8.000000000000000000e+00
1.760622121227328768e+18 1.000000000000000000e+00
1.760622121293980672e+18 1.100000000000000000e+01
1.760622121360457728e+18 1.100000000000000000e+01
1.760622121427320832e+18 1.100000000000000000e+01
1.760622121493967872e+18 1.100000000000000000e+01
1.760622121560427776e+18 1.100000000000000000e+01
1.760622121627323648e+18 1.100000000000000000e+01
1.760622121760585728e+18 2.900000000000000000e+01
1.760622121827361536e+18 2.900000000000000000e+01
1.760622121893837568e+18 2.900000000000000000e+01
1.760622121960749568e+18 2.900000000000000000e+01
1.760622122093825536e+18 2.900000000000000000e+01
1.760622122160691712e+18 2.900000000000000000e+01
1.760622122227315712e+18 2.900000000000000000e+01
1.760622122293777664e+18 3.700000000000000000e+01
1.760622122360738816e+18 3.700000000000000000e+01
1.760622122427318528e+18 3.700000000000000000e+01
1.760622122493828864e+18 3.700000000000000000e+01
1.760622122593811712e+18 3.700000000000000000e+01
1.760622122627359744e+18 3.700000000000000000e+01
1.760622122693806592e+18 3.700000000000000000e+01
1.760622122827195648e+18 6.100000000000000000e+01
1.760622123027200768e+18 6.100000000000000000e+01
1.760622123094080768e+18 6.100000000000000000e+01
1.760622123260703488e+18 6.100000000000000000e+01
1.760622123294080768e+18 3.600000000000000000e+01
1.760622123427219712e+18 3.400000000000000000e+01
1.760622123694029568e+18 3.400000000000000000e+01
1.760622123760705792e+18 3.600000000000000000e+01
1.760622123827345664e+18 6.100000000000000000e+01
1.760622123927434752e+18 6.100000000000000000e+01
1.760622123960590592e+18 6.100000000000000000e+01
1.760622124027427584e+18 6.100000000000000000e+01
1.760622124094066688e+18 6.100000000000000000e+01
1.760622124360569600e+18 5.300000000000000000e+01
1.760622124427445760e+18 5.300000000000000000e+01
1.760622124494063616e+18 5.300000000000000000e+01
1.760622124594029568e+18 5.300000000000000000e+01
1.760622124627451648e+18 5.300000000000000000e+01
1.760622124694051840e+18 5.300000000000000000e+01
1.760622124794031616e+18 5.900000000000000000e+01
1.760622124860611584e+18 5.900000000000000000e+01
1.760622124927393792e+18 5.900000000000000000e+01
1.760622124993907712e+18 5.900000000000000000e+01
1.760622125060779520e+18 5.900000000000000000e+01
1.760622125127395584e+18 5.900000000000000000e+01
1.760622125193896704e+18 5.900000000000000000e+01
1.760622125260766720e+18 5.900000000000000000e+01
1.760622125393892864e+18 5.800000000000000000e+01
1.760622125460761856e+18 5.800000000000000000e+01
1.760622125527386624e+18 5.800000000000000000e+01
1.760622125593887488e+18 5.800000000000000000e+01
1.760622125660810752e+18 5.800000000000000000e+01
1.760622125727523584e+18 5.800000000000000000e+01
1.760622125860764672e+18 6.600000000000000000e+01
1.760622126060809728e+18 6.600000000000000000e+01
1.760622126127310848e+18 6.000000000000000000e+00
1.760622126260795648e+18 6.600000000000000000e+01
1.760622126394086656e+18 6.500000000000000000e+01
1.760622126460803840e+18 4.500000000000000000e+01
1.760622126594145792e+18 4.500000000000000000e+01
1.760622126727288832e+18 4.500000000000000000e+01
1.760622126794142720e+18 4.500000000000000000e+01
1.760622126860801792e+18 5.900000000000000000e+01
1.760622126927423744e+18 5.900000000000000000e+01
1.760622126994159616e+18 5.900000000000000000e+01
1.760622127060614656e+18 5.900000000000000000e+01
1.760622127127484672e+18 5.900000000000000000e+01
1.760622127194152704e+18 5.900000000000000000e+01
1.760622127260701696e+18 5.900000000000000000e+01
1.760622127327478528e+18 5.900000000000000000e+01
1.760622127394161664e+18 6.000000000000000000e+01
1.760622127460628736e+18 6.000000000000000000e+01
1.760622127527529728e+18 6.000000000000000000e+01
1.760622127594119680e+18 6.000000000000000000e+01
1.760622127660637696e+18 6.000000000000000000e+01
1.760622127727489792e+18 6.000000000000000000e+01
1.760622127794111744e+18 6.000000000000000000e+01
1.760622128127495680e+18 5.400000000000000000e+01
1.760622128194004736e+18 5.400000000000000000e+01
1.760622128260891648e+18 5.400000000000000000e+01
1.760622128627487744e+18 4.800000000000000000e+01
1.760622128727460608e+18 4.800000000000000000e+01
1.760622128860876800e+18 4.800000000000000000e+01
1.760622128960862720e+18 4.800000000000000000e+01
1.760622129127399680e+18 4.800000000000000000e+01
1.760622129427339776e+18 5.700000000000000000e+01
1.760622129494235648e+18 5.700000000000000000e+01
1.760622129627342592e+18 5.700000000000000000e+01
1.760622129694186752e+18 5.700000000000000000e+01
1.760622129760849664e+18 5.700000000000000000e+01
1.760622129827341824e+18 5.700000000000000000e+01
1.760622129894224640e+18 5.100000000000000000e+01
1.760622129960827648e+18 5.100000000000000000e+01
1.760622130027449600e+18 5.100000000000000000e+01
1.760622130094168576e+18 5.100000000000000000e+01
1.760622130160698624e+18 5.100000000000000000e+01
1.760622130294201600e+18 5.100000000000000000e+01
1.760622130360675584e+18 5.100000000000000000e+01
1.760622130427567616e+18 6.300000000000000000e+01
1.760622130560662784e+18 6.300000000000000000e+01
1.760622130627560704e+18 6.300000000000000000e+01
1.760622130827552768e+18 6.300000000000000000e+01
1.760622130894184704e+18 5.300000000000000000e+01
1.760622130960682752e+18 3.500000000000000000e+01
1.760622131027542528e+18 3.500000000000000000e+01
1.760622131094038784e+18 3.500000000000000000e+01
1.760622131160801536e+18 3.500000000000000000e+01
1.760622131227548672e+18 3.500000000000000000e+01
1.760622131360920576e+18 3.500000000000000000e+01
1.760622131427548672e+18 3.100000000000000000e+01
1.760622131494053632e+18 3.100000000000000000e+01
1.760622131560920832e+18 3.100000000000000000e+01
1.760622131627549696e+18 3.100000000000000000e+01
1.760622131694038528e+18 3.100000000000000000e+01
1.760622131760940800e+18 3.100000000000000000e+01
1.760622131827542784e+18 3.100000000000000000e+01
1.760622131894104832e+18 3.100000000000000000e+01
1.760622131960999680e+18 6.000000000000000000e+01
1.760622132027538688e+18 6.000000000000000000e+01
1.760622132094034688e+18 6.000000000000000000e+01
1.760622132227432704e+18 6.000000000000000000e+01
1.760622132294339584e+18 6.000000000000000000e+01
1.760622132494322688e+18 3.800000000000000000e+01
1.760622132561019648e+18 3.800000000000000000e+01
1.760622132627425792e+18 3.800000000000000000e+01
1.760622132694313728e+18 3.800000000000000000e+01
1.760622132827400704e+18 3.800000000000000000e+01
1.760622132894274816e+18 3.800000000000000000e+01
1.760622132960952832e+18 3.200000000000000000e+01
1.760622133027403520e+18 3.200000000000000000e+01
1.760622133160958720e+18 3.200000000000000000e+01
1.760622133227537664e+18 3.200000000000000000e+01
1.760622133294258688e+18 3.200000000000000000e+01
1.760622133494304768e+18 2.300000000000000000e+01
1.760622133560774656e+18 2.300000000000000000e+01
1.760622133660830720e+18 2.300000000000000000e+01
1.760622133694288640e+18 2.300000000000000000e+01
1.760622133760800512e+18 2.300000000000000000e+01
1.760622133827638528e+18 2.300000000000000000e+01
1.760622133894279680e+18 2.300000000000000000e+01
1.760622133960793856e+18 1.500000000000000000e+01
1.760622134027633664e+18 1.500000000000000000e+01
1.760622134327665664e+18 1.500000000000000000e+01
1.760622134427666688e+18 1.500000000000000000e+01
1.760622134561050624e+18 2.600000000000000000e+01
1.760622134627661824e+18 2.600000000000000000e+01
1.760622134694143744e+18 2.600000000000000000e+01
1.760622134761055744e+18 2.600000000000000000e+01
1.760622134827656704e+18 2.600000000000000000e+01
1.760622134894146560e+18 2.600000000000000000e+01
1.760622134961062656e+18 2.600000000000000000e+01
1.760622135027622656e+18 2.900000000000000000e+01
1.760622135094164736e+18 2.900000000000000000e+01
1.760622135161038592e+18 2.900000000000000000e+01
1.760622135227656704e+18 2.900000000000000000e+01
1.760622135394375680e+18 2.900000000000000000e+01
1.760622135460995584e+18 2.900000000000000000e+01
1.760622135660976640e+18 2.500000000000000000e+01
1.760622135860983552e+18 2.500000000000000000e+01
1.760622135927473664e+18 2.500000000000000000e+01
1.760622135994347520e+18 2.000000000000000000e+01
1.760622136060976640e+18 2.000000000000000000e+01
1.760622136127466752e+18 2.000000000000000000e+01
1.760622136194348544e+18 2.000000000000000000e+01
1.760622136260985600e+18 2.000000000000000000e+01
1.760622136327600640e+18 2.000000000000000000e+01
1.760622136394298880e+18 2.000000000000000000e+01
1.760622136460853504e+18 2.000000000000000000e+01
1.760622136527716608e+18 1.300000000000000000e+01
1.760622136594388736e+18 1.300000000000000000e+01
1.760622136727728640e+18 1.300000000000000000e+01
1.760622136860834560e+18 1.300000000000000000e+01
1.760622136927708672e+18 1.300000000000000000e+01
1.760622136994337792e+18 1.300000000000000000e+01
1.760622137527703808e+18 3.000000000000000000e+01
1.760622137594202880e+18 3.000000000000000000e+01
1.760622137661075712e+18 3.000000000000000000e+01
1.760622137727752704e+18 3.000000000000000000e+01
1.760622137794219776e+18 3.000000000000000000e+01
1.760622137861092608e+18 3.000000000000000000e+01
1.760622137927771648e+18 3.000000000000000000e+01
1.760622137994230784e+18 3.000000000000000000e+01
1.760622138061100800e+18 2.700000000000000000e+01
1.760622138127746560e+18 2.700000000000000000e+01
1.760622138194208512e+18 2.700000000000000000e+01
1.760622138327697664e+18 2.700000000000000000e+01
1.760622138394298880e+18 2.700000000000000000e+01
1.760622138461066752e+18 2.700000000000000000e+01
1.760622138594450688e+18 2.200000000000000000e+01
1.760622138661075712e+18 2.200000000000000000e+01
1.760622138727573760e+18 2.200000000000000000e+01
1.760622138794448640e+18 2.200000000000000000e+01
1.760622138861084672e+18 2.200000000000000000e+01
1.760622138927596544e+18 2.200000000000000000e+01
1.760622138994460672e+18 2.200000000000000000e+01
1.760622139061065728e+18 1.500000000000000000e+01
1.760622139127565568e+18 1.500000000000000000e+01
1.760622140060911616e+18 3.300000000000000000e+01
1.760622140127834880e+18 3.300000000000000000e+01
1.760622140194446592e+18 3.300000000000000000e+01
1.760622140260934656e+18 3.300000000000000000e+01
1.760622140360944640e+18 3.300000000000000000e+01
1.760622140394457600e+18 3.300000000000000000e+01
1.760622140527803648e+18 3.300000000000000000e+01
1.760622140594375680e+18 3.100000000000000000e+01
1.760622140727805696e+18 3.100000000000000000e+01
1.760622140794333696e+18 3.100000000000000000e+01
1.760622140861215488e+18 3.100000000000000000e+01
1.760622141027771648e+18 3.100000000000000000e+01
1.760622141094282752e+18 2.500000000000000000e+01
1.760622141161161728e+18 2.500000000000000000e+01
1.760622141227777792e+18 2.500000000000000000e+01
1.760622141494291712e+18 2.500000000000000000e+01
1.760622141561163776e+18 2.500000000000000000e+01
1.760622141627634688e+18 2.000000000000000000e+01
1.760622141694516736e+18 2.000000000000000000e+01
1.760622141761139712e+18 2.000000000000000000e+01
1.760622141827654656e+18 2.000000000000000000e+01
1.760622141961142784e+18 2.000000000000000000e+01
1.760622142027634688e+18 2.000000000000000000e+01
1.760622142094513664e+18 2.000000000000000000e+01
1.760622142161153792e+18 2.700000000000000000e+01
1.760622142361132544e+18 2.700000000000000000e+01
1.760622142427662592e+18 2.700000000000000000e+01
1.760622142627752704e+18 3.600000000000000000e+01
1.760622142694527744e+18 3.600000000000000000e+01
1.760622142761017600e+18 3.600000000000000000e+01
1.760622142827923712e+18 3.600000000000000000e+01
1.760622142894522624e+18 3.600000000000000000e+01
1.760622142961066752e+18 3.600000000000000000e+01
1.760622143027893760e+18 3.600000000000000000e+01
1.760622143094540544e+18 3.600000000000000000e+01
1.760622143161078784e+18 3.800000000000000000e+01
1.760622143227873536e+18 3.800000000000000000e+01
1.760622143294480640e+18 3.800000000000000000e+01
1.760622143427931904e+18 3.800000000000000000e+01
1.760622143494538752e+18 3.800000000000000000e+01
1.760622143561041664e+18 3.800000000000000000e+01
1.760622143627878656e+18 3.600000000000000000e+01
1.760622143694360832e+18 3.500000000000000000e+01
1.760622143761284608e+18 3.500000000000000000e+01
1.760622143827887872e+18 3.500000000000000000e+01
1.760622144027876608e+18 3.500000000000000000e+01
1.760622144094384640e+18 3.500000000000000000e+01
1.760622144161239552e+18 3.000000000000000000e+01
1.760622144227939584e+18 3.000000000000000000e+01
1.760622144294348800e+18 3.000000000000000000e+01
1.760622144394363648e+18 3.000000000000000000e+01
1.760622144427882752e+18 3.000000000000000000e+01
1.760622144494379776e+18 3.000000000000000000e+01
1.760622144561242624e+18 3.000000000000000000e+01
1.760622144627853568e+18 3.000000000000000000e+01
1.760622144727738624e+18 3.100000000000000000e+01
1.760622144761259776e+18 3.100000000000000000e+01
1.760622144827759616e+18 3.100000000000000000e+01
1.760622144894598656e+18 3.100000000000000000e+01
1.760622144961259520e+18 3.100000000000000000e+01
1.760622145061239808e+18 3.100000000000000000e+01
1.760622145094632704e+18 3.100000000000000000e+01
1.760622145161270528e+18 3.900000000000000000e+01
1.760622145227719680e+18 3.900000000000000000e+01
1.760622145294622720e+18 3.900000000000000000e+01
1.760622145394604800e+18 3.900000000000000000e+01
1.760622145427760640e+18 3.900000000000000000e+01
1.760622145494593536e+18 3.900000000000000000e+01
1.760622145561245696e+18 3.900000000000000000e+01
1.760622145627753728e+18 3.900000000000000000e+01
1.760622145727842560e+18 3.500000000000000000e+01
1.760622145761153792e+18 3.500000000000000000e+01
1.760622145828031744e+18 3.500000000000000000e+01
1.760622145961185792e+18 3.500000000000000000e+01
1.760622146094639872e+18 3.500000000000000000e+01
1.760622146161105664e+18 3.000000000000000000e+01
1.760622146227983616e+18 3.000000000000000000e+01
1.760622146294616576e+18 3.000000000000000000e+01
1.760622146394580480e+18 3.000000000000000000e+01
1.760622146461099520e+18 3.000000000000000000e+01
1.760622146494610688e+18 3.000000000000000000e+01
1.760622146594542848e+18 3.000000000000000000e+01
1.760622146661083648e+18 3.000000000000000000e+01
1.760622146727943680e+18 2.300000000000000000e+01
1.760622146794456832e+18 2.300000000000000000e+01
1.760622146861212672e+18 2.300000000000000000e+01
1.760622146927946496e+18 2.300000000000000000e+01
1.760622146994446848e+18 2.300000000000000000e+01
1.760622147061347840e+18 2.300000000000000000e+01
1.760622147127938816e+18 2.300000000000000000e+01
1.760622147194441728e+18 2.300000000000000000e+01
1.760622147261308672e+18 2.300000000000000000e+01
1.760622147327933696e+18 2.300000000000000000e+01
1.760622147394433792e+18 2.300000000000000000e+01
1.760622147461363712e+18 2.300000000000000000e+01
1.760622147527928576e+18 2.300000000000000000e+01
1.760622147594407680e+18 2.300000000000000000e+01
1.760622147661311744e+18 2.300000000000000000e+01
1.760622147727943680e+18 3.700000000000000000e+01
1.760622147794551552e+18 3.700000000000000000e+01
1.760622147861337600e+18 3.700000000000000000e+01
1.760622147927794688e+18 3.700000000000000000e+01
1.760622148061335552e+18 3.700000000000000000e+01
1.760622148127794688e+18 3.700000000000000000e+01
1.760622148194648832e+18 3.000000000000000000e+01
1.760622148261306880e+18 3.000000000000000000e+01
1.760622148327802624e+18 3.000000000000000000e+01
1.760622148394665728e+18 3.000000000000000000e+01
1.760622148461340672e+18 3.000000000000000000e+01
1.760622148527814656e+18 3.000000000000000000e+01
1.760622148594710528e+18 3.000000000000000000e+01
1.760622148661311744e+18 3.000000000000000000e+01
1.760622148727832832e+18 2.300000000000000000e+01
1.760622148794664704e+18 2.300000000000000000e+01
1.760622148861330688e+18 2.300000000000000000e+01
1.760622148927950592e+18 2.300000000000000000e+01
1.760622148994744832e+18 2.300000000000000000e+01
1.760622149128028672e+18 2.300000000000000000e+01
1.760622149728088576e+18 1.300000000000000000e+01
1.760622149794682624e+18 1.300000000000000000e+01
1.760622149861175808e+18 1.300000000000000000e+01
1.760622149928041728e+18 1.300000000000000000e+01
1.760622149994535680e+18 1.300000000000000000e+01
1.760622150094543616e+18 1.300000000000000000e+01
1.760622150128045824e+18 1.300000000000000000e+01
1.760622150194527744e+18 1.300000000000000000e+01
1.760622150328009728e+18 2.500000000000000000e+01
1.760622150461413632e+18 2.500000000000000000e+01
1.760622150594590720e+18 2.500000000000000000e+01
1.760622150661427712e+18 2.500000000000000000e+01
1.760622150761438720e+18 2.100000000000000000e+01
1.760622150794517760e+18 2.100000000000000000e+01
1.760622150928030720e+18 2.100000000000000000e+01
1.760622150994613760e+18 2.100000000000000000e+01
1.760622151094753792e+18 2.100000000000000000e+01
1.760622151127912704e+18 2.100000000000000000e+01
1.760622151194794752e+18 2.100000000000000000e+01
1.760622152294770688e+18 1.000000000000000000e+01
1.760622152361286656e+18 1.000000000000000000e+01
1.760622152494730752e+18 1.000000000000000000e+01
1.760622152561267712e+18 1.000000000000000000e+01
1.760622152628100608e+18 1.000000000000000000e+01
1.760622152694746624e+18 1.000000000000000000e+01
1.760622152761232640e+18 1.000000000000000000e+01
1.760622152828160768e+18 2.100000000000000000e+01
1.760622152894760704e+18 2.100000000000000000e+01
1.760622152961258752e+18 2.100000000000000000e+01
1.760622153028093696e+18 2.100000000000000000e+01
1.760622153094604800e+18 2.100000000000000000e+01
1.760622153161473792e+18 2.100000000000000000e+01
1.760622153228097792e+18 2.100000000000000000e+01
1.760622153561494528e+18 1.100000000000000000e+01
1.760622154294876672e+18 8.200000000000000000e+01
1.760622155828223744e+18 6.100000000000000000e+01
1.760622156561567744e+18 7.000000000000000000e+00
1.760622156694687488e+18 7.000000000000000000e+00
1.760622156928202752e+18 1.500000000000000000e+01
1.760622157061549568e+18 1.500000000000000000e+01
1.760622157194662656e+18 1.500000000000000000e+01
1.760622157328030464e+18 1.500000000000000000e+01
1.760622157394907648e+18 1.600000000000000000e+01
1.760622157461541632e+18 1.600000000000000000e+01
1.760622157528028672e+18 1.600000000000000000e+01
1.760622157594902784e+18 1.600000000000000000e+01
1.760622157661525760e+18 1.600000000000000000e+01
1.760622157728028672e+18 1.600000000000000000e+01
1.760622157794899712e+18 1.600000000000000000e+01
1.760622157928022528e+18 3.000000000000000000e+00
1.760622157994911744e+18 3.000000000000000000e+00
1.760622158061521664e+18 3.000000000000000000e+00
1.760622158128029696e+18 3.000000000000000000e+00
1.760622158194885632e+18 3.000000000000000000e+00
1.760622158261513728e+18 3.000000000000000000e+00
1.760622158328141568e+18 3.000000000000000000e+00
1.760622159394748672e+18 1.200000000000000000e+01
1.760622159461621760e+18 1.200000000000000000e+01
1.760622159528277760e+18 1.200000000000000000e+01
1.760622159594730496e+18 1.200000000000000000e+01
1.760622159661621504e+18 1.200000000000000000e+01
1.760622159728258560e+18 1.200000000000000000e+01
1.760622159794742528e+18 1.200000000000000000e+01
1.760622159861615616e+18 1.200000000000000000e+01
1.760622159928284672e+18 1.300000000000000000e+01
1.760622159994792704e+18 1.300000000000000000e+01
1.760622160061640704e+18 1.300000000000000000e+01
1.760622160128306688e+18 1.300000000000000000e+01
1.760622160194785536e+18 1.300000000000000000e+01
1.760622160261660672e+18 1.300000000000000000e+01
1.760622160328277504e+18 1.300000000000000000e+01
1.760622160794981632e+18 -2.100000000000000000e+01
1.760622160928120576e+18 3.000000000000000000e+01
1.760622160994991872e+18 3.000000000000000000e+01
1.760622161061627648e+18 3.000000000000000000e+01
1.760622161161645568e+18 3.000000000000000000e+01
1.760622161195032576e+18 3.000000000000000000e+01
1.760622161261669632e+18 3.000000000000000000e+01
1.760622161328127744e+18 3.000000000000000000e+01
1.760622161395006720e+18 3.000000000000000000e+01
1.760622161461492736e+18 3.600000000000000000e+01
1.760622161528355584e+18 3.600000000000000000e+01
1.760622161594982656e+18 3.600000000000000000e+01
1.760622161661557760e+18 3.600000000000000000e+01
1.760622161728379648e+18 3.600000000000000000e+01
1.760622161828377600e+18 3.600000000000000000e+01
1.760622161861517568e+18 3.600000000000000000e+01
1.760622161928359680e+18 5.600000000000000000e+01
1.760622162261492736e+18 -5.100000000000000000e+01
1.760622162561721600e+18 5.900000000000000000e+01
1.760622162628330752e+18 5.900000000000000000e+01
1.760622162694842624e+18 5.900000000000000000e+01
1.760622162761731584e+18 5.900000000000000000e+01
1.760622162828372736e+18 5.900000000000000000e+01
1.760622162894829824e+18 5.900000000000000000e+01
1.760622162961704704e+18 5.500000000000000000e+01
1.760622163028335616e+18 5.500000000000000000e+01
1.760622163161703680e+18 5.000000000000000000e+00
1.760622163228344576e+18 5.500000000000000000e+01
1.760622163294832640e+18 5.500000000000000000e+01
1.760622163428308736e+18 5.500000000000000000e+01
1.760622163494981888e+18 3.900000000000000000e+01
1.760622163561693696e+18 3.900000000000000000e+01
1.760622163628197632e+18 3.900000000000000000e+01
1.760622163695058688e+18 3.900000000000000000e+01
1.760622163761686528e+18 3.900000000000000000e+01
1.760622163828178688e+18 3.900000000000000000e+01
1.760622163895063552e+18 3.900000000000000000e+01
1.760622163961683712e+18 3.900000000000000000e+01
1.760622164028177664e+18 3.900000000000000000e+01
1.760622164095054592e+18 3.900000000000000000e+01
1.760622164161680640e+18 3.900000000000000000e+01
1.760622164228174592e+18 3.900000000000000000e+01
1.760622164295046656e+18 3.900000000000000000e+01
1.760622164361667584e+18 3.900000000000000000e+01
1.760622164428170752e+18 3.900000000000000000e+01
1.760622164495045632e+18 3.600000000000000000e+01
1.760622164561611776e+18 3.600000000000000000e+01
1.760622164628327680e+18 3.600000000000000000e+01
1.760622164695041536e+18 3.600000000000000000e+01
1.760622164761577728e+18 3.600000000000000000e+01
1.760622164828418816e+18 3.600000000000000000e+01
1.760622164895038720e+18 3.600000000000000000e+01
1.760622164961584640e+18 3.600000000000000000e+01
1.760622165095023616e+18 3.700000000000000000e+01
1.760622165228425728e+18 3.700000000000000000e+01
1.760622165361532672e+18 3.700000000000000000e+01
1.760622165561663744e+18 2.000000000000000000e+01
1.760622165628459776e+18 2.000000000000000000e+01
1.760622165694911744e+18 2.000000000000000000e+01
1.760622165761777664e+18 2.000000000000000000e+01
1.760622165828482560e+18 2.000000000000000000e+01
1.760622165894925568e+18 2.000000000000000000e+01
1.760622166161796608e+18 2.000000000000000000e+00
1.760622168028502784e+18 3.200000000000000000e+01
1.760622168095170816e+18 3.000000000000000000e+00
1.760622168195064832e+18 3.000000000000000000e+00
1.760622168328516608e+18 3.000000000000000000e+00
1.760622168395112704e+18 3.000000000000000000e+00
1.760622168461621760e+18 3.000000000000000000e+00
1.760622168595100672e+18 1.900000000000000000e+01
1.760622168661601792e+18 1.900000000000000000e+01
1.760622168728481792e+18 1.900000000000000000e+01
1.760622168794989568e+18 1.900000000000000000e+01
1.760622168861880832e+18 1.900000000000000000e+01
1.760622168928468736e+18 1.900000000000000000e+01
1.760622168995017728e+18 1.900000000000000000e+01
1.760622169061856768e+18 1.300000000000000000e+01
1.760622169128471552e+18 1.300000000000000000e+01
1.760622169194970624e+18 1.300000000000000000e+01
1.760622169261845504e+18 1.300000000000000000e+01
1.760622169328471552e+18 1.300000000000000000e+01
1.760622169394970624e+18 1.300000000000000000e+01
1.760622169461846528e+18 1.300000000000000000e+01
1.760622169528462592e+18 1.300000000000000000e+01
1.760622169661845760e+18 1.800000000000000000e+01
1.760622169728469504e+18 1.800000000000000000e+01
1.760622169795088896e+18 1.800000000000000000e+01
1.760622169861836544e+18 1.800000000000000000e+01
1.760622169928338688e+18 1.800000000000000000e+01
1.760622169995191552e+18 1.800000000000000000e+01
1.760622170128329728e+18 1.000000000000000000e+01
1.760622170195206656e+18 1.000000000000000000e+01
1.760622170261889792e+18 1.000000000000000000e+01
1.760622170328365568e+18 1.000000000000000000e+01
1.760622170395241728e+18 1.000000000000000000e+01
1.760622170461869824e+18 1.000000000000000000e+01
1.760622170661832448e+18 2.300000000000000000e+01
1.760622170728345600e+18 2.300000000000000000e+01
1.760622170795240704e+18 2.300000000000000000e+01
1.760622170861732608e+18 2.300000000000000000e+01
1.760622170928612608e+18 2.300000000000000000e+01
1.760622170995233792e+18 2.300000000000000000e+01
1.760622171061742848e+18 2.300000000000000000e+01
1.760622171128571648e+18 5.900000000000000000e+01
1.760622171195233536e+18 5.900000000000000000e+01
1.760622171261703680e+18 5.900000000000000000e+01
1.760622171328622592e+18 5.900000000000000000e+01
1.760622171395197696e+18 5.900000000000000000e+01
1.760622171461746688e+18 5.900000000000000000e+01
1.760622171528573696e+18 5.900000000000000000e+01
1.760622171595229696e+18 6.280000000000000000e+02
1.760622171661730816e+18 6.280000000000000000e+02
1.760622171728593664e+18 6.280000000000000000e+02
1.760622171861835776e+18 6.280000000000000000e+02
1.760622171995086592e+18 6.280000000000000000e+02
1.760622172128574720e+18 9.990000000000000000e+02
1.760622172228620800e+18 9.990000000000000000e+02
1.760622172261970688e+18 9.990000000000000000e+02
1.760622172328604672e+18 9.990000000000000000e+02
1.760622172395075840e+18 9.990000000000000000e+02
1.760622172461971712e+18 9.990000000000000000e+02
1.760622172595057664e+18 9.990000000000000000e+02
1.760622172661982720e+18 9.990000000000000000e+02
1.760622172728574720e+18 9.990000000000000000e+02
1.760622172895208704e+18 9.990000000000000000e+02
1.760622172928436736e+18 9.990000000000000000e+02
1.760622172995237632e+18 9.990000000000000000e+02
1.760622173061955584e+18 9.990000000000000000e+02
1.760622173128452864e+18 9.900000000000000000e+01
1.760622173228428544e+18 6.390000000000000000e+02
1.760622173261964800e+18 6.390000000000000000e+02
1.760622173328469760e+18 6.390000000000000000e+02
1.760622173395333888e+18 6.390000000000000000e+02
1.760622173461981696e+18 6.390000000000000000e+02
1.760622173561933824e+18 6.390000000000000000e+02
1.760622173595316736e+18 6.390000000000000000e+02
1.760622173661973760e+18 2.660000000000000000e+02
1.760622173728439552e+18 2.660000000000000000e+02
1.760622173795336704e+18 2.660000000000000000e+02
1.760622173895257600e+18 2.660000000000000000e+02
1.760622173961788672e+18 2.660000000000000000e+02
1.760622174028533760e+18 2.660000000000000000e+02
1.760622174095275520e+18 2.660000000000000000e+02
1.760622174128697600e+18 2.660000000000000000e+02
1.760622174228668672e+18 1.030000000000000000e+02
1.760622174295270656e+18 1.030000000000000000e+02
1.760622174361777664e+18 1.030000000000000000e+02
1.760622174428640512e+18 1.030000000000000000e+02
1.760622174628646656e+18 1.030000000000000000e+02
1.760622174761801728e+18 8.500000000000000000e+01
1.760622174961783552e+18 8.500000000000000000e+01
1.760622175028635648e+18 8.500000000000000000e+01
1.760622175095137536e+18 8.500000000000000000e+01
1.760622175695134720e+18 6.600000000000000000e+01
1.760622175762058752e+18 6.600000000000000000e+01
1.760622175828647680e+18 6.600000000000000000e+01
1.760622175895151616e+18 6.600000000000000000e+01
1.760622175962070784e+18 6.600000000000000000e+01
1.760622176028650752e+18 6.600000000000000000e+01
1.760622176095242752e+18 6.600000000000000000e+01
1.760622176161991680e+18 6.600000000000000000e+01
1.760622176295429632e+18 6.500000000000000000e+01
1.760622176361991680e+18 6.500000000000000000e+01
1.760622176428489728e+18 6.500000000000000000e+01
1.760622176495410688e+18 6.500000000000000000e+01
1.760622176562004480e+18 6.500000000000000000e+01
1.760622176628520704e+18 6.500000000000000000e+01
1.760622176695426816e+18 6.500000000000000000e+01
1.760622176961983744e+18 4.500000000000000000e+01
1.760622177095378688e+18 4.500000000000000000e+01
1.760622177161905664e+18 4.500000000000000000e+01
1.760622177228778496e+18 3.400000000000000000e+01
1.760622177295392768e+18 3.400000000000000000e+01
1.760622177361907712e+18 3.400000000000000000e+01
1.760622177695389696e+18 3.400000000000000000e+01
1.760622177761921536e+18 2.100000000000000000e+01
1.760622177828785664e+18 2.100000000000000000e+01
1.760622177928747776e+18 2.100000000000000000e+01
1.760622177961882624e+18 2.100000000000000000e+01
1.760622178028718592e+18 2.100000000000000000e+01
1.760622178162019840e+18 2.100000000000000000e+01
1.760622178262123520e+18 2.000000000000000000e+01
1.760622178295241472e+18 2.000000000000000000e+01
1.760622178362116608e+18 2.000000000000000000e+01
1.760622178428747776e+18 2.000000000000000000e+01
1.760622178495228672e+18 2.000000000000000000e+01
1.760622178595223552e+18 2.000000000000000000e+01
1.760622178628731648e+18 2.000000000000000000e+01
1.760622178695228672e+18 2.000000000000000000e+01
1.760622178762113536e+18 2.700000000000000000e+01
1.760622178828771584e+18 2.700000000000000000e+01
1.760622178928710656e+18 2.700000000000000000e+01
1.760622178962121728e+18 2.700000000000000000e+01
1.760622179028742912e+18 2.700000000000000000e+01
1.760622179095246848e+18 2.700000000000000000e+01
1.760622179162125568e+18 2.700000000000000000e+01
1.760622179295448832e+18 2.500000000000000000e+01
1.760622179362127872e+18 2.500000000000000000e+01
1.760622179428613632e+18 2.500000000000000000e+01
1.760622179528581632e+18 2.500000000000000000e+01
1.760622179595438592e+18 2.500000000000000000e+01
1.760622179628601856e+18 2.500000000000000000e+01
1.760622179728580608e+18 2.500000000000000000e+01
1.760622179795431680e+18 2.200000000000000000e+01
1.760622179862102784e+18 2.200000000000000000e+01
1.760622179928562688e+18 2.200000000000000000e+01
1.760622179995436544e+18 2.200000000000000000e+01
1.760622180062064640e+18 2.200000000000000000e+01
1.760622180128557568e+18 2.200000000000000000e+01
1.760622180195456768e+18 2.200000000000000000e+01
1.760622180261932544e+18 1.700000000000000000e+01
1.760622180328817664e+18 1.100000000000000000e+01
1.760622180395413760e+18 1.100000000000000000e+01
1.760622180461916672e+18 1.100000000000000000e+01
1.760622180661974784e+18 1.100000000000000000e+01
1.760622180728802560e+18 1.100000000000000000e+01
1.760622180795426560e+18 2.000000000000000000e+01
1.760622180928799744e+18 2.000000000000000000e+01
1.760622180995440640e+18 2.000000000000000000e+01
1.760622181061919744e+18 2.000000000000000000e+01
1.760622181128793600e+18 2.000000000000000000e+01
1.760622181195415808e+18 2.000000000000000000e+01
1.760622181328842752e+18 3.300000000000000000e+01
1.760622181395288832e+18 3.300000000000000000e+01
1.760622181462237696e+18 3.300000000000000000e+01
1.760622181528792576e+18 3.300000000000000000e+01
1.760622181595346688e+18 3.300000000000000000e+01
1.760622181662205696e+18 3.300000000000000000e+01
1.760622181728793600e+18 3.300000000000000000e+01
1.760622182328678656e+18 6.100000000000000000e+01
1.760622182395453696e+18 6.100000000000000000e+01
1.760622182662161664e+18 6.100000000000000000e+01
1.760622182728665600e+18 6.100000000000000000e+01
1.760622182795540480e+18 3.500000000000000000e+01
1.760622182862161664e+18 3.500000000000000000e+01
1.760622182928664576e+18 3.500000000000000000e+01
1.760622182995546624e+18 3.500000000000000000e+01
1.760622183062202624e+18 3.500000000000000000e+01
1.760622183128680704e+18 3.500000000000000000e+01
1.760622183195534592e+18 3.500000000000000000e+01
1.760622183295552768e+18 3.500000000000000000e+01
1.760622183328805632e+18 3.600000000000000000e+01
1.760622183395532544e+18 3.600000000000000000e+01
1.760622183462065664e+18 3.600000000000000000e+01
1.760622183528938752e+18 3.600000000000000000e+01
1.760622183628915712e+18 3.600000000000000000e+01
1.760622183728918784e+18 3.600000000000000000e+01
1.760622183795545600e+18 3.600000000000000000e+01
1.760622183862055680e+18 4.900000000000000000e+01
1.760622183962057472e+18 4.900000000000000000e+01
1.760622184128880640e+18 4.900000000000000000e+01
1.760622184195539712e+18 4.900000000000000000e+01
1.760622184328947712e+18 9.000000000000000000e+00
1.760622184395499776e+18 5.300000000000000000e+01
1.760622184462158592e+18 5.300000000000000000e+01
1.760622184628900864e+18 5.300000000000000000e+01
1.760622184695342848e+18 5.300000000000000000e+01
1.760622184762266624e+18 5.300000000000000000e+01
1.760622184895368704e+18 6.200000000000000000e+01
1.760622184962241536e+18 6.200000000000000000e+01
1.760622185028870656e+18 6.200000000000000000e+01
1.760622185095363584e+18 6.200000000000000000e+01
1.760622185162241792e+18 6.200000000000000000e+01
1.760622185228863744e+18 6.200000000000000000e+01
1.760622185295423744e+18 6.200000000000000000e+01
1.760622185362234624e+18 3.400000000000000000e+01
1.760622185428852736e+18 3.400000000000000000e+01
1.760622185495484672e+18 3.000000000000000000e+00
1.760622185628725760e+18 3.400000000000000000e+01
1.760622185695643648e+18 3.400000000000000000e+01
1.760622185828738816e+18 3.400000000000000000e+01
1.760622185895596800e+18 3.100000000000000000e+01
1.760622185962222592e+18 3.100000000000000000e+01
1.760622186162226688e+18 3.100000000000000000e+01
1.760622186228714752e+18 3.100000000000000000e+01
1.760622186295691776e+18 3.100000000000000000e+01
1.760622186895580672e+18 6.500000000000000000e+01
1.760622186962156800e+18 4.500000000000000000e+01
1.760622187028951552e+18 4.500000000000000000e+01
1.760622187095583744e+18 4.500000000000000000e+01
1.760622187162076672e+18 4.500000000000000000e+01
1.760622187228986624e+18 4.500000000000000000e+01
1.760622187295630592e+18 6.500000000000000000e+01
1.760622187362190848e+18 4.500000000000000000e+01
1.760622187429002752e+18 3.100000000000000000e+01
1.760622187562209536e+18 3.100000000000000000e+01
1.760622187629001728e+18 3.100000000000000000e+01
1.760622187695470592e+18 3.100000000000000000e+01
1.760622187762325760e+18 3.100000000000000000e+01
1.760622187828988672e+18 3.100000000000000000e+01
1.760622187895445504e+18 3.000000000000000000e+01
1.760622187962370560e+18 2.000000000000000000e+01
1.760622188028960768e+18 2.000000000000000000e+01
1.760622188095493888e+18 2.000000000000000000e+01
1.760622188162327808e+18 2.000000000000000000e+01
1.760622188228945664e+18 2.000000000000000000e+01
1.760622188328967680e+18 2.000000000000000000e+01
1.760622188362380800e+18 2.000000000000000000e+01
1.760622188428955904e+18 1.200000000000000000e+01
1.760622188495495680e+18 1.200000000000000000e+01
1.760622188562327552e+18 1.200000000000000000e+01
1.760622188628823808e+18 1.200000000000000000e+01
1.760622188762331648e+18 1.200000000000000000e+01
1.760622188962304512e+18 3.200000000000000000e+01
1.760622189028801792e+18 3.200000000000000000e+01
1.760622189095700736e+18 3.200000000000000000e+01
1.760622189228810752e+18 3.200000000000000000e+01
1.760622189362316544e+18 3.200000000000000000e+01
1.760622189428809728e+18 3.100000000000000000e+01
1.760622189495738624e+18 3.100000000000000000e+01
1.760622189562327552e+18 3.100000000000000000e+01
1.760622189695691520e+18 3.100000000000000000e+01
1.760622189762211584e+18 3.100000000000000000e+01
1.760622189995675648e+18 2.200000000000000000e+01
1.760622190095686656e+18 2.200000000000000000e+01
1.760622190162189824e+18 2.200000000000000000e+01
1.760622190229063680e+18 2.200000000000000000e+01
1.760622190329050880e+18 2.200000000000000000e+01
1.760622190362185728e+18 2.200000000000000000e+01
1.760622190429060608e+18 1.700000000000000000e+01
1.760622190562248704e+18 1.100000000000000000e+01
1.760622190662285568e+18 1.100000000000000000e+01
1.760622190729024768e+18 1.100000000000000000e+01
1.760622190795495680e+18 1.100000000000000000e+01
1.760622190862391808e+18 1.100000000000000000e+01
1.760622191395468800e+18 6.000000000000000000e+00
1.760622191462393856e+18 2.100000000000000000e+01
1.760622191529004544e+18 2.100000000000000000e+01
1.760622191595509760e+18 2.100000000000000000e+01
1.760622191662384640e+18 2.100000000000000000e+01
1.760622191728878848e+18 2.100000000000000000e+01
1.760622191795631616e+18 2.100000000000000000e+01
1.760622191862406656e+18 2.100000000000000000e+01
1.760622191928874752e+18 2.100000000000000000e+01
1.760622192062373632e+18 7.000000000000000000e+00
1.760622192395722752e+18 1.700000000000000000e+01
1.760622193529124864e+18 5.000000000000000000e+00
1.760622193595761664e+18 5.000000000000000000e+00
1.760622193662275840e+18 5.000000000000000000e+00
1.760622193729155840e+18 5.000000000000000000e+00
1.760622193795765760e+18 5.000000000000000000e+00
1.760622193862400768e+18 5.000000000000000000e+00
1.760622193929140480e+18 5.000000000000000000e+00
1.760622193995647744e+18 5.300000000000000000e+01
1.760622194062511616e+18 1.300000000000000000e+01
1.760622194129138688e+18 1.300000000000000000e+01
1.760622194195626752e+18 1.300000000000000000e+01
1.760622194262497536e+18 1.300000000000000000e+01
1.760622194362505728e+18 1.300000000000000000e+01
1.760622194395619584e+18 1.300000000000000000e+01
1.760622194462528768e+18 1.300000000000000000e+01
1.760622194529112576e+18 1.600000000000000000e+01
1.760622194695576576e+18 1.600000000000000000e+01
1.760622194729132544e+18 1.600000000000000000e+01
1.760622194795583744e+18 1.600000000000000000e+01
1.760622194862473728e+18 1.600000000000000000e+01
1.760622194928997632e+18 1.600000000000000000e+01
1.760622195028957696e+18 1.300000000000000000e+01
1.760622195062488832e+18 1.300000000000000000e+01
1.760622195128993792e+18 1.300000000000000000e+01
1.760622195195873792e+18 1.300000000000000000e+01
1.760622195262514688e+18 1.300000000000000000e+01
1.760622195362474752e+18 1.300000000000000000e+01
1.760622195395879680e+18 1.300000000000000000e+01
1.760622195462507776e+18 1.300000000000000000e+01
1.760622195528995840e+18 2.000000000000000000e+00
1.760622195595859712e+18 2.000000000000000000e+00
1.760622195695784448e+18 2.000000000000000000e+00
1.760622195729032704e+18 2.000000000000000000e+00
1.760622195795859456e+18 2.000000000000000000e+00
1.760622195862502656e+18 2.000000000000000000e+00
1.760622195929119488e+18 2.000000000000000000e+00
1.760622196029196800e+18 1.000000000000000000e+01
1.760622196062360832e+18 1.000000000000000000e+01
1.760622196162307840e+18 1.000000000000000000e+01
1.760622196229199616e+18 1.000000000000000000e+01
1.760622196295798784e+18 1.000000000000000000e+01
1.760622196362309632e+18 1.000000000000000000e+01
1.760622196429186560e+18 1.000000000000000000e+01
1.760622196495812608e+18 1.000000000000000000e+01
1.760622196562303744e+18 2.500000000000000000e+01
1.760622196629189632e+18 2.500000000000000000e+01
1.760622196762333696e+18 2.500000000000000000e+01
1.760622196829180672e+18 2.500000000000000000e+01
1.760622196895848704e+18 2.500000000000000000e+01
1.760622196962428672e+18 2.500000000000000000e+01
1.760622197029177600e+18 2.500000000000000000e+01
1.760622197095677696e+18 2.600000000000000000e+01
1.760622197162556672e+18 2.600000000000000000e+01
1.760622197229180672e+18 2.600000000000000000e+01
1.760622197295673600e+18 2.600000000000000000e+01
1.760622197362527488e+18 2.600000000000000000e+01
1.760622197495673600e+18 2.600000000000000000e+01
1.760622197562598656e+18 2.700000000000000000e+01
1.760622197629174784e+18 2.700000000000000000e+01
1.760622197695673600e+18 2.700000000000000000e+01
1.760622197762541824e+18 2.700000000000000000e+01
1.760622197829170688e+18 2.700000000000000000e+01
1.760622197895645696e+18 2.700000000000000000e+01
1.760622197962602496e+18 2.700000000000000000e+01
1.760622198029046784e+18 2.700000000000000000e+01
1.760622198162589696e+18 2.100000000000000000e+01
1.760622198229064704e+18 2.100000000000000000e+01
1.760622198295964672e+18 2.100000000000000000e+01
1.760622198362569472e+18 2.100000000000000000e+01
1.760622198429052672e+18 2.100000000000000000e+01
1.760622198695926784e+18 1.900000000000000000e+01
1.760622198762526720e+18 1.900000000000000000e+01
1.760622198829092864e+18 1.900000000000000000e+01
1.760622198962573824e+18 1.900000000000000000e+01
1.760622199029192704e+18 1.900000000000000000e+01
1.760622199095925504e+18 2.500000000000000000e+01
1.760622199162409728e+18 2.500000000000000000e+01
1.760622199295915520e+18 2.500000000000000000e+01
1.760622199362628608e+18 2.500000000000000000e+01
1.760622199429264896e+18 2.500000000000000000e+01
1.760622199495920640e+18 2.500000000000000000e+01
1.760622199562415616e+18 2.500000000000000000e+01
1.760622199629297664e+18 3.100000000000000000e+01
1.760622199729265664e+18 3.100000000000000000e+01
1.760622199762419712e+18 3.100000000000000000e+01
1.760622199829289728e+18 3.100000000000000000e+01
1.760622199895903488e+18 3.100000000000000000e+01
1.760622199962462720e+18 3.100000000000000000e+01
1.760622200062535680e+18 3.100000000000000000e+01
1.760622200495798528e+18 1.700000000000000000e+01
1.760622201162679552e+18 2.500000000000000000e+01
1.760622201296061696e+18 2.500000000000000000e+01
1.760622201395996672e+18 2.500000000000000000e+01
1.760622201595998720e+18 2.500000000000000000e+01
1.760622201629212672e+18 3.700000000000000000e+01
1.760622201729115648e+18 3.700000000000000000e+01
1.760622201795994880e+18 3.700000000000000000e+01
1.760622201862618624e+18 3.700000000000000000e+01
1.760622201995980800e+18 3.700000000000000000e+01
1.760622202062598656e+18 3.700000000000000000e+01
1.760622202129226752e+18 5.000000000000000000e+01
1.760622202195977728e+18 5.000000000000000000e+01
1.760622202262482688e+18 5.000000000000000000e+01
1.760622202329358592e+18 5.000000000000000000e+01
1.760622202396001536e+18 5.000000000000000000e+01
1.760622202462476800e+18 5.000000000000000000e+01
1.760622202529346816e+18 5.000000000000000000e+01
1.760622202662536704e+18 5.300000000000000000e+01
1.760622202729339648e+18 5.300000000000000000e+01
1.760622202795966720e+18 5.300000000000000000e+01
1.760622202862467840e+18 5.300000000000000000e+01
1.760622202929368832e+18 5.300000000000000000e+01
1.760622202995936512e+18 5.300000000000000000e+01
1.760622203062504704e+18 5.300000000000000000e+01
1.760622203129375744e+18 5.300000000000000000e+01
1.760622203262626560e+18 5.700000000000000000e+01
1.760622203729829888e+18 7.000000000000000000e+01
1.760622203862744576e+18 7.000000000000000000e+01
1.760622203929329664e+18 7.000000000000000000e+01
1.760622204062711808e+18 7.000000000000000000e+01
1.760622204195842816e+18 7.200000000000000000e+01
1.760622204329202688e+18 7.200000000000000000e+01
1.760622204396096768e+18 7.200000000000000000e+01
1.760622204529216768e+18 7.200000000000000000e+01
1.760622204596084480e+18 7.200000000000000000e+01
1.760622204762715648e+18 7.300000000000000000e+01
1.760622205096090880e+18 7.300000000000000000e+01
1.760622205129216768e+18 1.300000000000000000e+01
1.760622205196072704e+18 7.600000000000000000e+01
1.760622205462592512e+18 7.600000000000000000e+01
1.760622205662553856e+18 7.600000000000000000e+01
1.760622205762570496e+18 8.200000000000000000e+01
1.760622205796083712e+18 8.200000000000000000e+01
1.760622205862547712e+18 8.200000000000000000e+01
1.760622205929452544e+18 8.200000000000000000e+01
1.760622205996092672e+18 8.200000000000000000e+01
1.760622206096051712e+18 8.200000000000000000e+01
1.760622206129472768e+18 8.200000000000000000e+01
1.760622206429423616e+18 8.000000000000000000e+00
1.760622206462841856e+18 8.400000000000000000e+01
1.760622206595937792e+18 8.400000000000000000e+01
1.760622206762786560e+18 8.200000000000000000e+01
1.760622206829396736e+18 8.200000000000000000e+01
1.760622206862822656e+18 8.200000000000000000e+01
1.760622206929464576e+18 8.200000000000000000e+01
1.760622206995948800e+18 8.200000000000000000e+01
1.760622207095899648e+18 8.200000000000000000e+01
1.760622207162760704e+18 8.200000000000000000e+01
1.760622207196009728e+18 8.200000000000000000e+01
1.760622207295907840e+18 8.000000000000000000e+01
1.760622207362825728e+18 8.000000000000000000e+01
1.760622207429302784e+18 8.000000000000000000e+01
1.760622207496125696e+18 8.000000000000000000e+01
1.760622207562746880e+18 8.000000000000000000e+01
1.760622207629264640e+18 8.000000000000000000e+01
1.760622207696128512e+18 8.000000000000000000e+01
1.760622207896116736e+18 7.800000000000000000e+01
1.760622208096136448e+18 7.800000000000000000e+01
1.760622208162791680e+18 7.800000000000000000e+01
1.760622208296096512e+18 8.000000000000000000e+01
1.760622208362777600e+18 8.000000000000000000e+01
1.760622208429378816e+18 8.000000000000000000e+01
1.760622208496161792e+18 8.000000000000000000e+01
1.760622208562625536e+18 8.000000000000000000e+01
1.760622208629540608e+18 8.000000000000000000e+01
1.760622208696125696e+18 8.000000000000000000e+01
1.760622208829533696e+18 1.100000000000000000e+01
1.760622208962627584e+18 -1.100000000000000000e+01
1.760622209096131584e+18 -1.100000000000000000e+01
1.760622209429499648e+18 8.400000000000000000e+01
1.760622209629497856e+18 8.400000000000000000e+01
1.760622209762911744e+18 8.200000000000000000e+01
1.760622209829496576e+18 8.200000000000000000e+01
1.760622209895975680e+18 8.200000000000000000e+01
1.760622209962898688e+18 8.200000000000000000e+01
1.760622210029510656e+18 8.200000000000000000e+01
1.760622210095999744e+18 8.200000000000000000e+01
1.760622210162883840e+18 8.200000000000000000e+01
1.760622210229489664e+18 8.200000000000000000e+01
1.760622210295994880e+18 7.600000000000000000e+01
1.760622210362875648e+18 7.600000000000000000e+01
1.760622210496126720e+18 7.600000000000000000e+01
1.760622210629374720e+18 7.600000000000000000e+01
1.760622210829418752e+18 7.800000000000000000e+01
1.760622210896225792e+18 7.800000000000000000e+01
1.760622211029365760e+18 7.800000000000000000e+01
1.760622211129377536e+18 7.800000000000000000e+01
1.760622211229359616e+18 7.800000000000000000e+01
1.760622211296264704e+18 8.200000000000000000e+01
1.760622211362921728e+18 8.200000000000000000e+01
1.760622211462891520e+18 8.200000000000000000e+01
1.760622211496223744e+18 8.200000000000000000e+01
1.760622211562941696e+18 8.200000000000000000e+01
1.760622211629591808e+18 8.200000000000000000e+01
1.760622211696277504e+18 8.200000000000000000e+01
1.760622211796207616e+18 8.000000000000000000e+01
1.760622211829626880e+18 8.000000000000000000e+01
1.760622211896233728e+18 8.000000000000000000e+01
1.760622211962742528e+18 8.000000000000000000e+01
1.760622212029621504e+18 8.000000000000000000e+01
1.760622212129586688e+18 8.000000000000000000e+01
1.760622212162747648e+18 8.000000000000000000e+01
1.760622212229638656e+18 8.000000000000000000e+01
1.760622212329589504e+18 8.000000000000000000e+01
1.760622212396192768e+18 8.000000000000000000e+01
1.760622212462707712e+18 8.000000000000000000e+01
1.760622212529578752e+18 8.000000000000000000e+01
1.760622212662838784e+18 8.000000000000000000e+01
1.760622212729527808e+18 8.000000000000000000e+01
1.760622212796081664e+18 8.000000000000000000e+01
1.760622212929569792e+18 9.000000000000000000e+00
1.760622213196063744e+18 8.000000000000000000e+00
1.760622213862978816e+18 7.900000000000000000e+01
1.760622213929408768e+18 7.900000000000000000e+01
1.760622213996299776e+18 7.900000000000000000e+01
1.760622214063127808e+18 7.900000000000000000e+01
1.760622214129483776e+18 7.900000000000000000e+01
1.760622214196295680e+18 7.900000000000000000e+01
1.760622214262918656e+18 7.900000000000000000e+01
1.760622214596289536e+18 8.000000000000000000e+00
1.760622214929677824e+18 7.600000000000000000e+01
1.760622214996281600e+18 7.600000000000000000e+01
1.760622215329702656e+18 7.600000000000000000e+01
1.760622215529707776e+18 7.300000000000000000e+01
1.760622215662796800e+18 7.300000000000000000e+01
1.760622215729648640e+18 7.300000000000000000e+01
1.760622215996179456e+18 7.000000000000000000e+01
1.760622216063038464e+18 7.000000000000000000e+01
1.760622216263059712e+18 7.000000000000000000e+01
1.760622216396167680e+18 6.900000000000000000e+01
1.760622216463049728e+18 6.900000000000000000e+01
1.760622216529637632e+18 5.900000000000000000e+01
1.760622216596176640e+18 5.900000000000000000e+01
1.760622216829535744e+18 5.900000000000000000e+01
1.760622217962865664e+18 8.200000000000000000e+01
1.760622218096352512e+18 8.200000000000000000e+01
1.760622218162864640e+18 8.200000000000000000e+01
1.760622218229730560e+18 8.200000000000000000e+01
1.760622218496351744e+18 8.000000000000000000e+00
1.760622218562860800e+18 8.400000000000000000e+01
1.760622218696331776e+18 8.400000000000000000e+01
1.760622218762855680e+18 8.400000000000000000e+01
1.760622218829768704e+18 8.000000000000000000e+00
1.760622219429716480e+18 8.900000000000000000e+01
1.760622219496212736e+18 8.900000000000000000e+01
1.760622219563069696e+18 8.900000000000000000e+01
1.760622219629712640e+18 8.900000000000000000e+01
1.760622219696198656e+18 8.900000000000000000e+01
1.760622219829741824e+18 8.900000000000000000e+01
1.760622219896374784e+18 8.900000000000000000e+01
1.760622220029648896e+18 8.900000000000000000e+01
1.760622220096478720e+18 8.900000000000000000e+01
1.760622220163114752e+18 8.900000000000000000e+01
1.760622220229600768e+18 8.900000000000000000e+01
1.760622220296430592e+18 8.900000000000000000e+01
1.760622220363098624e+18 8.900000000000000000e+01
1.760622220429580800e+18 8.900000000000000000e+01
1.760622220496460800e+18 8.900000000000000000e+01
1.760622220563099648e+18 8.900000000000000000e+01
1.760622220629546752e+18 8.900000000000000000e+01
1.760622220696459776e+18 8.900000000000000000e+01
1.760622220763083776e+18 8.900000000000000000e+01
1.760622220829606656e+18 8.900000000000000000e+01
1.760622221029711616e+18 8.600000000000000000e+01
1.760622221196456704e+18 8.600000000000000000e+01
1.760622221229833728e+18 8.600000000000000000e+01
1.760622221363001600e+18 8.600000000000000000e+01
1.760622223529638656e+18 6.200000000000000000e+01
1.760622223596526592e+18 6.200000000000000000e+01
1.760622223663142656e+18 6.200000000000000000e+01
1.760622223729643520e+18 6.200000000000000000e+01
1.760622223796521728e+18 6.200000000000000000e+01
1.760622223863157760e+18 6.200000000000000000e+01
1.760622223929657600e+18 6.200000000000000000e+01
1.760622223996519680e+18 6.200000000000000000e+01
1.760622224063136512e+18 6.200000000000000000e+01
1.760622224129767680e+18 6.200000000000000000e+01
1.760622224196516864e+18 6.200000000000000000e+01
1.760622224263019520e+18 6.200000000000000000e+01
1.760622224529892608e+18 6.000000000000000000e+01
1.760622224596554752e+18 6.000000000000000000e+01
1.760622224663052800e+18 5.000000000000000000e+01
1.760622224729912832e+18 6.000000000000000000e+01
1.760622224796542720e+18 5.000000000000000000e+01
1.760622224863013632e+18 6.000000000000000000e+01
1.760622224929904640e+18 0.000000000000000000e+00
1.760622224996545792e+18 6.000000000000000000e+01
1.760622225063021568e+18 6.000000000000000000e+01
1.760622225129919744e+18 6.000000000000000000e+01
1.760622225196381696e+18 6.000000000000000000e+01
1.760622225263292672e+18 5.000000000000000000e+01
1.760622225329928704e+18 6.000000000000000000e+01
1.760622225396386560e+18 5.000000000000000000e+01
1.760622225463310592e+18 5.000000000000000000e+01
1.760622225529892608e+18 6.000000000000000000e+01
1.760622225596391680e+18 6.200000000000000000e+01
1.760622225663302656e+18 6.200000000000000000e+01
1.760622225729867776e+18 6.200000000000000000e+01
1.760622225796365824e+18 6.200000000000000000e+01
1.760622225863282688e+18 6.200000000000000000e+01
1.760622225996381696e+18 6.200000000000000000e+01
1.760622226063258624e+18 6.000000000000000000e+01
1.760622226129885696e+18 6.000000000000000000e+01
1.760622226196551680e+18 6.000000000000000000e+01
1.760622226263250688e+18 6.000000000000000000e+01
1.760622226329768704e+18 6.000000000000000000e+01
1.760622226396634624e+18 6.000000000000000000e+01
1.760622226463274752e+18 6.000000000000000000e+01
1.760622227563122688e+18 5.900000000000000000e+01
1.760622227796647680e+18 5.900000000000000000e+01
1.760622228229982720e+18 5.600000000000000000e+01
1.760622228396488704e+18 6.600000000000000000e+01
1.760622228563344640e+18 6.600000000000000000e+01
1.760622228963359488e+18 6.600000000000000000e+01
1.760622229096439552e+18 5.800000000000000000e+01
1.760622229163326720e+18 5.800000000000000000e+01
1.760622229296565760e+18 5.800000000000000000e+01
1.760622229363336448e+18 5.800000000000000000e+01
1.760622229429813504e+18 5.800000000000000000e+01
1.760622229496684800e+18 5.800000000000000000e+01
1.760622229563367680e+18 5.800000000000000000e+01
1.760622229629862912e+18 5.900000000000000000e+01
1.760622229696727808e+18 5.900000000000000000e+01
1.760622229763317504e+18 5.900000000000000000e+01
1.760622229829814784e+18 5.900000000000000000e+01
1.760622229896677632e+18 5.900000000000000000e+01
1.760622229963309824e+18 5.900000000000000000e+01
1.760622230029835776e+18 5.900000000000000000e+01
1.760622230229793792e+18 5.300000000000000000e+01
1.760622230296675584e+18 5.300000000000000000e+01
1.760622230363293696e+18 5.300000000000000000e+01
1.760622230429920768e+18 5.300000000000000000e+01
1.760622230496673536e+18 5.300000000000000000e+01
1.760622230563204864e+18 5.300000000000000000e+01
1.760622231163195648e+18 6.800000000000000000e+01
1.760622231230029568e+18 5.800000000000000000e+01
1.760622231296677632e+18 5.800000000000000000e+01
1.760622231496530688e+18 6.800000000000000000e+01
1.760622231563438592e+18 6.800000000000000000e+01
1.760622231763450624e+18 7.000000000000000000e+01
1.760622231930055680e+18 7.000000000000000000e+01
1.760622233396739840e+18 7.000000000000000000e+01
1.760622233530014720e+18 7.000000000000000000e+01
1.760622233596776704e+18 7.000000000000000000e+01
1.760622233796805632e+18 6.800000000000000000e+01
1.760622233863245824e+18 6.800000000000000000e+01
1.760622233930130688e+18 6.800000000000000000e+01
1.760622233996744704e+18 6.800000000000000000e+01
1.760622234130124544e+18 6.800000000000000000e+01
1.760622234863509760e+18 6.600000000000000000e+01
1.760622234930100736e+18 6.600000000000000000e+01
1.760622235130106624e+18 6.600000000000000000e+01
1.760622235196619776e+18 5.900000000000000000e+01
1.760622235263486720e+18 5.900000000000000000e+01
1.760622235330097664e+18 5.900000000000000000e+01
1.760622235396588544e+18 5.900000000000000000e+01
1.760622235463473920e+18 5.900000000000000000e+01
1.760622235530097664e+18 5.900000000000000000e+01
1.760622235596716544e+18 5.900000000000000000e+01
1.760622235663696640e+18 5.900000000000000000e+01
1.760622236529982464e+18 5.500000000000000000e+01
1.760622236730092800e+18 5.900000000000000000e+01
1.760622236796859648e+18 5.900000000000000000e+01
1.760622236863371520e+18 5.900000000000000000e+01
1.760622236996850688e+18 5.900000000000000000e+01
1.760622237263349760e+18 6.900000000000000000e+01
1.760622237396828672e+18 5.900000000000000000e+01
1.760622237530262784e+18 5.900000000000000000e+01
1.760622237663460608e+18 5.900000000000000000e+01
1.760622237796692736e+18 5.300000000000000000e+01
1.760622237863605760e+18 5.300000000000000000e+01
1.760622237963597824e+18 5.300000000000000000e+01
1.760622238030200832e+18 6.300000000000000000e+01
1.760622238096698880e+18 5.300000000000000000e+01
1.760622238163571712e+18 6.300000000000000000e+01
1.760622238230188544e+18 6.300000000000000000e+01
1.760622238296713472e+18 6.200000000000000000e+01
1.760622238363577600e+18 6.200000000000000000e+01
1.760622238430217728e+18 6.200000000000000000e+01
1.760622238496706816e+18 6.200000000000000000e+01
1.760622238563572736e+18 6.200000000000000000e+01
1.760622238630201600e+18 6.200000000000000000e+01
1.760622238696827648e+18 6.200000000000000000e+01
1.760622238763556608e+18 5.800000000000000000e+01
1.760622238896928768e+18 5.800000000000000000e+01
1.760622238963544576e+18 5.800000000000000000e+01
1.760622239030043648e+18 5.800000000000000000e+01
1.760622239096883712e+18 5.800000000000000000e+01
1.760622239163534592e+18 5.800000000000000000e+01
1.760622239230021632e+18 5.800000000000000000e+01
1.760622239296909568e+18 6.000000000000000000e+01
1.760622239363539712e+18 6.000000000000000000e+01
1.760622239430013696e+18 6.000000000000000000e+01
1.760622239496877568e+18 6.000000000000000000e+01
1.760622239563532544e+18 6.000000000000000000e+01
1.760622239630037760e+18 6.000000000000000000e+01
1.760622239696898816e+18 6.000000000000000000e+01
1.760622239830164736e+18 5.600000000000000000e+01
1.760622239896899584e+18 5.600000000000000000e+01
1.760622239963425536e+18 5.600000000000000000e+01
1.760622240030275584e+18 5.600000000000000000e+01
1.760622240096900608e+18 5.600000000000000000e+01
1.760622240163438848e+18 5.600000000000000000e+01
1.760622240230232832e+18 5.600000000000000000e+01
1.760622240296897536e+18 6.000000000000000000e+01
1.760622240363430656e+18 6.000000000000000000e+01
1.760622240430273792e+18 6.000000000000000000e+01
1.760622240496892672e+18 5.000000000000000000e+01
1.760622240563409664e+18 5.000000000000000000e+01
1.760622240630274816e+18 5.000000000000000000e+01
1.760622240696889600e+18 6.000000000000000000e+01
1.760622240763395840e+18 6.000000000000000000e+01
1.760622240896762624e+18 6.600000000000000000e+01
1.760622241030259712e+18 6.600000000000000000e+01
1.760622241096786688e+18 6.600000000000000000e+01
1.760622241230300672e+18 6.600000000000000000e+01
1.760622241830261760e+18 5.300000000000000000e+01
1.760622241896885760e+18 5.300000000000000000e+01
1.760622241963654656e+18 5.300000000000000000e+01
1.760622242030127872e+18 5.300000000000000000e+01
1.760622242096969728e+18 5.300000000000000000e+01
1.760622242163658496e+18 5.300000000000000000e+01
1.760622242230133760e+18 5.300000000000000000e+01
1.760622243397011712e+18 6.600000000000000000e+01
1.760622243530414592e+18 5.600000000000000000e+01
1.760622243596987648e+18 5.600000000000000000e+01
1.760622243730362624e+18 6.600000000000000000e+01
1.760622243796991488e+18 5.600000000000000000e+01
1.760622243930393600e+18 6.600000000000000000e+01
1.760622244063738624e+18 6.600000000000000000e+01
1.760622244130352640e+18 6.600000000000000000e+01
1.760622244196876800e+18 6.600000000000000000e+01
1.760622244263795712e+18 6.600000000000000000e+01
1.760622244330369792e+18 6.000000000000000000e+01
1.760622244530346752e+18 6.900000000000000000e+01
1.760622244730344704e+18 5.900000000000000000e+01
1.760622244796859648e+18 5.900000000000000000e+01
1.760622246063561728e+18 1.300000000000000000e+01
1.760622246263595520e+18 1.300000000000000000e+01
1.760622247463836672e+18 8.200000000000000000e+01
1.760622247530480640e+18 8.200000000000000000e+01
1.760622247596905728e+18 8.200000000000000000e+01
1.760622247663809792e+18 8.200000000000000000e+01
1.760622247730436608e+18 8.200000000000000000e+01
1.760622247796931840e+18 8.200000000000000000e+01
1.760622247863839744e+18 8.200000000000000000e+01
1.760622247996927744e+18 8.600000000000000000e+01
1.760622248063806720e+18 8.600000000000000000e+01
1.760622248363803648e+18 8.600000000000000000e+01
1.760622248397206784e+18 8.600000000000000000e+01
1.760622248463812608e+18 8.300000000000000000e+01
1.760622248530321664e+18 8.300000000000000000e+01
1.760622248597181696e+18 8.300000000000000000e+01
1.760622248697200896e+18 8.300000000000000000e+01
1.760622248730297600e+18 8.300000000000000000e+01
1.760622248797158656e+18 8.300000000000000000e+01
1.760622248863802624e+18 8.300000000000000000e+01
1.760622249130420736e+18 8.000000000000000000e+00
1.760622249763667456e+18 8.000000000000000000e+00
1.760622250097125888e+18 8.400000000000000000e+01
1.760622250230490624e+18 8.400000000000000000e+01
1.760622250297012480e+18 8.400000000000000000e+01
1.760622250363905792e+18 8.400000000000000000e+01
1.760622250430493696e+18 8.000000000000000000e+00
1.760622250830504704e+18 8.000000000000000000e+00
1.760622251230482688e+18 7.300000000000000000e+01
1.760622252297217536e+18 7.200000000000000000e+01
1.760622253030586624e+18 6.800000000000000000e+01
1.760622253097175552e+18 6.800000000000000000e+01
1.760622253297209856e+18 5.800000000000000000e+01
1.760622253430588672e+18 6.800000000000000000e+01
1.760622253497088768e+18 8.800000000000000000e+01
1.760622253697061888e+18 8.600000000000000000e+01
1.760622253763946752e+18 8.600000000000000000e+01
1.760622254064035584e+18 1.900000000000000000e+01
1.760622254130581504e+18 1.900000000000000000e+01
1.760622254197092864e+18 1.900000000000000000e+01
1.760622254330593536e+18 1.900000000000000000e+01
1.760622254397203712e+18 1.900000000000000000e+01
1.760622254463951616e+18 1.900000000000000000e+01
1.760622254530462720e+18 2.200000000000000000e+01
1.760622254597328640e+18 2.200000000000000000e+01
1.760622254663953664e+18 2.200000000000000000e+01
1.760622254730448640e+18 2.200000000000000000e+01
1.760622254797285888e+18 2.200000000000000000e+01
1.760622254863935744e+18 2.200000000000000000e+01
1.760622254930433792e+18 2.200000000000000000e+01
1.760622254997303808e+18 2.200000000000000000e+01
1.760622255063973632e+18 2.300000000000000000e+01
1.760622255130432512e+18 2.300000000000000000e+01
1.760622255197303808e+18 2.300000000000000000e+01
1.760622255263968768e+18 2.300000000000000000e+01
1.760622255330426624e+18 -2.300000000000000000e+01
1.760622255397311744e+18 2.300000000000000000e+01
1.760622255463817472e+18 -2.300000000000000000e+01
1.760622255530682624e+18 2.300000000000000000e+01
1.760622255597311744e+18 2.000000000000000000e+01
1.760622255663799808e+18 2.000000000000000000e+01
1.760622255730679808e+18 2.000000000000000000e+01
1.760622255797294592e+18 2.000000000000000000e+01
1.760622255863799552e+18 2.000000000000000000e+01
1.760622255930676736e+18 2.000000000000000000e+01
1.760622255997286912e+18 2.000000000000000000e+01
1.760622256530677760e+18 -1.100000000000000000e+01
1.760622257597425664e+18 5.800000000000000000e+01
1.760622257664015872e+18 5.800000000000000000e+01
1.760622257730489856e+18 5.800000000000000000e+01
1.760622257864035584e+18 5.800000000000000000e+01
1.760622257930508544e+18 5.800000000000000000e+01
1.760622257997429504e+18 5.800000000000000000e+01
1.760622258064057600e+18 5.800000000000000000e+01
1.760622259130752512e+18 2.800000000000000000e+01
1.760622259197372672e+18 2.800000000000000000e+01
1.760622259263882752e+18 2.800000000000000000e+01
1.760622259330802688e+18 2.800000000000000000e+01
1.760622259430767872e+18 2.800000000000000000e+01
1.760622259497372672e+18 2.800000000000000000e+01
1.760622259564031488e+18 2.800000000000000000e+01
1.760622259630743808e+18 5.500000000000000000e+01
1.760622259697251840e+18 5.500000000000000000e+01
1.760622259764123648e+18 5.500000000000000000e+01
1.760622259830747648e+18 5.500000000000000000e+01
1.760622260030756608e+18 5.500000000000000000e+01
1.760622260230711808e+18 7.100000000000000000e+01
1.760622260297250816e+18 7.100000000000000000e+01
1.760622260364122624e+18 7.100000000000000000e+01
1.760622260430715648e+18 7.100000000000000000e+01
1.760622260497242624e+18 7.100000000000000000e+01
1.760622260564106752e+18 7.100000000000000000e+01
1.760622260630608896e+18 1.810000000000000000e+02
1.760622260697356800e+18 1.800000000000000000e+01
1.760622260830599680e+18 1.810000000000000000e+02
1.760622260964089600e+18 1.800000000000000000e+01
1.760622261030584576e+18 1.810000000000000000e+02
1.760622261097460736e+18 1.810000000000000000e+02
1.760622261230587648e+18 1.610000000000000000e+02
1.760622261297456640e+18 1.610000000000000000e+02
1.760622261364108544e+18 1.610000000000000000e+02
1.760622261497460480e+18 1.610000000000000000e+02
1.760622261564086784e+18 4.100000000000000000e+01
1.760622261763948800e+18 2.050000000000000000e+02
1.760622261830824704e+18 2.050000000000000000e+02
1.760622261897446656e+18 2.050000000000000000e+02
1.760622261963943680e+18 2.050000000000000000e+02
1.760622262030821632e+18 2.050000000000000000e+02
1.760622262097442560e+18 2.050000000000000000e+02
1.760622262163941632e+18 1.090000000000000000e+02
1.760622262230785536e+18 1.570000000000000000e+02
1.760622262297439488e+18 1.570000000000000000e+02
1.760622262563937792e+18 1.570000000000000000e+02
1.760622262630804736e+18 1.570000000000000000e+02
1.760622262697317632e+18 1.310000000000000000e+02
1.760622262764102656e+18 1.310000000000000000e+02
1.760622262830878720e+18 1.310000000000000000e+02
1.760622262897300736e+18 1.310000000000000000e+02
1.760622262964210688e+18 1.310000000000000000e+02
1.760622263030843648e+18 1.310000000000000000e+02
1.760622263097352704e+18 1.310000000000000000e+02
1.760622263164178688e+18 1.310000000000000000e+02
1.760622263230790656e+18 7.800000000000000000e+01
1.760622263297340672e+18 7.800000000000000000e+01
1.760622263364231680e+18 7.800000000000000000e+01
1.760622263430794752e+18 7.800000000000000000e+01
1.760622263497304576e+18 7.800000000000000000e+01
1.760622263630792704e+18 7.800000000000000000e+01
1.760622263697473792e+18 7.800000000000000000e+01
1.760622263764200704e+18 7.800000000000000000e+01
1.760622263830692864e+18 7.800000000000000000e+01
1.760622263897593856e+18 7.800000000000000000e+01
1.760622263964200704e+18 7.800000000000000000e+01
1.760622264030706688e+18 7.800000000000000000e+01
1.760622264097539584e+18 7.800000000000000000e+01
1.760622264164198656e+18 7.800000000000000000e+01
